
/home/nikolai/Documents/SemesterProjekt-2/SemesterProjekt_2/picoCode/build/picoMain.elf:     file format elf32-littlearm

Sections:
Idx Name          Size      VMA       LMA       File off  Algn
  0 .boot2        00000100  10000000  10000000  00001000  2**0
                  CONTENTS, ALLOC, LOAD, READONLY, CODE
  1 .text         0000685c  10000100  10000100  00001100  2**3
                  CONTENTS, ALLOC, LOAD, READONLY, CODE
  2 .rodata       00000668  10006960  10006960  00007960  2**3
                  CONTENTS, ALLOC, LOAD, READONLY, DATA
  3 .binary_info  00000020  10006fc8  10006fc8  00007fc8  2**2
                  CONTENTS, ALLOC, LOAD, READONLY, DATA
  4 .ram_vector_table 000000c0  20000000  20000000  0000a000  2**2
                  ALLOC
  5 .uninitialized_data 00000000  200000c0  200000c0  00009090  2**0
                  CONTENTS
  6 .data         00000fd0  200000c0  10006fe8  000080c0  2**4
                  CONTENTS, ALLOC, LOAD, READONLY, CODE
  7 .tdata        00000000  20001090  20001090  00009090  2**0
                  CONTENTS, ALLOC, LOAD, DATA, THREAD_LOCAL
  8 .tbss         00000000  20001090  20001090  00000000  2**0
                  ALLOC, THREAD_LOCAL
  9 .bss          00000f00  20001090  10007fb8  00009090  2**3
                  ALLOC
 10 .heap         00000800  20001f90  20001f90  00009090  2**2
                  CONTENTS, READONLY
 11 .scratch_x    00000000  20040000  20040000  00009890  2**0
                  CONTENTS
 12 .scratch_y    00000000  20041000  20041000  00009890  2**0
                  CONTENTS
 13 .stack_dummy  00000800  20041000  20041000  000098a0  2**5
                  CONTENTS, READONLY
 14 .ARM.attributes 00000028  00000000  00000000  0000a0a0  2**0
                  CONTENTS, READONLY
 15 .comment      00000033  00000000  00000000  0000a0c8  2**0
                  CONTENTS, READONLY
 16 .debug_info   0002f898  00000000  00000000  0000a0fb  2**0
                  CONTENTS, READONLY, DEBUGGING, OCTETS
 17 .debug_abbrev 0000814f  00000000  00000000  00039993  2**0
                  CONTENTS, READONLY, DEBUGGING, OCTETS
 18 .debug_loc    00025e42  00000000  00000000  00041ae2  2**0
                  CONTENTS, READONLY, DEBUGGING, OCTETS
 19 .debug_aranges 00001680  00000000  00000000  00067928  2**3
                  CONTENTS, READONLY, DEBUGGING, OCTETS
 20 .debug_ranges 0000c2f8  00000000  00000000  00068fa8  2**3
                  CONTENTS, READONLY, DEBUGGING, OCTETS
 21 .debug_line   00020bca  00000000  00000000  000752a0  2**0
                  CONTENTS, READONLY, DEBUGGING, OCTETS
 22 .debug_str    00008764  00000000  00000000  00095e6a  2**0
                  CONTENTS, READONLY, DEBUGGING, OCTETS
 23 .debug_frame  00002e68  00000000  00000000  0009e5d0  2**2
                  CONTENTS, READONLY, DEBUGGING, OCTETS

/home/nikolai/Documents/SemesterProjekt-2/SemesterProjekt_2/picoCode/build/picoMain.elf:     file format elf32-littlearm


Disassembly of section .boot2:

10000000 <__boot2_start__>:
10000000:	4b32b500 	.word	0x4b32b500
10000004:	60582021 	.word	0x60582021
10000008:	21026898 	.word	0x21026898
1000000c:	60984388 	.word	0x60984388
10000010:	611860d8 	.word	0x611860d8
10000014:	4b2e6158 	.word	0x4b2e6158
10000018:	60992100 	.word	0x60992100
1000001c:	61592102 	.word	0x61592102
10000020:	22f02101 	.word	0x22f02101
10000024:	492b5099 	.word	0x492b5099
10000028:	21016019 	.word	0x21016019
1000002c:	20356099 	.word	0x20356099
10000030:	f844f000 	.word	0xf844f000
10000034:	42902202 	.word	0x42902202
10000038:	2106d014 	.word	0x2106d014
1000003c:	f0006619 	.word	0xf0006619
10000040:	6e19f834 	.word	0x6e19f834
10000044:	66192101 	.word	0x66192101
10000048:	66182000 	.word	0x66182000
1000004c:	f000661a 	.word	0xf000661a
10000050:	6e19f82c 	.word	0x6e19f82c
10000054:	6e196e19 	.word	0x6e196e19
10000058:	f0002005 	.word	0xf0002005
1000005c:	2101f82f 	.word	0x2101f82f
10000060:	d1f94208 	.word	0xd1f94208
10000064:	60992100 	.word	0x60992100
10000068:	6019491b 	.word	0x6019491b
1000006c:	60592100 	.word	0x60592100
10000070:	481b491a 	.word	0x481b491a
10000074:	21016001 	.word	0x21016001
10000078:	21eb6099 	.word	0x21eb6099
1000007c:	21a06619 	.word	0x21a06619
10000080:	f0006619 	.word	0xf0006619
10000084:	2100f812 	.word	0x2100f812
10000088:	49166099 	.word	0x49166099
1000008c:	60014814 	.word	0x60014814
10000090:	60992101 	.word	0x60992101
10000094:	2800bc01 	.word	0x2800bc01
10000098:	4700d000 	.word	0x4700d000
1000009c:	49134812 	.word	0x49134812
100000a0:	c8036008 	.word	0xc8036008
100000a4:	8808f380 	.word	0x8808f380
100000a8:	b5034708 	.word	0xb5034708
100000ac:	20046a99 	.word	0x20046a99
100000b0:	d0fb4201 	.word	0xd0fb4201
100000b4:	42012001 	.word	0x42012001
100000b8:	bd03d1f8 	.word	0xbd03d1f8
100000bc:	6618b502 	.word	0x6618b502
100000c0:	f7ff6618 	.word	0xf7ff6618
100000c4:	6e18fff2 	.word	0x6e18fff2
100000c8:	bd026e18 	.word	0xbd026e18
100000cc:	40020000 	.word	0x40020000
100000d0:	18000000 	.word	0x18000000
100000d4:	00070000 	.word	0x00070000
100000d8:	005f0300 	.word	0x005f0300
100000dc:	00002221 	.word	0x00002221
100000e0:	180000f4 	.word	0x180000f4
100000e4:	a0002022 	.word	0xa0002022
100000e8:	10000100 	.word	0x10000100
100000ec:	e000ed08 	.word	0xe000ed08
	...
100000fc:	7a4eb274 	.word	0x7a4eb274

Disassembly of section .text:

10000100 <__VECTOR_TABLE>:
10000100:	20042000 	.word	0x20042000
10000104:	100001f7 	.word	0x100001f7
10000108:	100001c3 	.word	0x100001c3
1000010c:	100001c5 	.word	0x100001c5
10000110:	100001c1 	.word	0x100001c1
10000114:	100001c1 	.word	0x100001c1
10000118:	100001c1 	.word	0x100001c1
1000011c:	100001c1 	.word	0x100001c1
10000120:	100001c1 	.word	0x100001c1
10000124:	100001c1 	.word	0x100001c1
10000128:	100001c1 	.word	0x100001c1
1000012c:	100001c7 	.word	0x100001c7
10000130:	100001c1 	.word	0x100001c1
10000134:	100001c1 	.word	0x100001c1
10000138:	100001c9 	.word	0x100001c9
1000013c:	100001cb 	.word	0x100001cb
10000140:	100001cd 	.word	0x100001cd
10000144:	100001cd 	.word	0x100001cd
10000148:	100001cd 	.word	0x100001cd
1000014c:	100001cd 	.word	0x100001cd
10000150:	100001cd 	.word	0x100001cd
10000154:	100001cd 	.word	0x100001cd
10000158:	100001cd 	.word	0x100001cd
1000015c:	100001cd 	.word	0x100001cd
10000160:	100001cd 	.word	0x100001cd
10000164:	100001cd 	.word	0x100001cd
10000168:	100001cd 	.word	0x100001cd
1000016c:	100001cd 	.word	0x100001cd
10000170:	100001cd 	.word	0x100001cd
10000174:	100001cd 	.word	0x100001cd
10000178:	100001cd 	.word	0x100001cd
1000017c:	100001cd 	.word	0x100001cd
10000180:	100001cd 	.word	0x100001cd
10000184:	100001cd 	.word	0x100001cd
10000188:	100001cd 	.word	0x100001cd
1000018c:	100001cd 	.word	0x100001cd
10000190:	100001cd 	.word	0x100001cd
10000194:	100001cd 	.word	0x100001cd
10000198:	100001cd 	.word	0x100001cd
1000019c:	100001cd 	.word	0x100001cd
100001a0:	100001cd 	.word	0x100001cd
100001a4:	100001cd 	.word	0x100001cd
100001a8:	100001cd 	.word	0x100001cd
100001ac:	100001cd 	.word	0x100001cd
100001b0:	100001cd 	.word	0x100001cd
100001b4:	100001cd 	.word	0x100001cd
100001b8:	100001cd 	.word	0x100001cd
100001bc:	100001cd 	.word	0x100001cd

100001c0 <isr_invalid>:
100001c0:	be00      	bkpt	0x0000

100001c2 <isr_nmi>:
100001c2:	be00      	bkpt	0x0000

100001c4 <isr_hardfault>:
100001c4:	be00      	bkpt	0x0000

100001c6 <isr_svcall>:
100001c6:	be00      	bkpt	0x0000

100001c8 <isr_pendsv>:
100001c8:	be00      	bkpt	0x0000

100001ca <isr_systick>:
100001ca:	be00      	bkpt	0x0000

100001cc <__unhandled_user_irq>:
100001cc:	f3ef 8005 	mrs	r0, IPSR
100001d0:	3810      	subs	r0, #16

100001d2 <unhandled_user_irq_num_in_r0>:
100001d2:	be00      	bkpt	0x0000

100001d4 <binary_info_header>:
100001d4:	7188ebf2 	.word	0x7188ebf2
100001d8:	10006fc8 	.word	0x10006fc8
100001dc:	10006fe8 	.word	0x10006fe8
100001e0:	10000238 	.word	0x10000238
100001e4:	e71aa390 	.word	0xe71aa390

100001e8 <_entry_point>:
100001e8:	481e      	ldr	r0, [pc, #120]	; (10000264 <data_cpy_table+0x2c>)

100001ea <_enter_vtable_in_r0>:
100001ea:	491f      	ldr	r1, [pc, #124]	; (10000268 <data_cpy_table+0x30>)
100001ec:	6008      	str	r0, [r1, #0]
100001ee:	c806      	ldmia	r0!, {r1, r2}
100001f0:	f381 8808 	msr	MSP, r1
100001f4:	4710      	bx	r2

100001f6 <_reset_handler>:
100001f6:	481d      	ldr	r0, [pc, #116]	; (1000026c <data_cpy_table+0x34>)
100001f8:	6800      	ldr	r0, [r0, #0]
100001fa:	2800      	cmp	r0, #0
100001fc:	d001      	beq.n	10000202 <hold_non_core0_in_bootrom+0x4>

100001fe <hold_non_core0_in_bootrom>:
100001fe:	4819      	ldr	r0, [pc, #100]	; (10000264 <data_cpy_table+0x2c>)
10000200:	e7f3      	b.n	100001ea <_enter_vtable_in_r0>
10000202:	a40d      	add	r4, pc, #52	; (adr r4, 10000238 <data_cpy_table>)
10000204:	cc0e      	ldmia	r4!, {r1, r2, r3}
10000206:	2900      	cmp	r1, #0
10000208:	d002      	beq.n	10000210 <hold_non_core0_in_bootrom+0x12>
1000020a:	f000 f812 	bl	10000232 <data_cpy>
1000020e:	e7f9      	b.n	10000204 <hold_non_core0_in_bootrom+0x6>
10000210:	4917      	ldr	r1, [pc, #92]	; (10000270 <data_cpy_table+0x38>)
10000212:	4a18      	ldr	r2, [pc, #96]	; (10000274 <data_cpy_table+0x3c>)
10000214:	2000      	movs	r0, #0
10000216:	e000      	b.n	1000021a <bss_fill_test>

10000218 <bss_fill_loop>:
10000218:	c101      	stmia	r1!, {r0}

1000021a <bss_fill_test>:
1000021a:	4291      	cmp	r1, r2
1000021c:	d1fc      	bne.n	10000218 <bss_fill_loop>

1000021e <platform_entry>:
1000021e:	4916      	ldr	r1, [pc, #88]	; (10000278 <data_cpy_table+0x40>)
10000220:	4788      	blx	r1
10000222:	4916      	ldr	r1, [pc, #88]	; (1000027c <data_cpy_table+0x44>)
10000224:	4788      	blx	r1
10000226:	4916      	ldr	r1, [pc, #88]	; (10000280 <data_cpy_table+0x48>)
10000228:	4788      	blx	r1
1000022a:	be00      	bkpt	0x0000
1000022c:	e7fd      	b.n	1000022a <platform_entry+0xc>

1000022e <data_cpy_loop>:
1000022e:	c901      	ldmia	r1!, {r0}
10000230:	c201      	stmia	r2!, {r0}

10000232 <data_cpy>:
10000232:	429a      	cmp	r2, r3
10000234:	d3fb      	bcc.n	1000022e <data_cpy_loop>
10000236:	4770      	bx	lr

10000238 <data_cpy_table>:
10000238:	10006fe8 	.word	0x10006fe8
1000023c:	200000c0 	.word	0x200000c0
10000240:	20001090 	.word	0x20001090
10000244:	10007fb8 	.word	0x10007fb8
10000248:	20040000 	.word	0x20040000
1000024c:	20040000 	.word	0x20040000
10000250:	10007fb8 	.word	0x10007fb8
10000254:	20041000 	.word	0x20041000
10000258:	20041000 	.word	0x20041000
1000025c:	00000000 	.word	0x00000000
10000260:	4770      	bx	lr
10000262:	0000      	.short	0x0000
10000264:	00000000 	.word	0x00000000
10000268:	e000ed08 	.word	0xe000ed08
1000026c:	d0000000 	.word	0xd0000000
10000270:	20001090 	.word	0x20001090
10000274:	20001f90 	.word	0x20001f90
10000278:	10003b99 	.word	0x10003b99
1000027c:	10000321 	.word	0x10000321
10000280:	10003b91 	.word	0x10003b91

10000284 <_init>:
10000284:	b5f8      	push	{r3, r4, r5, r6, r7, lr}
10000286:	46c0      	nop			; (mov r8, r8)

10000288 <deregister_tm_clones>:
10000288:	4804      	ldr	r0, [pc, #16]	; (1000029c <deregister_tm_clones+0x14>)
1000028a:	4b05      	ldr	r3, [pc, #20]	; (100002a0 <deregister_tm_clones+0x18>)
1000028c:	b510      	push	{r4, lr}
1000028e:	4283      	cmp	r3, r0
10000290:	d003      	beq.n	1000029a <deregister_tm_clones+0x12>
10000292:	4b04      	ldr	r3, [pc, #16]	; (100002a4 <deregister_tm_clones+0x1c>)
10000294:	2b00      	cmp	r3, #0
10000296:	d000      	beq.n	1000029a <deregister_tm_clones+0x12>
10000298:	4798      	blx	r3
1000029a:	bd10      	pop	{r4, pc}
1000029c:	20001090 	.word	0x20001090
100002a0:	20001090 	.word	0x20001090
100002a4:	00000000 	.word	0x00000000

100002a8 <register_tm_clones>:
100002a8:	4806      	ldr	r0, [pc, #24]	; (100002c4 <register_tm_clones+0x1c>)
100002aa:	4907      	ldr	r1, [pc, #28]	; (100002c8 <register_tm_clones+0x20>)
100002ac:	1a09      	subs	r1, r1, r0
100002ae:	108b      	asrs	r3, r1, #2
100002b0:	0fc9      	lsrs	r1, r1, #31
100002b2:	18c9      	adds	r1, r1, r3
100002b4:	b510      	push	{r4, lr}
100002b6:	1049      	asrs	r1, r1, #1
100002b8:	d003      	beq.n	100002c2 <register_tm_clones+0x1a>
100002ba:	4b04      	ldr	r3, [pc, #16]	; (100002cc <register_tm_clones+0x24>)
100002bc:	2b00      	cmp	r3, #0
100002be:	d000      	beq.n	100002c2 <register_tm_clones+0x1a>
100002c0:	4798      	blx	r3
100002c2:	bd10      	pop	{r4, pc}
100002c4:	20001090 	.word	0x20001090
100002c8:	20001090 	.word	0x20001090
100002cc:	00000000 	.word	0x00000000

100002d0 <__do_global_dtors_aux>:
100002d0:	b510      	push	{r4, lr}
100002d2:	4c07      	ldr	r4, [pc, #28]	; (100002f0 <__do_global_dtors_aux+0x20>)
100002d4:	7823      	ldrb	r3, [r4, #0]
100002d6:	2b00      	cmp	r3, #0
100002d8:	d109      	bne.n	100002ee <__do_global_dtors_aux+0x1e>
100002da:	f7ff ffd5 	bl	10000288 <deregister_tm_clones>
100002de:	4b05      	ldr	r3, [pc, #20]	; (100002f4 <__do_global_dtors_aux+0x24>)
100002e0:	2b00      	cmp	r3, #0
100002e2:	d002      	beq.n	100002ea <__do_global_dtors_aux+0x1a>
100002e4:	4804      	ldr	r0, [pc, #16]	; (100002f8 <__do_global_dtors_aux+0x28>)
100002e6:	e000      	b.n	100002ea <__do_global_dtors_aux+0x1a>
100002e8:	bf00      	nop
100002ea:	2301      	movs	r3, #1
100002ec:	7023      	strb	r3, [r4, #0]
100002ee:	bd10      	pop	{r4, pc}
100002f0:	20001418 	.word	0x20001418
100002f4:	00000000 	.word	0x00000000
100002f8:	1000695c 	.word	0x1000695c

100002fc <frame_dummy>:
100002fc:	4b05      	ldr	r3, [pc, #20]	; (10000314 <frame_dummy+0x18>)
100002fe:	b510      	push	{r4, lr}
10000300:	2b00      	cmp	r3, #0
10000302:	d003      	beq.n	1000030c <frame_dummy+0x10>
10000304:	4904      	ldr	r1, [pc, #16]	; (10000318 <frame_dummy+0x1c>)
10000306:	4805      	ldr	r0, [pc, #20]	; (1000031c <frame_dummy+0x20>)
10000308:	e000      	b.n	1000030c <frame_dummy+0x10>
1000030a:	bf00      	nop
1000030c:	f7ff ffcc 	bl	100002a8 <register_tm_clones>
10000310:	bd10      	pop	{r4, pc}
10000312:	46c0      	nop			; (mov r8, r8)
10000314:	00000000 	.word	0x00000000
10000318:	2000141c 	.word	0x2000141c
1000031c:	1000695c 	.word	0x1000695c

10000320 <main>:
10000320:	b5f0      	push	{r4, r5, r6, r7, lr}
10000322:	46c6      	mov	lr, r8
10000324:	b500      	push	{lr}
10000326:	f003 fd79 	bl	10003e1c <stdio_init_all>
1000032a:	f006 fa3f 	bl	100067ac <adc_init>
1000032e:	211f      	movs	r1, #31
10000330:	201a      	movs	r0, #26
10000332:	f000 f84f 	bl	100003d4 <gpio_set_function>
10000336:	2200      	movs	r2, #0
10000338:	2100      	movs	r1, #0
1000033a:	201a      	movs	r0, #26
1000033c:	f000 f864 	bl	10000408 <gpio_set_pulls>
10000340:	2100      	movs	r1, #0
10000342:	201a      	movs	r0, #26
10000344:	f000 f87a 	bl	1000043c <gpio_set_input_enabled>
10000348:	22e0      	movs	r2, #224	; 0xe0
1000034a:	4c1a      	ldr	r4, [pc, #104]	; (100003b4 <main+0x94>)
1000034c:	01d2      	lsls	r2, r2, #7
1000034e:	6823      	ldr	r3, [r4, #0]
10000350:	2104      	movs	r1, #4
10000352:	4013      	ands	r3, r2
10000354:	4a18      	ldr	r2, [pc, #96]	; (100003b8 <main+0x98>)
10000356:	2000      	movs	r0, #0
10000358:	6013      	str	r3, [r2, #0]
1000035a:	f000 f83b 	bl	100003d4 <gpio_set_function>
1000035e:	220a      	movs	r2, #10
10000360:	4b16      	ldr	r3, [pc, #88]	; (100003bc <main+0x9c>)
10000362:	20fa      	movs	r0, #250	; 0xfa
10000364:	611a      	str	r2, [r3, #16]
10000366:	22fa      	movs	r2, #250	; 0xfa
10000368:	00d2      	lsls	r2, r2, #3
1000036a:	605a      	str	r2, [r3, #4]
1000036c:	681a      	ldr	r2, [r3, #0]
1000036e:	2301      	movs	r3, #1
10000370:	4393      	bics	r3, r2
10000372:	4a13      	ldr	r2, [pc, #76]	; (100003c0 <main+0xa0>)
10000374:	0080      	lsls	r0, r0, #2
10000376:	6013      	str	r3, [r2, #0]
10000378:	2205      	movs	r2, #5
1000037a:	4b12      	ldr	r3, [pc, #72]	; (100003c4 <main+0xa4>)
1000037c:	2580      	movs	r5, #128	; 0x80
1000037e:	681b      	ldr	r3, [r3, #0]
10000380:	2604      	movs	r6, #4
10000382:	4053      	eors	r3, r2
10000384:	041b      	lsls	r3, r3, #16
10000386:	4a10      	ldr	r2, [pc, #64]	; (100003c8 <main+0xa8>)
10000388:	0c1b      	lsrs	r3, r3, #16
1000038a:	6013      	str	r3, [r2, #0]
1000038c:	f000 fec6 	bl	1000111c <sleep_ms>
10000390:	4b0e      	ldr	r3, [pc, #56]	; (100003cc <main+0xac>)
10000392:	4f0f      	ldr	r7, [pc, #60]	; (100003d0 <main+0xb0>)
10000394:	4698      	mov	r8, r3
10000396:	006d      	lsls	r5, r5, #1
10000398:	603e      	str	r6, [r7, #0]
1000039a:	6823      	ldr	r3, [r4, #0]
1000039c:	422b      	tst	r3, r5
1000039e:	d0fc      	beq.n	1000039a <main+0x7a>
100003a0:	6861      	ldr	r1, [r4, #4]
100003a2:	4640      	mov	r0, r8
100003a4:	0409      	lsls	r1, r1, #16
100003a6:	0c09      	lsrs	r1, r1, #16
100003a8:	f003 fe12 	bl	10003fd0 <__wrap_printf>
100003ac:	200a      	movs	r0, #10
100003ae:	f000 feb5 	bl	1000111c <sleep_ms>
100003b2:	e7f1      	b.n	10000398 <main+0x78>
100003b4:	4004c000 	.word	0x4004c000
100003b8:	4004d000 	.word	0x4004d000
100003bc:	40050000 	.word	0x40050000
100003c0:	40051000 	.word	0x40051000
100003c4:	4005000c 	.word	0x4005000c
100003c8:	4005100c 	.word	0x4005100c
100003cc:	10006960 	.word	0x10006960
100003d0:	4004e000 	.word	0x4004e000

100003d4 <gpio_set_function>:
100003d4:	b510      	push	{r4, lr}
100003d6:	2440      	movs	r4, #64	; 0x40
100003d8:	4a08      	ldr	r2, [pc, #32]	; (100003fc <gpio_set_function+0x28>)
100003da:	0083      	lsls	r3, r0, #2
100003dc:	189a      	adds	r2, r3, r2
100003de:	6812      	ldr	r2, [r2, #0]
100003e0:	00c0      	lsls	r0, r0, #3
100003e2:	4054      	eors	r4, r2
100003e4:	22c0      	movs	r2, #192	; 0xc0
100003e6:	4022      	ands	r2, r4
100003e8:	4c05      	ldr	r4, [pc, #20]	; (10000400 <gpio_set_function+0x2c>)
100003ea:	46a4      	mov	ip, r4
100003ec:	4463      	add	r3, ip
100003ee:	601a      	str	r2, [r3, #0]
100003f0:	4b04      	ldr	r3, [pc, #16]	; (10000404 <gpio_set_function+0x30>)
100003f2:	469c      	mov	ip, r3
100003f4:	4460      	add	r0, ip
100003f6:	6041      	str	r1, [r0, #4]
100003f8:	bd10      	pop	{r4, pc}
100003fa:	46c0      	nop			; (mov r8, r8)
100003fc:	4001c004 	.word	0x4001c004
10000400:	4001d004 	.word	0x4001d004
10000404:	40014000 	.word	0x40014000

10000408 <gpio_set_pulls>:
10000408:	4b0b      	ldr	r3, [pc, #44]	; (10000438 <gpio_set_pulls+0x30>)
1000040a:	0080      	lsls	r0, r0, #2
1000040c:	469c      	mov	ip, r3
1000040e:	4460      	add	r0, ip
10000410:	2900      	cmp	r1, #0
10000412:	d10e      	bne.n	10000432 <gpio_set_pulls+0x2a>
10000414:	2300      	movs	r3, #0
10000416:	3104      	adds	r1, #4
10000418:	2a00      	cmp	r2, #0
1000041a:	d100      	bne.n	1000041e <gpio_set_pulls+0x16>
1000041c:	0019      	movs	r1, r3
1000041e:	2280      	movs	r2, #128	; 0x80
10000420:	6803      	ldr	r3, [r0, #0]
10000422:	0152      	lsls	r2, r2, #5
10000424:	4059      	eors	r1, r3
10000426:	4694      	mov	ip, r2
10000428:	230c      	movs	r3, #12
1000042a:	4460      	add	r0, ip
1000042c:	400b      	ands	r3, r1
1000042e:	6003      	str	r3, [r0, #0]
10000430:	4770      	bx	lr
10000432:	210c      	movs	r1, #12
10000434:	2308      	movs	r3, #8
10000436:	e7ef      	b.n	10000418 <gpio_set_pulls+0x10>
10000438:	4001c004 	.word	0x4001c004

1000043c <gpio_set_input_enabled>:
1000043c:	0080      	lsls	r0, r0, #2
1000043e:	2900      	cmp	r1, #0
10000440:	d005      	beq.n	1000044e <gpio_set_input_enabled+0x12>
10000442:	4b06      	ldr	r3, [pc, #24]	; (1000045c <gpio_set_input_enabled+0x20>)
10000444:	469c      	mov	ip, r3
10000446:	2340      	movs	r3, #64	; 0x40
10000448:	4460      	add	r0, ip
1000044a:	6003      	str	r3, [r0, #0]
1000044c:	4770      	bx	lr
1000044e:	4b04      	ldr	r3, [pc, #16]	; (10000460 <gpio_set_input_enabled+0x24>)
10000450:	469c      	mov	ip, r3
10000452:	2340      	movs	r3, #64	; 0x40
10000454:	4460      	add	r0, ip
10000456:	6003      	str	r3, [r0, #0]
10000458:	e7f8      	b.n	1000044c <gpio_set_input_enabled+0x10>
1000045a:	46c0      	nop			; (mov r8, r8)
1000045c:	4001e004 	.word	0x4001e004
10000460:	4001f004 	.word	0x4001f004

10000464 <rp2040_chip_version>:
10000464:	2380      	movs	r3, #128	; 0x80
10000466:	05db      	lsls	r3, r3, #23
10000468:	6818      	ldr	r0, [r3, #0]
1000046a:	0f00      	lsrs	r0, r0, #28
1000046c:	4770      	bx	lr
1000046e:	46c0      	nop			; (mov r8, r8)

10000470 <panic>:
10000470:	b40f      	push	{r0, r1, r2, r3}
10000472:	b500      	push	{lr}
10000474:	4808      	ldr	r0, [pc, #32]	; (10000498 <panic+0x28>)
10000476:	b083      	sub	sp, #12
10000478:	f003 fd20 	bl	10003ebc <__wrap_puts>
1000047c:	9b04      	ldr	r3, [sp, #16]
1000047e:	2b00      	cmp	r3, #0
10000480:	d007      	beq.n	10000492 <panic+0x22>
10000482:	a905      	add	r1, sp, #20
10000484:	0018      	movs	r0, r3
10000486:	9101      	str	r1, [sp, #4]
10000488:	f003 fb68 	bl	10003b5c <weak_raw_vprintf>
1000048c:	4803      	ldr	r0, [pc, #12]	; (1000049c <panic+0x2c>)
1000048e:	f003 fd15 	bl	10003ebc <__wrap_puts>
10000492:	2001      	movs	r0, #1
10000494:	f003 fb7a 	bl	10003b8c <_exit>
10000498:	10006970 	.word	0x10006970
1000049c:	10006980 	.word	0x10006980

100004a0 <hw_claim_or_assert>:
100004a0:	b570      	push	{r4, r5, r6, lr}
100004a2:	f3ef 8c10 	mrs	ip, PRIMASK
100004a6:	b672      	cpsid	i
100004a8:	4d0d      	ldr	r5, [pc, #52]	; (100004e0 <hw_claim_or_assert+0x40>)
100004aa:	682b      	ldr	r3, [r5, #0]
100004ac:	2b00      	cmp	r3, #0
100004ae:	d0fc      	beq.n	100004aa <hw_claim_or_assert+0xa>
100004b0:	f3bf 8f5f 	dmb	sy
100004b4:	2407      	movs	r4, #7
100004b6:	08cb      	lsrs	r3, r1, #3
100004b8:	18c6      	adds	r6, r0, r3
100004ba:	5cc0      	ldrb	r0, [r0, r3]
100004bc:	2301      	movs	r3, #1
100004be:	400c      	ands	r4, r1
100004c0:	40a3      	lsls	r3, r4
100004c2:	001c      	movs	r4, r3
100004c4:	4004      	ands	r4, r0
100004c6:	4203      	tst	r3, r0
100004c8:	d107      	bne.n	100004da <hw_claim_or_assert+0x3a>
100004ca:	4303      	orrs	r3, r0
100004cc:	7033      	strb	r3, [r6, #0]
100004ce:	f3bf 8f5f 	dmb	sy
100004d2:	602c      	str	r4, [r5, #0]
100004d4:	f38c 8810 	msr	PRIMASK, ip
100004d8:	bd70      	pop	{r4, r5, r6, pc}
100004da:	0010      	movs	r0, r2
100004dc:	f7ff ffc8 	bl	10000470 <panic>
100004e0:	d000012c 	.word	0xd000012c

100004e4 <hw_claim_unused_from_range>:
100004e4:	b5f8      	push	{r3, r4, r5, r6, r7, lr}
100004e6:	4647      	mov	r7, r8
100004e8:	46ce      	mov	lr, r9
100004ea:	4688      	mov	r8, r1
100004ec:	b580      	push	{r7, lr}
100004ee:	f3ef 8c10 	mrs	ip, PRIMASK
100004f2:	b672      	cpsid	i
100004f4:	4d21      	ldr	r5, [pc, #132]	; (1000057c <hw_claim_unused_from_range+0x98>)
100004f6:	682c      	ldr	r4, [r5, #0]
100004f8:	2c00      	cmp	r4, #0
100004fa:	d0fc      	beq.n	100004f6 <hw_claim_unused_from_range+0x12>
100004fc:	f3bf 8f5f 	dmb	sy
10000500:	429a      	cmp	r2, r3
10000502:	d82c      	bhi.n	1000055e <hw_claim_unused_from_range+0x7a>
10000504:	08d4      	lsrs	r4, r2, #3
10000506:	2707      	movs	r7, #7
10000508:	5d05      	ldrb	r5, [r0, r4]
1000050a:	1906      	adds	r6, r0, r4
1000050c:	2401      	movs	r4, #1
1000050e:	4017      	ands	r7, r2
10000510:	40bc      	lsls	r4, r7
10000512:	422c      	tst	r4, r5
10000514:	d01f      	beq.n	10000556 <hw_claim_unused_from_range+0x72>
10000516:	2107      	movs	r1, #7
10000518:	2701      	movs	r7, #1
1000051a:	4689      	mov	r9, r1
1000051c:	e009      	b.n	10000532 <hw_claim_unused_from_range+0x4e>
1000051e:	08d4      	lsrs	r4, r2, #3
10000520:	5d05      	ldrb	r5, [r0, r4]
10000522:	1906      	adds	r6, r0, r4
10000524:	464c      	mov	r4, r9
10000526:	0039      	movs	r1, r7
10000528:	4014      	ands	r4, r2
1000052a:	40a1      	lsls	r1, r4
1000052c:	000c      	movs	r4, r1
1000052e:	4229      	tst	r1, r5
10000530:	d011      	beq.n	10000556 <hw_claim_unused_from_range+0x72>
10000532:	3201      	adds	r2, #1
10000534:	4293      	cmp	r3, r2
10000536:	d2f2      	bcs.n	1000051e <hw_claim_unused_from_range+0x3a>
10000538:	2001      	movs	r0, #1
1000053a:	4240      	negs	r0, r0
1000053c:	f3bf 8f5f 	dmb	sy
10000540:	2200      	movs	r2, #0
10000542:	4b0e      	ldr	r3, [pc, #56]	; (1000057c <hw_claim_unused_from_range+0x98>)
10000544:	601a      	str	r2, [r3, #0]
10000546:	f38c 8810 	msr	PRIMASK, ip
1000054a:	2800      	cmp	r0, #0
1000054c:	db0f      	blt.n	1000056e <hw_claim_unused_from_range+0x8a>
1000054e:	bcc0      	pop	{r6, r7}
10000550:	46b9      	mov	r9, r7
10000552:	46b0      	mov	r8, r6
10000554:	bdf8      	pop	{r3, r4, r5, r6, r7, pc}
10000556:	432c      	orrs	r4, r5
10000558:	0010      	movs	r0, r2
1000055a:	7034      	strb	r4, [r6, #0]
1000055c:	e7ee      	b.n	1000053c <hw_claim_unused_from_range+0x58>
1000055e:	f3bf 8f5f 	dmb	sy
10000562:	2300      	movs	r3, #0
10000564:	602b      	str	r3, [r5, #0]
10000566:	f38c 8810 	msr	PRIMASK, ip
1000056a:	2001      	movs	r0, #1
1000056c:	4240      	negs	r0, r0
1000056e:	4643      	mov	r3, r8
10000570:	2b00      	cmp	r3, #0
10000572:	d0ec      	beq.n	1000054e <hw_claim_unused_from_range+0x6a>
10000574:	9808      	ldr	r0, [sp, #32]
10000576:	f7ff ff7b 	bl	10000470 <panic>
1000057a:	46c0      	nop			; (mov r8, r8)
1000057c:	d000012c 	.word	0xd000012c

10000580 <next_striped_spin_lock_num>:
10000580:	4a04      	ldr	r2, [pc, #16]	; (10000594 <next_striped_spin_lock_num+0x14>)
10000582:	7810      	ldrb	r0, [r2, #0]
10000584:	1c43      	adds	r3, r0, #1
10000586:	b2db      	uxtb	r3, r3
10000588:	2b17      	cmp	r3, #23
1000058a:	d900      	bls.n	1000058e <next_striped_spin_lock_num+0xe>
1000058c:	2310      	movs	r3, #16
1000058e:	7013      	strb	r3, [r2, #0]
10000590:	4770      	bx	lr
10000592:	46c0      	nop			; (mov r8, r8)
10000594:	20000fc0 	.word	0x20000fc0

10000598 <spin_lock_claim_unused>:
10000598:	b500      	push	{lr}
1000059a:	4b05      	ldr	r3, [pc, #20]	; (100005b0 <spin_lock_claim_unused+0x18>)
1000059c:	b083      	sub	sp, #12
1000059e:	0001      	movs	r1, r0
100005a0:	9300      	str	r3, [sp, #0]
100005a2:	2218      	movs	r2, #24
100005a4:	231f      	movs	r3, #31
100005a6:	4803      	ldr	r0, [pc, #12]	; (100005b4 <spin_lock_claim_unused+0x1c>)
100005a8:	f7ff ff9c 	bl	100004e4 <hw_claim_unused_from_range>
100005ac:	b003      	add	sp, #12
100005ae:	bd00      	pop	{pc}
100005b0:	10006984 	.word	0x10006984
100005b4:	20001ad4 	.word	0x20001ad4

100005b8 <spin_locks_reset>:
100005b8:	2100      	movs	r1, #0
100005ba:	4b04      	ldr	r3, [pc, #16]	; (100005cc <spin_locks_reset+0x14>)
100005bc:	4a04      	ldr	r2, [pc, #16]	; (100005d0 <spin_locks_reset+0x18>)
100005be:	f3bf 8f5f 	dmb	sy
100005c2:	c302      	stmia	r3!, {r1}
100005c4:	4293      	cmp	r3, r2
100005c6:	d1fa      	bne.n	100005be <spin_locks_reset+0x6>
100005c8:	4770      	bx	lr
100005ca:	46c0      	nop			; (mov r8, r8)
100005cc:	d0000100 	.word	0xd0000100
100005d0:	d0000180 	.word	0xd0000180

100005d4 <runtime_init_per_core_irq_priorities>:
100005d4:	4b05      	ldr	r3, [pc, #20]	; (100005ec <runtime_init_per_core_irq_priorities+0x18>)
100005d6:	4a06      	ldr	r2, [pc, #24]	; (100005f0 <runtime_init_per_core_irq_priorities+0x1c>)
100005d8:	6013      	str	r3, [r2, #0]
100005da:	4a06      	ldr	r2, [pc, #24]	; (100005f4 <runtime_init_per_core_irq_priorities+0x20>)
100005dc:	6013      	str	r3, [r2, #0]
100005de:	6053      	str	r3, [r2, #4]
100005e0:	6093      	str	r3, [r2, #8]
100005e2:	60d3      	str	r3, [r2, #12]
100005e4:	6113      	str	r3, [r2, #16]
100005e6:	6153      	str	r3, [r2, #20]
100005e8:	6193      	str	r3, [r2, #24]
100005ea:	4770      	bx	lr
100005ec:	80808080 	.word	0x80808080
100005f0:	e000e400 	.word	0xe000e400
100005f4:	e000e404 	.word	0xe000e404

100005f8 <irq_set_enabled>:
100005f8:	231f      	movs	r3, #31
100005fa:	4018      	ands	r0, r3
100005fc:	3b1e      	subs	r3, #30
100005fe:	4083      	lsls	r3, r0
10000600:	2900      	cmp	r1, #0
10000602:	d005      	beq.n	10000610 <irq_set_enabled+0x18>
10000604:	21c0      	movs	r1, #192	; 0xc0
10000606:	4a04      	ldr	r2, [pc, #16]	; (10000618 <irq_set_enabled+0x20>)
10000608:	0049      	lsls	r1, r1, #1
1000060a:	5053      	str	r3, [r2, r1]
1000060c:	6013      	str	r3, [r2, #0]
1000060e:	4770      	bx	lr
10000610:	2280      	movs	r2, #128	; 0x80
10000612:	4901      	ldr	r1, [pc, #4]	; (10000618 <irq_set_enabled+0x20>)
10000614:	508b      	str	r3, [r1, r2]
10000616:	e7fa      	b.n	1000060e <irq_set_enabled+0x16>
10000618:	e000e100 	.word	0xe000e100

1000061c <irq_is_enabled>:
1000061c:	2201      	movs	r2, #1
1000061e:	4082      	lsls	r2, r0
10000620:	4b03      	ldr	r3, [pc, #12]	; (10000630 <irq_is_enabled+0x14>)
10000622:	681b      	ldr	r3, [r3, #0]
10000624:	4013      	ands	r3, r2
10000626:	1e5a      	subs	r2, r3, #1
10000628:	4193      	sbcs	r3, r2
1000062a:	b2d8      	uxtb	r0, r3
1000062c:	4770      	bx	lr
1000062e:	46c0      	nop			; (mov r8, r8)
10000630:	e000e100 	.word	0xe000e100

10000634 <irq_set_pending>:
10000634:	2301      	movs	r3, #1
10000636:	4083      	lsls	r3, r0
10000638:	4a01      	ldr	r2, [pc, #4]	; (10000640 <irq_set_pending+0xc>)
1000063a:	6013      	str	r3, [r2, #0]
1000063c:	4770      	bx	lr
1000063e:	46c0      	nop			; (mov r8, r8)
10000640:	e000e200 	.word	0xe000e200

10000644 <irq_has_shared_handler>:
10000644:	4b06      	ldr	r3, [pc, #24]	; (10000660 <irq_has_shared_handler+0x1c>)
10000646:	3010      	adds	r0, #16
10000648:	689b      	ldr	r3, [r3, #8]
1000064a:	0080      	lsls	r0, r0, #2
1000064c:	58c3      	ldr	r3, [r0, r3]
1000064e:	4a05      	ldr	r2, [pc, #20]	; (10000664 <irq_has_shared_handler+0x20>)
10000650:	2000      	movs	r0, #0
10000652:	1a9b      	subs	r3, r3, r2
10000654:	222f      	movs	r2, #47	; 0x2f
10000656:	429a      	cmp	r2, r3
10000658:	4140      	adcs	r0, r0
1000065a:	b2c0      	uxtb	r0, r0
1000065c:	4770      	bx	lr
1000065e:	46c0      	nop			; (mov r8, r8)
10000660:	e000ed00 	.word	0xe000ed00
10000664:	20000fc4 	.word	0x20000fc4

10000668 <irq_set_exclusive_handler>:
10000668:	b570      	push	{r4, r5, r6, lr}
1000066a:	000d      	movs	r5, r1
1000066c:	f3ef 8610 	mrs	r6, PRIMASK
10000670:	b672      	cpsid	i
10000672:	4a0f      	ldr	r2, [pc, #60]	; (100006b0 <irq_set_exclusive_handler+0x48>)
10000674:	6813      	ldr	r3, [r2, #0]
10000676:	2b00      	cmp	r3, #0
10000678:	d0fc      	beq.n	10000674 <irq_set_exclusive_handler+0xc>
1000067a:	f3bf 8f5f 	dmb	sy
1000067e:	4b0d      	ldr	r3, [pc, #52]	; (100006b4 <irq_set_exclusive_handler+0x4c>)
10000680:	3010      	adds	r0, #16
10000682:	689b      	ldr	r3, [r3, #8]
10000684:	0084      	lsls	r4, r0, #2
10000686:	591b      	ldr	r3, [r3, r4]
10000688:	4a0b      	ldr	r2, [pc, #44]	; (100006b8 <irq_set_exclusive_handler+0x50>)
1000068a:	4293      	cmp	r3, r2
1000068c:	d003      	beq.n	10000696 <irq_set_exclusive_handler+0x2e>
1000068e:	429d      	cmp	r5, r3
10000690:	d001      	beq.n	10000696 <irq_set_exclusive_handler+0x2e>
10000692:	f000 fffb 	bl	1000168c <hard_assertion_failure>
10000696:	4b07      	ldr	r3, [pc, #28]	; (100006b4 <irq_set_exclusive_handler+0x4c>)
10000698:	689b      	ldr	r3, [r3, #8]
1000069a:	511d      	str	r5, [r3, r4]
1000069c:	f3bf 8f5f 	dmb	sy
100006a0:	f3bf 8f5f 	dmb	sy
100006a4:	2200      	movs	r2, #0
100006a6:	4b02      	ldr	r3, [pc, #8]	; (100006b0 <irq_set_exclusive_handler+0x48>)
100006a8:	601a      	str	r2, [r3, #0]
100006aa:	f386 8810 	msr	PRIMASK, r6
100006ae:	bd70      	pop	{r4, r5, r6, pc}
100006b0:	d0000124 	.word	0xd0000124
100006b4:	e000ed00 	.word	0xe000ed00
100006b8:	100001cd 	.word	0x100001cd

100006bc <irq_add_shared_handler>:
100006bc:	b5f0      	push	{r4, r5, r6, r7, lr}
100006be:	4657      	mov	r7, sl
100006c0:	464e      	mov	r6, r9
100006c2:	46de      	mov	lr, fp
100006c4:	4645      	mov	r5, r8
100006c6:	b5e0      	push	{r5, r6, r7, lr}
100006c8:	b085      	sub	sp, #20
100006ca:	0006      	movs	r6, r0
100006cc:	9102      	str	r1, [sp, #8]
100006ce:	0017      	movs	r7, r2
100006d0:	f3ef 8b10 	mrs	fp, PRIMASK
100006d4:	b672      	cpsid	i
100006d6:	4a67      	ldr	r2, [pc, #412]	; (10000874 <irq_add_shared_handler+0x1b8>)
100006d8:	6813      	ldr	r3, [r2, #0]
100006da:	2b00      	cmp	r3, #0
100006dc:	d0fc      	beq.n	100006d8 <irq_add_shared_handler+0x1c>
100006de:	f3bf 8f5f 	dmb	sy
100006e2:	2500      	movs	r5, #0
100006e4:	4b64      	ldr	r3, [pc, #400]	; (10000878 <irq_add_shared_handler+0x1bc>)
100006e6:	575d      	ldrsb	r5, [r3, r5]
100006e8:	469a      	mov	sl, r3
100006ea:	2d00      	cmp	r5, #0
100006ec:	da00      	bge.n	100006f0 <irq_add_shared_handler+0x34>
100006ee:	e0a4      	b.n	1000083a <irq_add_shared_handler+0x17e>
100006f0:	006b      	lsls	r3, r5, #1
100006f2:	4c62      	ldr	r4, [pc, #392]	; (1000087c <irq_add_shared_handler+0x1c0>)
100006f4:	9303      	str	r3, [sp, #12]
100006f6:	195b      	adds	r3, r3, r5
100006f8:	009b      	lsls	r3, r3, #2
100006fa:	4698      	mov	r8, r3
100006fc:	46a1      	mov	r9, r4
100006fe:	44c1      	add	r9, r8
10000700:	464b      	mov	r3, r9
10000702:	4652      	mov	r2, sl
10000704:	799b      	ldrb	r3, [r3, #6]
10000706:	3610      	adds	r6, #16
10000708:	7013      	strb	r3, [r2, #0]
1000070a:	4b5d      	ldr	r3, [pc, #372]	; (10000880 <irq_add_shared_handler+0x1c4>)
1000070c:	00b2      	lsls	r2, r6, #2
1000070e:	689b      	ldr	r3, [r3, #8]
10000710:	9201      	str	r2, [sp, #4]
10000712:	5899      	ldr	r1, [r3, r2]
10000714:	1b0b      	subs	r3, r1, r4
10000716:	2b2f      	cmp	r3, #47	; 0x2f
10000718:	d934      	bls.n	10000784 <irq_add_shared_handler+0xc8>
1000071a:	4b5a      	ldr	r3, [pc, #360]	; (10000884 <irq_add_shared_handler+0x1c8>)
1000071c:	4299      	cmp	r1, r3
1000071e:	d000      	beq.n	10000722 <irq_add_shared_handler+0x66>
10000720:	e0a4      	b.n	1000086c <irq_add_shared_handler+0x1b0>
10000722:	9b03      	ldr	r3, [sp, #12]
10000724:	4a58      	ldr	r2, [pc, #352]	; (10000888 <irq_add_shared_handler+0x1cc>)
10000726:	469c      	mov	ip, r3
10000728:	4b58      	ldr	r3, [pc, #352]	; (1000088c <irq_add_shared_handler+0x1d0>)
1000072a:	4465      	add	r5, ip
1000072c:	00ad      	lsls	r5, r5, #2
1000072e:	5363      	strh	r3, [r4, r5]
10000730:	4643      	mov	r3, r8
10000732:	3302      	adds	r3, #2
10000734:	1965      	adds	r5, r4, r5
10000736:	18e4      	adds	r4, r4, r3
10000738:	4b55      	ldr	r3, [pc, #340]	; (10000890 <irq_add_shared_handler+0x1d4>)
1000073a:	2101      	movs	r1, #1
1000073c:	3b04      	subs	r3, #4
1000073e:	1b1b      	subs	r3, r3, r4
10000740:	051b      	lsls	r3, r3, #20
10000742:	0d5b      	lsrs	r3, r3, #21
10000744:	4313      	orrs	r3, r2
10000746:	806b      	strh	r3, [r5, #2]
10000748:	4b52      	ldr	r3, [pc, #328]	; (10000894 <irq_add_shared_handler+0x1d8>)
1000074a:	71ef      	strb	r7, [r5, #7]
1000074c:	80ab      	strh	r3, [r5, #4]
1000074e:	23ff      	movs	r3, #255	; 0xff
10000750:	71ab      	strb	r3, [r5, #6]
10000752:	9b02      	ldr	r3, [sp, #8]
10000754:	60ab      	str	r3, [r5, #8]
10000756:	464b      	mov	r3, r9
10000758:	430b      	orrs	r3, r1
1000075a:	0019      	movs	r1, r3
1000075c:	4b48      	ldr	r3, [pc, #288]	; (10000880 <irq_add_shared_handler+0x1c4>)
1000075e:	9a01      	ldr	r2, [sp, #4]
10000760:	689b      	ldr	r3, [r3, #8]
10000762:	5099      	str	r1, [r3, r2]
10000764:	f3bf 8f5f 	dmb	sy
10000768:	f3bf 8f5f 	dmb	sy
1000076c:	2200      	movs	r2, #0
1000076e:	4b41      	ldr	r3, [pc, #260]	; (10000874 <irq_add_shared_handler+0x1b8>)
10000770:	601a      	str	r2, [r3, #0]
10000772:	f38b 8810 	msr	PRIMASK, fp
10000776:	b005      	add	sp, #20
10000778:	bcf0      	pop	{r4, r5, r6, r7}
1000077a:	46bb      	mov	fp, r7
1000077c:	46b2      	mov	sl, r6
1000077e:	46a9      	mov	r9, r5
10000780:	46a0      	mov	r8, r4
10000782:	bdf0      	pop	{r4, r5, r6, r7, pc}
10000784:	2001      	movs	r0, #1
10000786:	000a      	movs	r2, r1
10000788:	4382      	bics	r2, r0
1000078a:	79d3      	ldrb	r3, [r2, #7]
1000078c:	42bb      	cmp	r3, r7
1000078e:	d82f      	bhi.n	100007f0 <irq_add_shared_handler+0x134>
10000790:	4645      	mov	r5, r8
10000792:	464e      	mov	r6, r9
10000794:	0013      	movs	r3, r2
10000796:	4940      	ldr	r1, [pc, #256]	; (10000898 <irq_add_shared_handler+0x1dc>)
10000798:	1b1b      	subs	r3, r3, r4
1000079a:	415b      	adcs	r3, r3
1000079c:	4359      	muls	r1, r3
1000079e:	0d09      	lsrs	r1, r1, #20
100007a0:	4b3a      	ldr	r3, [pc, #232]	; (1000088c <irq_add_shared_handler+0x1d0>)
100007a2:	5363      	strh	r3, [r4, r5]
100007a4:	4b3a      	ldr	r3, [pc, #232]	; (10000890 <irq_add_shared_handler+0x1d4>)
100007a6:	3502      	adds	r5, #2
100007a8:	1965      	adds	r5, r4, r5
100007aa:	3b04      	subs	r3, #4
100007ac:	1b5b      	subs	r3, r3, r5
100007ae:	051b      	lsls	r3, r3, #20
100007b0:	4d35      	ldr	r5, [pc, #212]	; (10000888 <irq_add_shared_handler+0x1cc>)
100007b2:	0d5b      	lsrs	r3, r3, #21
100007b4:	432b      	orrs	r3, r5
100007b6:	8073      	strh	r3, [r6, #2]
100007b8:	2604      	movs	r6, #4
100007ba:	46b4      	mov	ip, r6
100007bc:	44e0      	add	r8, ip
100007be:	4444      	add	r4, r8
100007c0:	1f13      	subs	r3, r2, #4
100007c2:	1b1b      	subs	r3, r3, r4
100007c4:	464c      	mov	r4, r9
100007c6:	71a1      	strb	r1, [r4, #6]
100007c8:	9902      	ldr	r1, [sp, #8]
100007ca:	051b      	lsls	r3, r3, #20
100007cc:	60a1      	str	r1, [r4, #8]
100007ce:	4649      	mov	r1, r9
100007d0:	0d5b      	lsrs	r3, r3, #21
100007d2:	432b      	orrs	r3, r5
100007d4:	80a3      	strh	r3, [r4, #4]
100007d6:	4b31      	ldr	r3, [pc, #196]	; (1000089c <irq_add_shared_handler+0x1e0>)
100007d8:	71e7      	strb	r7, [r4, #7]
100007da:	4301      	orrs	r1, r0
100007dc:	6013      	str	r3, [r2, #0]
100007de:	e7bd      	b.n	1000075c <irq_add_shared_handler+0xa0>
100007e0:	0058      	lsls	r0, r3, #1
100007e2:	18c0      	adds	r0, r0, r3
100007e4:	0080      	lsls	r0, r0, #2
100007e6:	1820      	adds	r0, r4, r0
100007e8:	79c6      	ldrb	r6, [r0, #7]
100007ea:	42be      	cmp	r6, r7
100007ec:	d92b      	bls.n	10000846 <irq_add_shared_handler+0x18a>
100007ee:	0002      	movs	r2, r0
100007f0:	2306      	movs	r3, #6
100007f2:	56d3      	ldrsb	r3, [r2, r3]
100007f4:	2b00      	cmp	r3, #0
100007f6:	daf3      	bge.n	100007e0 <irq_add_shared_handler+0x124>
100007f8:	1d10      	adds	r0, r2, #4
100007fa:	4682      	mov	sl, r0
100007fc:	4828      	ldr	r0, [pc, #160]	; (100008a0 <irq_add_shared_handler+0x1e4>)
100007fe:	4680      	mov	r8, r0
10000800:	2604      	movs	r6, #4
10000802:	4276      	negs	r6, r6
10000804:	46b4      	mov	ip, r6
10000806:	44e1      	add	r9, ip
10000808:	4650      	mov	r0, sl
1000080a:	464e      	mov	r6, r9
1000080c:	1a36      	subs	r6, r6, r0
1000080e:	0530      	lsls	r0, r6, #20
10000810:	0d40      	lsrs	r0, r0, #21
10000812:	4682      	mov	sl, r0
10000814:	4656      	mov	r6, sl
10000816:	481c      	ldr	r0, [pc, #112]	; (10000888 <irq_add_shared_handler+0x1cc>)
10000818:	7195      	strb	r5, [r2, #6]
1000081a:	4306      	orrs	r6, r0
1000081c:	8096      	strh	r6, [r2, #4]
1000081e:	9a03      	ldr	r2, [sp, #12]
10000820:	4694      	mov	ip, r2
10000822:	4465      	add	r5, ip
10000824:	4a1d      	ldr	r2, [pc, #116]	; (1000089c <irq_add_shared_handler+0x1e0>)
10000826:	00ad      	lsls	r5, r5, #2
10000828:	1964      	adds	r4, r4, r5
1000082a:	6022      	str	r2, [r4, #0]
1000082c:	4642      	mov	r2, r8
1000082e:	71a3      	strb	r3, [r4, #6]
10000830:	9b02      	ldr	r3, [sp, #8]
10000832:	80a2      	strh	r2, [r4, #4]
10000834:	71e7      	strb	r7, [r4, #7]
10000836:	60a3      	str	r3, [r4, #8]
10000838:	e790      	b.n	1000075c <irq_add_shared_handler+0xa0>
1000083a:	f000 ff27 	bl	1000168c <hard_assertion_failure>
1000083e:	2500      	movs	r5, #0
10000840:	4653      	mov	r3, sl
10000842:	575d      	ldrsb	r5, [r3, r5]
10000844:	e754      	b.n	100006f0 <irq_add_shared_handler+0x34>
10000846:	1d10      	adds	r0, r2, #4
10000848:	4682      	mov	sl, r0
1000084a:	8890      	ldrh	r0, [r2, #4]
1000084c:	0540      	lsls	r0, r0, #21
1000084e:	1500      	asrs	r0, r0, #20
10000850:	4684      	mov	ip, r0
10000852:	4640      	mov	r0, r8
10000854:	44d4      	add	ip, sl
10000856:	4666      	mov	r6, ip
10000858:	3004      	adds	r0, #4
1000085a:	1820      	adds	r0, r4, r0
1000085c:	1a30      	subs	r0, r6, r0
1000085e:	26e0      	movs	r6, #224	; 0xe0
10000860:	0500      	lsls	r0, r0, #20
10000862:	0d40      	lsrs	r0, r0, #21
10000864:	0236      	lsls	r6, r6, #8
10000866:	4330      	orrs	r0, r6
10000868:	4680      	mov	r8, r0
1000086a:	e7c9      	b.n	10000800 <irq_add_shared_handler+0x144>
1000086c:	f000 ff0e 	bl	1000168c <hard_assertion_failure>
10000870:	e757      	b.n	10000722 <irq_add_shared_handler+0x66>
10000872:	46c0      	nop			; (mov r8, r8)
10000874:	d0000124 	.word	0xd0000124
10000878:	20001f89 	.word	0x20001f89
1000087c:	20000fc4 	.word	0x20000fc4
10000880:	e000ed00 	.word	0xe000ed00
10000884:	100001cd 	.word	0x100001cd
10000888:	ffffe000 	.word	0xffffe000
1000088c:	ffffa100 	.word	0xffffa100
10000890:	20000ff4 	.word	0x20000ff4
10000894:	ffffbd01 	.word	0xffffbd01
10000898:	0000aaaa 	.word	0x0000aaaa
1000089c:	47804801 	.word	0x47804801
100008a0:	0000bd01 	.word	0x0000bd01

100008a4 <irq_add_tail_to_free_list>:
100008a4:	b570      	push	{r4, r5, r6, lr}
100008a6:	2401      	movs	r4, #1
100008a8:	4304      	orrs	r4, r0
100008aa:	f3ef 8105 	mrs	r1, IPSR
100008ae:	f3ef 8c10 	mrs	ip, PRIMASK
100008b2:	b672      	cpsid	i
100008b4:	4a21      	ldr	r2, [pc, #132]	; (1000093c <irq_add_tail_to_free_list+0x98>)
100008b6:	6813      	ldr	r3, [r2, #0]
100008b8:	2b00      	cmp	r3, #0
100008ba:	d0fc      	beq.n	100008b6 <irq_add_tail_to_free_list+0x12>
100008bc:	f3bf 8f5f 	dmb	sy
100008c0:	4b1f      	ldr	r3, [pc, #124]	; (10000940 <irq_add_tail_to_free_list+0x9c>)
100008c2:	0005      	movs	r5, r0
100008c4:	4a1f      	ldr	r2, [pc, #124]	; (10000944 <irq_add_tail_to_free_list+0xa0>)
100008c6:	1aed      	subs	r5, r5, r3
100008c8:	416d      	adcs	r5, r5
100008ca:	436a      	muls	r2, r5
100008cc:	0d12      	lsrs	r2, r2, #20
100008ce:	4d1e      	ldr	r5, [pc, #120]	; (10000948 <irq_add_tail_to_free_list+0xa4>)
100008d0:	0089      	lsls	r1, r1, #2
100008d2:	68ae      	ldr	r6, [r5, #8]
100008d4:	b252      	sxtb	r2, r2
100008d6:	5876      	ldr	r6, [r6, r1]
100008d8:	42a6      	cmp	r6, r4
100008da:	d01c      	beq.n	10000916 <irq_add_tail_to_free_list+0x72>
100008dc:	2106      	movs	r1, #6
100008de:	5659      	ldrsb	r1, [r3, r1]
100008e0:	4291      	cmp	r1, r2
100008e2:	d01c      	beq.n	1000091e <irq_add_tail_to_free_list+0x7a>
100008e4:	2112      	movs	r1, #18
100008e6:	5659      	ldrsb	r1, [r3, r1]
100008e8:	4291      	cmp	r1, r2
100008ea:	d022      	beq.n	10000932 <irq_add_tail_to_free_list+0x8e>
100008ec:	211e      	movs	r1, #30
100008ee:	5659      	ldrsb	r1, [r3, r1]
100008f0:	4291      	cmp	r1, r2
100008f2:	d020      	beq.n	10000936 <irq_add_tail_to_free_list+0x92>
100008f4:	212a      	movs	r1, #42	; 0x2a
100008f6:	5659      	ldrsb	r1, [r3, r1]
100008f8:	2403      	movs	r4, #3
100008fa:	4291      	cmp	r1, r2
100008fc:	d010      	beq.n	10000920 <irq_add_tail_to_free_list+0x7c>
100008fe:	4b13      	ldr	r3, [pc, #76]	; (1000094c <irq_add_tail_to_free_list+0xa8>)
10000900:	7819      	ldrb	r1, [r3, #0]
10000902:	701a      	strb	r2, [r3, #0]
10000904:	7181      	strb	r1, [r0, #6]
10000906:	f3bf 8f5f 	dmb	sy
1000090a:	2200      	movs	r2, #0
1000090c:	4b0b      	ldr	r3, [pc, #44]	; (1000093c <irq_add_tail_to_free_list+0x98>)
1000090e:	601a      	str	r2, [r3, #0]
10000910:	f38c 8810 	msr	PRIMASK, ip
10000914:	bd70      	pop	{r4, r5, r6, pc}
10000916:	68ab      	ldr	r3, [r5, #8]
10000918:	4c0d      	ldr	r4, [pc, #52]	; (10000950 <irq_add_tail_to_free_list+0xac>)
1000091a:	505c      	str	r4, [r3, r1]
1000091c:	e7ef      	b.n	100008fe <irq_add_tail_to_free_list+0x5a>
1000091e:	2400      	movs	r4, #0
10000920:	0061      	lsls	r1, r4, #1
10000922:	1909      	adds	r1, r1, r4
10000924:	0089      	lsls	r1, r1, #2
10000926:	185b      	adds	r3, r3, r1
10000928:	21ff      	movs	r1, #255	; 0xff
1000092a:	7199      	strb	r1, [r3, #6]
1000092c:	4909      	ldr	r1, [pc, #36]	; (10000954 <irq_add_tail_to_free_list+0xb0>)
1000092e:	8099      	strh	r1, [r3, #4]
10000930:	e7e5      	b.n	100008fe <irq_add_tail_to_free_list+0x5a>
10000932:	2401      	movs	r4, #1
10000934:	e7f4      	b.n	10000920 <irq_add_tail_to_free_list+0x7c>
10000936:	2402      	movs	r4, #2
10000938:	e7f2      	b.n	10000920 <irq_add_tail_to_free_list+0x7c>
1000093a:	46c0      	nop			; (mov r8, r8)
1000093c:	d0000124 	.word	0xd0000124
10000940:	20000fc4 	.word	0x20000fc4
10000944:	0000aaaa 	.word	0x0000aaaa
10000948:	e000ed00 	.word	0xe000ed00
1000094c:	20001f89 	.word	0x20001f89
10000950:	100001cd 	.word	0x100001cd
10000954:	ffffbd01 	.word	0xffffbd01

10000958 <user_irq_claim_unused>:
10000958:	b500      	push	{lr}
1000095a:	4b07      	ldr	r3, [pc, #28]	; (10000978 <user_irq_claim_unused+0x20>)
1000095c:	b083      	sub	sp, #12
1000095e:	0001      	movs	r1, r0
10000960:	9300      	str	r3, [sp, #0]
10000962:	2200      	movs	r2, #0
10000964:	2305      	movs	r3, #5
10000966:	4805      	ldr	r0, [pc, #20]	; (1000097c <user_irq_claim_unused+0x24>)
10000968:	f7ff fdbc 	bl	100004e4 <hw_claim_unused_from_range>
1000096c:	2800      	cmp	r0, #0
1000096e:	db01      	blt.n	10000974 <user_irq_claim_unused+0x1c>
10000970:	231f      	movs	r3, #31
10000972:	1a18      	subs	r0, r3, r0
10000974:	b003      	add	sp, #12
10000976:	bd00      	pop	{pc}
10000978:	100069a0 	.word	0x100069a0
1000097c:	20001f8d 	.word	0x20001f8d

10000980 <lock_init>:
10000980:	4b02      	ldr	r3, [pc, #8]	; (1000098c <lock_init+0xc>)
10000982:	469c      	mov	ip, r3
10000984:	4461      	add	r1, ip
10000986:	0089      	lsls	r1, r1, #2
10000988:	6001      	str	r1, [r0, #0]
1000098a:	4770      	bx	lr
1000098c:	34000040 	.word	0x34000040

10000990 <runtime_init_mutex>:
10000990:	b5f8      	push	{r3, r4, r5, r6, r7, lr}
10000992:	4d13      	ldr	r5, [pc, #76]	; (100009e0 <runtime_init_mutex+0x50>)
10000994:	4e13      	ldr	r6, [pc, #76]	; (100009e4 <runtime_init_mutex+0x54>)
10000996:	002c      	movs	r4, r5
10000998:	27ff      	movs	r7, #255	; 0xff
1000099a:	42b5      	cmp	r5, r6
1000099c:	d21e      	bcs.n	100009dc <runtime_init_mutex+0x4c>
1000099e:	6823      	ldr	r3, [r4, #0]
100009a0:	2b00      	cmp	r3, #0
100009a2:	d00f      	beq.n	100009c4 <runtime_init_mutex+0x34>
100009a4:	f7ff fdec 	bl	10000580 <next_striped_spin_lock_num>
100009a8:	0001      	movs	r1, r0
100009aa:	0028      	movs	r0, r5
100009ac:	f7ff ffe8 	bl	10000980 <lock_init>
100009b0:	80a7      	strh	r7, [r4, #4]
100009b2:	f3bf 8f5f 	dmb	sy
100009b6:	3408      	adds	r4, #8
100009b8:	42b4      	cmp	r4, r6
100009ba:	d20f      	bcs.n	100009dc <runtime_init_mutex+0x4c>
100009bc:	6823      	ldr	r3, [r4, #0]
100009be:	0025      	movs	r5, r4
100009c0:	2b00      	cmp	r3, #0
100009c2:	d1ef      	bne.n	100009a4 <runtime_init_mutex+0x14>
100009c4:	f7ff fddc 	bl	10000580 <next_striped_spin_lock_num>
100009c8:	0001      	movs	r1, r0
100009ca:	0028      	movs	r0, r5
100009cc:	f7ff ffd8 	bl	10000980 <lock_init>
100009d0:	7127      	strb	r7, [r4, #4]
100009d2:	f3bf 8f5f 	dmb	sy
100009d6:	3408      	adds	r4, #8
100009d8:	42b4      	cmp	r4, r6
100009da:	d3ef      	bcc.n	100009bc <runtime_init_mutex+0x2c>
100009dc:	bdf8      	pop	{r3, r4, r5, r6, r7, pc}
100009de:	46c0      	nop			; (mov r8, r8)
100009e0:	20001088 	.word	0x20001088
100009e4:	20001090 	.word	0x20001090

100009e8 <mutex_init>:
100009e8:	b510      	push	{r4, lr}
100009ea:	0004      	movs	r4, r0
100009ec:	f7ff fdc8 	bl	10000580 <next_striped_spin_lock_num>
100009f0:	0001      	movs	r1, r0
100009f2:	0020      	movs	r0, r4
100009f4:	f7ff ffc4 	bl	10000980 <lock_init>
100009f8:	23ff      	movs	r3, #255	; 0xff
100009fa:	7123      	strb	r3, [r4, #4]
100009fc:	f3bf 8f5f 	dmb	sy
10000a00:	bd10      	pop	{r4, pc}
10000a02:	46c0      	nop			; (mov r8, r8)

10000a04 <critical_section_init>:
10000a04:	b510      	push	{r4, lr}
10000a06:	0004      	movs	r4, r0
10000a08:	2001      	movs	r0, #1
10000a0a:	f7ff fdc5 	bl	10000598 <spin_lock_claim_unused>
10000a0e:	4b04      	ldr	r3, [pc, #16]	; (10000a20 <critical_section_init+0x1c>)
10000a10:	469c      	mov	ip, r3
10000a12:	4460      	add	r0, ip
10000a14:	0080      	lsls	r0, r0, #2
10000a16:	6020      	str	r0, [r4, #0]
10000a18:	f3bf 8f5f 	dmb	sy
10000a1c:	bd10      	pop	{r4, pc}
10000a1e:	46c0      	nop			; (mov r8, r8)
10000a20:	34000040 	.word	0x34000040

10000a24 <critical_section_init_with_lock_num>:
10000a24:	4b03      	ldr	r3, [pc, #12]	; (10000a34 <critical_section_init_with_lock_num+0x10>)
10000a26:	469c      	mov	ip, r3
10000a28:	4461      	add	r1, ip
10000a2a:	0089      	lsls	r1, r1, #2
10000a2c:	6001      	str	r1, [r0, #0]
10000a2e:	f3bf 8f5f 	dmb	sy
10000a32:	4770      	bx	lr
10000a34:	34000040 	.word	0x34000040

10000a38 <sleep_until_callback>:
10000a38:	4b0a      	ldr	r3, [pc, #40]	; (10000a64 <sleep_until_callback+0x2c>)
10000a3a:	6819      	ldr	r1, [r3, #0]
10000a3c:	f3ef 8010 	mrs	r0, PRIMASK
10000a40:	b672      	cpsid	i
10000a42:	680a      	ldr	r2, [r1, #0]
10000a44:	2a00      	cmp	r2, #0
10000a46:	d0fc      	beq.n	10000a42 <sleep_until_callback+0xa>
10000a48:	f3bf 8f5f 	dmb	sy
10000a4c:	681b      	ldr	r3, [r3, #0]
10000a4e:	f3bf 8f5f 	dmb	sy
10000a52:	2200      	movs	r2, #0
10000a54:	601a      	str	r2, [r3, #0]
10000a56:	f380 8810 	msr	PRIMASK, r0
10000a5a:	bf40      	sev
10000a5c:	2000      	movs	r0, #0
10000a5e:	2100      	movs	r1, #0
10000a60:	4770      	bx	lr
10000a62:	46c0      	nop			; (mov r8, r8)
10000a64:	20001f68 	.word	0x20001f68

10000a68 <alarm_pool_irq_handler>:
10000a68:	b5f0      	push	{r4, r5, r6, r7, lr}
10000a6a:	46de      	mov	lr, fp
10000a6c:	4657      	mov	r7, sl
10000a6e:	464e      	mov	r6, r9
10000a70:	4645      	mov	r5, r8
10000a72:	b5e0      	push	{r5, r6, r7, lr}
10000a74:	b085      	sub	sp, #20
10000a76:	f3ef 8205 	mrs	r2, IPSR
10000a7a:	2303      	movs	r3, #3
10000a7c:	4013      	ands	r3, r2
10000a7e:	009a      	lsls	r2, r3, #2
10000a80:	0011      	movs	r1, r2
10000a82:	9203      	str	r2, [sp, #12]
10000a84:	4ab6      	ldr	r2, [pc, #728]	; (10000d60 <alarm_pool_irq_handler+0x2f8>)
10000a86:	5852      	ldr	r2, [r2, r1]
10000a88:	4690      	mov	r8, r2
10000a8a:	2201      	movs	r2, #1
10000a8c:	409a      	lsls	r2, r3
10000a8e:	4691      	mov	r9, r2
10000a90:	4bb4      	ldr	r3, [pc, #720]	; (10000d64 <alarm_pool_irq_handler+0x2fc>)
10000a92:	601a      	str	r2, [r3, #0]
10000a94:	464b      	mov	r3, r9
10000a96:	48b4      	ldr	r0, [pc, #720]	; (10000d68 <alarm_pool_irq_handler+0x300>)
10000a98:	6343      	str	r3, [r0, #52]	; 0x34
10000a9a:	4643      	mov	r3, r8
10000a9c:	2208      	movs	r2, #8
10000a9e:	5e9b      	ldrsh	r3, [r3, r2]
10000aa0:	469a      	mov	sl, r3
10000aa2:	2b00      	cmp	r3, #0
10000aa4:	da3d      	bge.n	10000b22 <alarm_pool_irq_handler+0xba>
10000aa6:	4643      	mov	r3, r8
10000aa8:	889b      	ldrh	r3, [r3, #4]
10000aaa:	b21b      	sxth	r3, r3
10000aac:	2b00      	cmp	r3, #0
10000aae:	db00      	blt.n	10000ab2 <alarm_pool_irq_handler+0x4a>
10000ab0:	e0a1      	b.n	10000bf6 <alarm_pool_irq_handler+0x18e>
10000ab2:	4643      	mov	r3, r8
10000ab4:	799b      	ldrb	r3, [r3, #6]
10000ab6:	2b00      	cmp	r3, #0
10000ab8:	d000      	beq.n	10000abc <alarm_pool_irq_handler+0x54>
10000aba:	e0f3      	b.n	10000ca4 <alarm_pool_irq_handler+0x23c>
10000abc:	4643      	mov	r3, r8
10000abe:	2408      	movs	r4, #8
10000ac0:	5f1c      	ldrsh	r4, [r3, r4]
10000ac2:	2c00      	cmp	r4, #0
10000ac4:	db23      	blt.n	10000b0e <alarm_pool_irq_handler+0xa6>
10000ac6:	4642      	mov	r2, r8
10000ac8:	6952      	ldr	r2, [r2, #20]
10000aca:	0063      	lsls	r3, r4, #1
10000acc:	4694      	mov	ip, r2
10000ace:	191b      	adds	r3, r3, r4
10000ad0:	00db      	lsls	r3, r3, #3
10000ad2:	4463      	add	r3, ip
10000ad4:	689c      	ldr	r4, [r3, #8]
10000ad6:	68dd      	ldr	r5, [r3, #12]
10000ad8:	1c63      	adds	r3, r4, #1
10000ada:	d100      	bne.n	10000ade <alarm_pool_irq_handler+0x76>
10000adc:	e10f      	b.n	10000cfe <alarm_pool_irq_handler+0x296>
10000ade:	48a2      	ldr	r0, [pc, #648]	; (10000d68 <alarm_pool_irq_handler+0x300>)
10000ae0:	9903      	ldr	r1, [sp, #12]
10000ae2:	4684      	mov	ip, r0
10000ae4:	4461      	add	r1, ip
10000ae6:	6a82      	ldr	r2, [r0, #40]	; 0x28
10000ae8:	690b      	ldr	r3, [r1, #16]
10000aea:	1aa6      	subs	r6, r4, r2
10000aec:	1a9b      	subs	r3, r3, r2
10000aee:	429e      	cmp	r6, r3
10000af0:	d315      	bcc.n	10000b1e <alarm_pool_irq_handler+0xb6>
10000af2:	464a      	mov	r2, r9
10000af4:	6a03      	ldr	r3, [r0, #32]
10000af6:	421a      	tst	r2, r3
10000af8:	d011      	beq.n	10000b1e <alarm_pool_irq_handler+0xb6>
10000afa:	489b      	ldr	r0, [pc, #620]	; (10000d68 <alarm_pool_irq_handler+0x300>)
10000afc:	f000 fbb0 	bl	10001260 <timer_time_us_64>
10000b00:	1a24      	subs	r4, r4, r0
10000b02:	418d      	sbcs	r5, r1
10000b04:	2d00      	cmp	r5, #0
10000b06:	dc02      	bgt.n	10000b0e <alarm_pool_irq_handler+0xa6>
10000b08:	d1c4      	bne.n	10000a94 <alarm_pool_irq_handler+0x2c>
10000b0a:	2c00      	cmp	r4, #0
10000b0c:	d0c2      	beq.n	10000a94 <alarm_pool_irq_handler+0x2c>
10000b0e:	bf40      	sev
10000b10:	b005      	add	sp, #20
10000b12:	bcf0      	pop	{r4, r5, r6, r7}
10000b14:	46bb      	mov	fp, r7
10000b16:	46b2      	mov	sl, r6
10000b18:	46a9      	mov	r9, r5
10000b1a:	46a0      	mov	r8, r4
10000b1c:	bdf0      	pop	{r4, r5, r6, r7, pc}
10000b1e:	610c      	str	r4, [r1, #16]
10000b20:	e7eb      	b.n	10000afa <alarm_pool_irq_handler+0x92>
10000b22:	4642      	mov	r2, r8
10000b24:	6952      	ldr	r2, [r2, #20]
10000b26:	005b      	lsls	r3, r3, #1
10000b28:	4693      	mov	fp, r2
10000b2a:	4453      	add	r3, sl
10000b2c:	00db      	lsls	r3, r3, #3
10000b2e:	449b      	add	fp, r3
10000b30:	465b      	mov	r3, fp
10000b32:	689e      	ldr	r6, [r3, #8]
10000b34:	68df      	ldr	r7, [r3, #12]
10000b36:	f000 fb93 	bl	10001260 <timer_time_us_64>
10000b3a:	1b80      	subs	r0, r0, r6
10000b3c:	41b9      	sbcs	r1, r7
10000b3e:	2900      	cmp	r1, #0
10000b40:	dbb1      	blt.n	10000aa6 <alarm_pool_irq_handler+0x3e>
10000b42:	2f00      	cmp	r7, #0
10000b44:	da00      	bge.n	10000b48 <alarm_pool_irq_handler+0xe0>
10000b46:	e0e5      	b.n	10000d14 <alarm_pool_irq_handler+0x2ac>
10000b48:	465b      	mov	r3, fp
10000b4a:	4a88      	ldr	r2, [pc, #544]	; (10000d6c <alarm_pool_irq_handler+0x304>)
10000b4c:	691b      	ldr	r3, [r3, #16]
10000b4e:	4293      	cmp	r3, r2
10000b50:	d100      	bne.n	10000b54 <alarm_pool_irq_handler+0xec>
10000b52:	e0d8      	b.n	10000d06 <alarm_pool_irq_handler+0x29e>
10000b54:	4641      	mov	r1, r8
10000b56:	465a      	mov	r2, fp
10000b58:	2008      	movs	r0, #8
10000b5a:	5e08      	ldrsh	r0, [r1, r0]
10000b5c:	8852      	ldrh	r2, [r2, #2]
10000b5e:	0400      	lsls	r0, r0, #16
10000b60:	4310      	orrs	r0, r2
10000b62:	465a      	mov	r2, fp
10000b64:	6951      	ldr	r1, [r2, #20]
10000b66:	4798      	blx	r3
10000b68:	0004      	movs	r4, r0
10000b6a:	000d      	movs	r5, r1
10000b6c:	0023      	movs	r3, r4
10000b6e:	432b      	orrs	r3, r5
10000b70:	d100      	bne.n	10000b74 <alarm_pool_irq_handler+0x10c>
10000b72:	e0cf      	b.n	10000d14 <alarm_pool_irq_handler+0x2ac>
10000b74:	2d00      	cmp	r5, #0
10000b76:	db00      	blt.n	10000b7a <alarm_pool_irq_handler+0x112>
10000b78:	e0e8      	b.n	10000d4c <alarm_pool_irq_handler+0x2e4>
10000b7a:	1b36      	subs	r6, r6, r4
10000b7c:	41af      	sbcs	r7, r5
10000b7e:	0034      	movs	r4, r6
10000b80:	003d      	movs	r5, r7
10000b82:	465b      	mov	r3, fp
10000b84:	609c      	str	r4, [r3, #8]
10000b86:	60dd      	str	r5, [r3, #12]
10000b88:	2100      	movs	r1, #0
10000b8a:	5e59      	ldrsh	r1, [r3, r1]
10000b8c:	2900      	cmp	r1, #0
10000b8e:	da00      	bge.n	10000b92 <alarm_pool_irq_handler+0x12a>
10000b90:	e789      	b.n	10000aa6 <alarm_pool_irq_handler+0x3e>
10000b92:	4643      	mov	r3, r8
10000b94:	695b      	ldr	r3, [r3, #20]
10000b96:	0022      	movs	r2, r4
10000b98:	469c      	mov	ip, r3
10000b9a:	002b      	movs	r3, r5
10000b9c:	0048      	lsls	r0, r1, #1
10000b9e:	1840      	adds	r0, r0, r1
10000ba0:	00c0      	lsls	r0, r0, #3
10000ba2:	4460      	add	r0, ip
10000ba4:	6886      	ldr	r6, [r0, #8]
10000ba6:	68c7      	ldr	r7, [r0, #12]
10000ba8:	1b92      	subs	r2, r2, r6
10000baa:	41bb      	sbcs	r3, r7
10000bac:	2b00      	cmp	r3, #0
10000bae:	da00      	bge.n	10000bb2 <alarm_pool_irq_handler+0x14a>
10000bb0:	e779      	b.n	10000aa6 <alarm_pool_irq_handler+0x3e>
10000bb2:	4643      	mov	r3, r8
10000bb4:	4666      	mov	r6, ip
10000bb6:	0002      	movs	r2, r0
10000bb8:	9400      	str	r4, [sp, #0]
10000bba:	9501      	str	r5, [sp, #4]
10000bbc:	8119      	strh	r1, [r3, #8]
10000bbe:	e00c      	b.n	10000bda <alarm_pool_irq_handler+0x172>
10000bc0:	007b      	lsls	r3, r7, #1
10000bc2:	19db      	adds	r3, r3, r7
10000bc4:	00db      	lsls	r3, r3, #3
10000bc6:	18f3      	adds	r3, r6, r3
10000bc8:	9800      	ldr	r0, [sp, #0]
10000bca:	9901      	ldr	r1, [sp, #4]
10000bcc:	689c      	ldr	r4, [r3, #8]
10000bce:	68dd      	ldr	r5, [r3, #12]
10000bd0:	1b00      	subs	r0, r0, r4
10000bd2:	41a9      	sbcs	r1, r5
10000bd4:	2900      	cmp	r1, #0
10000bd6:	db04      	blt.n	10000be2 <alarm_pool_irq_handler+0x17a>
10000bd8:	001a      	movs	r2, r3
10000bda:	2300      	movs	r3, #0
10000bdc:	5ed7      	ldrsh	r7, [r2, r3]
10000bde:	2f00      	cmp	r7, #0
10000be0:	daee      	bge.n	10000bc0 <alarm_pool_irq_handler+0x158>
10000be2:	465b      	mov	r3, fp
10000be4:	801f      	strh	r7, [r3, #0]
10000be6:	4653      	mov	r3, sl
10000be8:	8013      	strh	r3, [r2, #0]
10000bea:	4643      	mov	r3, r8
10000bec:	889b      	ldrh	r3, [r3, #4]
10000bee:	b21b      	sxth	r3, r3
10000bf0:	2b00      	cmp	r3, #0
10000bf2:	da00      	bge.n	10000bf6 <alarm_pool_irq_handler+0x18e>
10000bf4:	e75d      	b.n	10000ab2 <alarm_pool_irq_handler+0x4a>
10000bf6:	4643      	mov	r3, r8
10000bf8:	691a      	ldr	r2, [r3, #16]
10000bfa:	f3ef 8110 	mrs	r1, PRIMASK
10000bfe:	b672      	cpsid	i
10000c00:	6813      	ldr	r3, [r2, #0]
10000c02:	2b00      	cmp	r3, #0
10000c04:	d0fc      	beq.n	10000c00 <alarm_pool_irq_handler+0x198>
10000c06:	f3bf 8f5f 	dmb	sy
10000c0a:	4643      	mov	r3, r8
10000c0c:	889b      	ldrh	r3, [r3, #4]
10000c0e:	4642      	mov	r2, r8
10000c10:	b21b      	sxth	r3, r3
10000c12:	469a      	mov	sl, r3
10000c14:	2301      	movs	r3, #1
10000c16:	425b      	negs	r3, r3
10000c18:	8093      	strh	r3, [r2, #4]
10000c1a:	6913      	ldr	r3, [r2, #16]
10000c1c:	f3bf 8f5f 	dmb	sy
10000c20:	2200      	movs	r2, #0
10000c22:	601a      	str	r2, [r3, #0]
10000c24:	f381 8810 	msr	PRIMASK, r1
10000c28:	4653      	mov	r3, sl
10000c2a:	2b00      	cmp	r3, #0
10000c2c:	da00      	bge.n	10000c30 <alarm_pool_irq_handler+0x1c8>
10000c2e:	e740      	b.n	10000ab2 <alarm_pool_irq_handler+0x4a>
10000c30:	4643      	mov	r3, r8
10000c32:	695b      	ldr	r3, [r3, #20]
10000c34:	469c      	mov	ip, r3
10000c36:	2308      	movs	r3, #8
10000c38:	4443      	add	r3, r8
10000c3a:	469b      	mov	fp, r3
10000c3c:	4653      	mov	r3, sl
10000c3e:	005f      	lsls	r7, r3, #1
10000c40:	4643      	mov	r3, r8
10000c42:	4457      	add	r7, sl
10000c44:	00ff      	lsls	r7, r7, #3
10000c46:	2208      	movs	r2, #8
10000c48:	5e9a      	ldrsh	r2, [r3, r2]
10000c4a:	4467      	add	r7, ip
10000c4c:	465e      	mov	r6, fp
10000c4e:	68bc      	ldr	r4, [r7, #8]
10000c50:	68fd      	ldr	r5, [r7, #12]
10000c52:	2a00      	cmp	r2, #0
10000c54:	db19      	blt.n	10000c8a <alarm_pool_irq_handler+0x222>
10000c56:	003b      	movs	r3, r7
10000c58:	9400      	str	r4, [sp, #0]
10000c5a:	9501      	str	r5, [sp, #4]
10000c5c:	4667      	mov	r7, ip
10000c5e:	469c      	mov	ip, r3
10000c60:	e004      	b.n	10000c6c <alarm_pool_irq_handler+0x204>
10000c62:	001e      	movs	r6, r3
10000c64:	2300      	movs	r3, #0
10000c66:	5ef2      	ldrsh	r2, [r6, r3]
10000c68:	2a00      	cmp	r2, #0
10000c6a:	db0b      	blt.n	10000c84 <alarm_pool_irq_handler+0x21c>
10000c6c:	9800      	ldr	r0, [sp, #0]
10000c6e:	9901      	ldr	r1, [sp, #4]
10000c70:	0053      	lsls	r3, r2, #1
10000c72:	189b      	adds	r3, r3, r2
10000c74:	00db      	lsls	r3, r3, #3
10000c76:	18fb      	adds	r3, r7, r3
10000c78:	689c      	ldr	r4, [r3, #8]
10000c7a:	68dd      	ldr	r5, [r3, #12]
10000c7c:	1b00      	subs	r0, r0, r4
10000c7e:	41a9      	sbcs	r1, r5
10000c80:	2900      	cmp	r1, #0
10000c82:	daee      	bge.n	10000c62 <alarm_pool_irq_handler+0x1fa>
10000c84:	4663      	mov	r3, ip
10000c86:	46bc      	mov	ip, r7
10000c88:	001f      	movs	r7, r3
10000c8a:	4653      	mov	r3, sl
10000c8c:	8033      	strh	r3, [r6, #0]
10000c8e:	2100      	movs	r1, #0
10000c90:	5e7b      	ldrsh	r3, [r7, r1]
10000c92:	803a      	strh	r2, [r7, #0]
10000c94:	469a      	mov	sl, r3
10000c96:	2b00      	cmp	r3, #0
10000c98:	dad0      	bge.n	10000c3c <alarm_pool_irq_handler+0x1d4>
10000c9a:	4643      	mov	r3, r8
10000c9c:	799b      	ldrb	r3, [r3, #6]
10000c9e:	2b00      	cmp	r3, #0
10000ca0:	d100      	bne.n	10000ca4 <alarm_pool_irq_handler+0x23c>
10000ca2:	e70b      	b.n	10000abc <alarm_pool_irq_handler+0x54>
10000ca4:	2300      	movs	r3, #0
10000ca6:	4642      	mov	r2, r8
10000ca8:	7193      	strb	r3, [r2, #6]
10000caa:	4643      	mov	r3, r8
10000cac:	4646      	mov	r6, r8
10000cae:	2108      	movs	r1, #8
10000cb0:	5e59      	ldrsh	r1, [r3, r1]
10000cb2:	3608      	adds	r6, #8
10000cb4:	1c4b      	adds	r3, r1, #1
10000cb6:	d100      	bne.n	10000cba <alarm_pool_irq_handler+0x252>
10000cb8:	e729      	b.n	10000b0e <alarm_pool_irq_handler+0xa6>
10000cba:	4647      	mov	r7, r8
10000cbc:	468c      	mov	ip, r1
10000cbe:	6955      	ldr	r5, [r2, #20]
10000cc0:	e002      	b.n	10000cc8 <alarm_pool_irq_handler+0x260>
10000cc2:	0006      	movs	r6, r0
10000cc4:	1c4b      	adds	r3, r1, #1
10000cc6:	d017      	beq.n	10000cf8 <alarm_pool_irq_handler+0x290>
10000cc8:	004b      	lsls	r3, r1, #1
10000cca:	185b      	adds	r3, r3, r1
10000ccc:	00db      	lsls	r3, r3, #3
10000cce:	18e8      	adds	r0, r5, r3
10000cd0:	000a      	movs	r2, r1
10000cd2:	5ee9      	ldrsh	r1, [r5, r3]
10000cd4:	8843      	ldrh	r3, [r0, #2]
10000cd6:	b21b      	sxth	r3, r3
10000cd8:	2b00      	cmp	r3, #0
10000cda:	daf2      	bge.n	10000cc2 <alarm_pool_irq_handler+0x25a>
10000cdc:	2301      	movs	r3, #1
10000cde:	425b      	negs	r3, r3
10000ce0:	17dc      	asrs	r4, r3, #31
10000ce2:	6083      	str	r3, [r0, #8]
10000ce4:	60c4      	str	r4, [r0, #12]
10000ce6:	4562      	cmp	r2, ip
10000ce8:	d0ec      	beq.n	10000cc4 <alarm_pool_irq_handler+0x25c>
10000cea:	8031      	strh	r1, [r6, #0]
10000cec:	893b      	ldrh	r3, [r7, #8]
10000cee:	4694      	mov	ip, r2
10000cf0:	8003      	strh	r3, [r0, #0]
10000cf2:	813a      	strh	r2, [r7, #8]
10000cf4:	1c4b      	adds	r3, r1, #1
10000cf6:	d1e7      	bne.n	10000cc8 <alarm_pool_irq_handler+0x260>
10000cf8:	46b8      	mov	r8, r7
10000cfa:	4664      	mov	r4, ip
10000cfc:	e6e1      	b.n	10000ac2 <alarm_pool_irq_handler+0x5a>
10000cfe:	1c6b      	adds	r3, r5, #1
10000d00:	d000      	beq.n	10000d04 <alarm_pool_irq_handler+0x29c>
10000d02:	e6ec      	b.n	10000ade <alarm_pool_irq_handler+0x76>
10000d04:	e6f9      	b.n	10000afa <alarm_pool_irq_handler+0x92>
10000d06:	465b      	mov	r3, fp
10000d08:	695c      	ldr	r4, [r3, #20]
10000d0a:	0020      	movs	r0, r4
10000d0c:	6923      	ldr	r3, [r4, #16]
10000d0e:	4798      	blx	r3
10000d10:	2800      	cmp	r0, #0
10000d12:	d121      	bne.n	10000d58 <alarm_pool_irq_handler+0x2f0>
10000d14:	465b      	mov	r3, fp
10000d16:	4642      	mov	r2, r8
10000d18:	881b      	ldrh	r3, [r3, #0]
10000d1a:	8113      	strh	r3, [r2, #8]
10000d1c:	6912      	ldr	r2, [r2, #16]
10000d1e:	f3ef 8310 	mrs	r3, PRIMASK
10000d22:	b672      	cpsid	i
10000d24:	6811      	ldr	r1, [r2, #0]
10000d26:	2900      	cmp	r1, #0
10000d28:	d0fc      	beq.n	10000d24 <alarm_pool_irq_handler+0x2bc>
10000d2a:	f3bf 8f5f 	dmb	sy
10000d2e:	4642      	mov	r2, r8
10000d30:	4659      	mov	r1, fp
10000d32:	8852      	ldrh	r2, [r2, #2]
10000d34:	800a      	strh	r2, [r1, #0]
10000d36:	4642      	mov	r2, r8
10000d38:	4651      	mov	r1, sl
10000d3a:	8051      	strh	r1, [r2, #2]
10000d3c:	6912      	ldr	r2, [r2, #16]
10000d3e:	f3bf 8f5f 	dmb	sy
10000d42:	2100      	movs	r1, #0
10000d44:	6011      	str	r1, [r2, #0]
10000d46:	f383 8810 	msr	PRIMASK, r3
10000d4a:	e6ac      	b.n	10000aa6 <alarm_pool_irq_handler+0x3e>
10000d4c:	4806      	ldr	r0, [pc, #24]	; (10000d68 <alarm_pool_irq_handler+0x300>)
10000d4e:	f000 fa87 	bl	10001260 <timer_time_us_64>
10000d52:	1824      	adds	r4, r4, r0
10000d54:	414d      	adcs	r5, r1
10000d56:	e714      	b.n	10000b82 <alarm_pool_irq_handler+0x11a>
10000d58:	6865      	ldr	r5, [r4, #4]
10000d5a:	6824      	ldr	r4, [r4, #0]
10000d5c:	e706      	b.n	10000b6c <alarm_pool_irq_handler+0x104>
10000d5e:	46c0      	nop			; (mov r8, r8)
10000d60:	20001f4c 	.word	0x20001f4c
10000d64:	4005703c 	.word	0x4005703c
10000d68:	40054000 	.word	0x40054000
10000d6c:	10000a69 	.word	0x10000a69

10000d70 <runtime_init_default_alarm_pool>:
10000d70:	b570      	push	{r4, r5, r6, lr}
10000d72:	4c2e      	ldr	r4, [pc, #184]	; (10000e2c <runtime_init_default_alarm_pool+0xbc>)
10000d74:	6925      	ldr	r5, [r4, #16]
10000d76:	2d00      	cmp	r5, #0
10000d78:	d004      	beq.n	10000d84 <runtime_init_default_alarm_pool+0x14>
10000d7a:	210a      	movs	r1, #10
10000d7c:	482c      	ldr	r0, [pc, #176]	; (10000e30 <runtime_init_default_alarm_pool+0xc0>)
10000d7e:	f7ff fdff 	bl	10000980 <lock_init>
10000d82:	bd70      	pop	{r4, r5, r6, pc}
10000d84:	4e2b      	ldr	r6, [pc, #172]	; (10000e34 <runtime_init_default_alarm_pool+0xc4>)
10000d86:	2103      	movs	r1, #3
10000d88:	0030      	movs	r0, r6
10000d8a:	f000 fa5f 	bl	1000124c <timer_hardware_alarm_claim>
10000d8e:	60e6      	str	r6, [r4, #12]
10000d90:	f7ff fbf6 	bl	10000580 <next_striped_spin_lock_num>
10000d94:	4b28      	ldr	r3, [pc, #160]	; (10000e38 <runtime_init_default_alarm_pool+0xc8>)
10000d96:	2203      	movs	r2, #3
10000d98:	469c      	mov	ip, r3
10000d9a:	23d0      	movs	r3, #208	; 0xd0
10000d9c:	7022      	strb	r2, [r4, #0]
10000d9e:	061b      	lsls	r3, r3, #24
10000da0:	681b      	ldr	r3, [r3, #0]
10000da2:	2101      	movs	r1, #1
10000da4:	7063      	strb	r3, [r4, #1]
10000da6:	4b25      	ldr	r3, [pc, #148]	; (10000e3c <runtime_init_default_alarm_pool+0xcc>)
10000da8:	4460      	add	r0, ip
10000daa:	60a3      	str	r3, [r4, #8]
10000dac:	230f      	movs	r3, #15
10000dae:	0080      	lsls	r0, r0, #2
10000db0:	6120      	str	r0, [r4, #16]
10000db2:	2002      	movs	r0, #2
10000db4:	8063      	strh	r3, [r4, #2]
10000db6:	6963      	ldr	r3, [r4, #20]
10000db8:	4249      	negs	r1, r1
10000dba:	80a1      	strh	r1, [r4, #4]
10000dbc:	8019      	strh	r1, [r3, #0]
10000dbe:	3102      	adds	r1, #2
10000dc0:	8619      	strh	r1, [r3, #48]	; 0x30
10000dc2:	3147      	adds	r1, #71	; 0x47
10000dc4:	831d      	strh	r5, [r3, #24]
10000dc6:	5258      	strh	r0, [r3, r1]
10000dc8:	3118      	adds	r1, #24
10000dca:	525a      	strh	r2, [r3, r1]
10000dcc:	3275      	adds	r2, #117	; 0x75
10000dce:	395c      	subs	r1, #92	; 0x5c
10000dd0:	5299      	strh	r1, [r3, r2]
10000dd2:	3218      	adds	r2, #24
10000dd4:	3101      	adds	r1, #1
10000dd6:	5299      	strh	r1, [r3, r2]
10000dd8:	3218      	adds	r2, #24
10000dda:	3101      	adds	r1, #1
10000ddc:	5299      	strh	r1, [r3, r2]
10000dde:	3218      	adds	r2, #24
10000de0:	3101      	adds	r1, #1
10000de2:	5299      	strh	r1, [r3, r2]
10000de4:	3508      	adds	r5, #8
10000de6:	3218      	adds	r2, #24
10000de8:	529d      	strh	r5, [r3, r2]
10000dea:	3102      	adds	r1, #2
10000dec:	3218      	adds	r2, #24
10000dee:	5299      	strh	r1, [r3, r2]
10000df0:	3218      	adds	r2, #24
10000df2:	3101      	adds	r1, #1
10000df4:	5299      	strh	r1, [r3, r2]
10000df6:	3218      	adds	r2, #24
10000df8:	3101      	adds	r1, #1
10000dfa:	5299      	strh	r1, [r3, r2]
10000dfc:	3218      	adds	r2, #24
10000dfe:	3101      	adds	r1, #1
10000e00:	5299      	strh	r1, [r3, r2]
10000e02:	3218      	adds	r2, #24
10000e04:	3101      	adds	r1, #1
10000e06:	5299      	strh	r1, [r3, r2]
10000e08:	3218      	adds	r2, #24
10000e0a:	3101      	adds	r1, #1
10000e0c:	5299      	strh	r1, [r3, r2]
10000e0e:	4b0c      	ldr	r3, [pc, #48]	; (10000e40 <runtime_init_default_alarm_pool+0xd0>)
10000e10:	490c      	ldr	r1, [pc, #48]	; (10000e44 <runtime_init_default_alarm_pool+0xd4>)
10000e12:	60dc      	str	r4, [r3, #12]
10000e14:	3001      	adds	r0, #1
10000e16:	6235      	str	r5, [r6, #32]
10000e18:	f7ff fc26 	bl	10000668 <irq_set_exclusive_handler>
10000e1c:	2101      	movs	r1, #1
10000e1e:	2003      	movs	r0, #3
10000e20:	f7ff fbea 	bl	100005f8 <irq_set_enabled>
10000e24:	4b08      	ldr	r3, [pc, #32]	; (10000e48 <runtime_init_default_alarm_pool+0xd8>)
10000e26:	601d      	str	r5, [r3, #0]
10000e28:	e7a7      	b.n	10000d7a <runtime_init_default_alarm_pool+0xa>
10000e2a:	46c0      	nop			; (mov r8, r8)
10000e2c:	2000100c 	.word	0x2000100c
10000e30:	20001f68 	.word	0x20001f68
10000e34:	40054000 	.word	0x40054000
10000e38:	34000040 	.word	0x34000040
10000e3c:	0010ffff 	.word	0x0010ffff
10000e40:	20001f4c 	.word	0x20001f4c
10000e44:	10000a69 	.word	0x10000a69
10000e48:	40056038 	.word	0x40056038

10000e4c <alarm_pool_get_default>:
10000e4c:	4800      	ldr	r0, [pc, #0]	; (10000e50 <alarm_pool_get_default+0x4>)
10000e4e:	4770      	bx	lr
10000e50:	2000100c 	.word	0x2000100c

10000e54 <alarm_pool_add_alarm_at>:
10000e54:	b5f8      	push	{r3, r4, r5, r6, r7, lr}
10000e56:	001f      	movs	r7, r3
10000e58:	ab08      	add	r3, sp, #32
10000e5a:	781b      	ldrb	r3, [r3, #0]
10000e5c:	0004      	movs	r4, r0
10000e5e:	0016      	movs	r6, r2
10000e60:	2b00      	cmp	r3, #0
10000e62:	d107      	bne.n	10000e74 <alarm_pool_add_alarm_at+0x20>
10000e64:	f000 fa04 	bl	10001270 <time_us_64>
10000e68:	0032      	movs	r2, r6
10000e6a:	003b      	movs	r3, r7
10000e6c:	1a12      	subs	r2, r2, r0
10000e6e:	418b      	sbcs	r3, r1
10000e70:	2b00      	cmp	r3, #0
10000e72:	db4c      	blt.n	10000f0e <alarm_pool_add_alarm_at+0xba>
10000e74:	6922      	ldr	r2, [r4, #16]
10000e76:	f3ef 8010 	mrs	r0, PRIMASK
10000e7a:	b672      	cpsid	i
10000e7c:	6813      	ldr	r3, [r2, #0]
10000e7e:	2b00      	cmp	r3, #0
10000e80:	d0fc      	beq.n	10000e7c <alarm_pool_add_alarm_at+0x28>
10000e82:	f3bf 8f5f 	dmb	sy
10000e86:	6962      	ldr	r2, [r4, #20]
10000e88:	2302      	movs	r3, #2
10000e8a:	5ee1      	ldrsh	r1, [r4, r3]
10000e8c:	4694      	mov	ip, r2
10000e8e:	004b      	lsls	r3, r1, #1
10000e90:	185b      	adds	r3, r3, r1
10000e92:	00db      	lsls	r3, r3, #3
10000e94:	4463      	add	r3, ip
10000e96:	2900      	cmp	r1, #0
10000e98:	db01      	blt.n	10000e9e <alarm_pool_add_alarm_at+0x4a>
10000e9a:	881a      	ldrh	r2, [r3, #0]
10000e9c:	8062      	strh	r2, [r4, #2]
10000e9e:	6922      	ldr	r2, [r4, #16]
10000ea0:	f3bf 8f5f 	dmb	sy
10000ea4:	2500      	movs	r5, #0
10000ea6:	6015      	str	r5, [r2, #0]
10000ea8:	f380 8810 	msr	PRIMASK, r0
10000eac:	2900      	cmp	r1, #0
10000eae:	db30      	blt.n	10000f12 <alarm_pool_add_alarm_at+0xbe>
10000eb0:	9a06      	ldr	r2, [sp, #24]
10000eb2:	609e      	str	r6, [r3, #8]
10000eb4:	60df      	str	r7, [r3, #12]
10000eb6:	611a      	str	r2, [r3, #16]
10000eb8:	9a07      	ldr	r2, [sp, #28]
10000eba:	615a      	str	r2, [r3, #20]
10000ebc:	885a      	ldrh	r2, [r3, #2]
10000ebe:	3201      	adds	r2, #1
10000ec0:	0452      	lsls	r2, r2, #17
10000ec2:	0c52      	lsrs	r2, r2, #17
10000ec4:	1c16      	adds	r6, r2, #0
10000ec6:	2a00      	cmp	r2, #0
10000ec8:	d01f      	beq.n	10000f0a <alarm_pool_add_alarm_at+0xb6>
10000eca:	b2b0      	uxth	r0, r6
10000ecc:	040a      	lsls	r2, r1, #16
10000ece:	805e      	strh	r6, [r3, #2]
10000ed0:	4310      	orrs	r0, r2
10000ed2:	6926      	ldr	r6, [r4, #16]
10000ed4:	f3ef 8510 	mrs	r5, PRIMASK
10000ed8:	b672      	cpsid	i
10000eda:	6832      	ldr	r2, [r6, #0]
10000edc:	2a00      	cmp	r2, #0
10000ede:	d0fc      	beq.n	10000eda <alarm_pool_add_alarm_at+0x86>
10000ee0:	f3bf 8f5f 	dmb	sy
10000ee4:	88a2      	ldrh	r2, [r4, #4]
10000ee6:	801a      	strh	r2, [r3, #0]
10000ee8:	80a1      	strh	r1, [r4, #4]
10000eea:	6923      	ldr	r3, [r4, #16]
10000eec:	f3bf 8f5f 	dmb	sy
10000ef0:	2200      	movs	r2, #0
10000ef2:	601a      	str	r2, [r3, #0]
10000ef4:	f385 8810 	msr	PRIMASK, r5
10000ef8:	4907      	ldr	r1, [pc, #28]	; (10000f18 <alarm_pool_add_alarm_at+0xc4>)
10000efa:	7823      	ldrb	r3, [r4, #0]
10000efc:	468c      	mov	ip, r1
10000efe:	3201      	adds	r2, #1
10000f00:	409a      	lsls	r2, r3
10000f02:	68e3      	ldr	r3, [r4, #12]
10000f04:	4463      	add	r3, ip
10000f06:	601a      	str	r2, [r3, #0]
10000f08:	bdf8      	pop	{r3, r4, r5, r6, r7, pc}
10000f0a:	2601      	movs	r6, #1
10000f0c:	e7dd      	b.n	10000eca <alarm_pool_add_alarm_at+0x76>
10000f0e:	2000      	movs	r0, #0
10000f10:	e7fa      	b.n	10000f08 <alarm_pool_add_alarm_at+0xb4>
10000f12:	2001      	movs	r0, #1
10000f14:	4240      	negs	r0, r0
10000f16:	e7f7      	b.n	10000f08 <alarm_pool_add_alarm_at+0xb4>
10000f18:	0000203c 	.word	0x0000203c

10000f1c <alarm_pool_add_alarm_at_force_in_context>:
10000f1c:	b570      	push	{r4, r5, r6, lr}
10000f1e:	46c6      	mov	lr, r8
10000f20:	0001      	movs	r1, r0
10000f22:	b500      	push	{lr}
10000f24:	6904      	ldr	r4, [r0, #16]
10000f26:	f3ef 8c10 	mrs	ip, PRIMASK
10000f2a:	b672      	cpsid	i
10000f2c:	6820      	ldr	r0, [r4, #0]
10000f2e:	2800      	cmp	r0, #0
10000f30:	d0fc      	beq.n	10000f2c <alarm_pool_add_alarm_at_force_in_context+0x10>
10000f32:	f3bf 8f5f 	dmb	sy
10000f36:	2002      	movs	r0, #2
10000f38:	5e0d      	ldrsh	r5, [r1, r0]
10000f3a:	6948      	ldr	r0, [r1, #20]
10000f3c:	006c      	lsls	r4, r5, #1
10000f3e:	4680      	mov	r8, r0
10000f40:	1964      	adds	r4, r4, r5
10000f42:	00e4      	lsls	r4, r4, #3
10000f44:	4444      	add	r4, r8
10000f46:	2d00      	cmp	r5, #0
10000f48:	db01      	blt.n	10000f4e <alarm_pool_add_alarm_at_force_in_context+0x32>
10000f4a:	8820      	ldrh	r0, [r4, #0]
10000f4c:	8048      	strh	r0, [r1, #2]
10000f4e:	6908      	ldr	r0, [r1, #16]
10000f50:	f3bf 8f5f 	dmb	sy
10000f54:	2600      	movs	r6, #0
10000f56:	6006      	str	r6, [r0, #0]
10000f58:	f38c 8810 	msr	PRIMASK, ip
10000f5c:	2d00      	cmp	r5, #0
10000f5e:	db30      	blt.n	10000fc2 <alarm_pool_add_alarm_at_force_in_context+0xa6>
10000f60:	60e3      	str	r3, [r4, #12]
10000f62:	8863      	ldrh	r3, [r4, #2]
10000f64:	9805      	ldr	r0, [sp, #20]
10000f66:	3301      	adds	r3, #1
10000f68:	6120      	str	r0, [r4, #16]
10000f6a:	045b      	lsls	r3, r3, #17
10000f6c:	9806      	ldr	r0, [sp, #24]
10000f6e:	0c5b      	lsrs	r3, r3, #17
10000f70:	60a2      	str	r2, [r4, #8]
10000f72:	6160      	str	r0, [r4, #20]
10000f74:	1c1a      	adds	r2, r3, #0
10000f76:	2b00      	cmp	r3, #0
10000f78:	d021      	beq.n	10000fbe <alarm_pool_add_alarm_at_force_in_context+0xa2>
10000f7a:	b290      	uxth	r0, r2
10000f7c:	042b      	lsls	r3, r5, #16
10000f7e:	8062      	strh	r2, [r4, #2]
10000f80:	4318      	orrs	r0, r3
10000f82:	690a      	ldr	r2, [r1, #16]
10000f84:	f3ef 8610 	mrs	r6, PRIMASK
10000f88:	b672      	cpsid	i
10000f8a:	6813      	ldr	r3, [r2, #0]
10000f8c:	2b00      	cmp	r3, #0
10000f8e:	d0fc      	beq.n	10000f8a <alarm_pool_add_alarm_at_force_in_context+0x6e>
10000f90:	f3bf 8f5f 	dmb	sy
10000f94:	888b      	ldrh	r3, [r1, #4]
10000f96:	8023      	strh	r3, [r4, #0]
10000f98:	808d      	strh	r5, [r1, #4]
10000f9a:	690b      	ldr	r3, [r1, #16]
10000f9c:	f3bf 8f5f 	dmb	sy
10000fa0:	2200      	movs	r2, #0
10000fa2:	601a      	str	r2, [r3, #0]
10000fa4:	f386 8810 	msr	PRIMASK, r6
10000fa8:	780b      	ldrb	r3, [r1, #0]
10000faa:	3201      	adds	r2, #1
10000fac:	409a      	lsls	r2, r3
10000fae:	68cb      	ldr	r3, [r1, #12]
10000fb0:	4905      	ldr	r1, [pc, #20]	; (10000fc8 <alarm_pool_add_alarm_at_force_in_context+0xac>)
10000fb2:	468c      	mov	ip, r1
10000fb4:	4463      	add	r3, ip
10000fb6:	601a      	str	r2, [r3, #0]
10000fb8:	bc40      	pop	{r6}
10000fba:	46b0      	mov	r8, r6
10000fbc:	bd70      	pop	{r4, r5, r6, pc}
10000fbe:	2201      	movs	r2, #1
10000fc0:	e7db      	b.n	10000f7a <alarm_pool_add_alarm_at_force_in_context+0x5e>
10000fc2:	2001      	movs	r0, #1
10000fc4:	4240      	negs	r0, r0
10000fc6:	e7f7      	b.n	10000fb8 <alarm_pool_add_alarm_at_force_in_context+0x9c>
10000fc8:	0000203c 	.word	0x0000203c

10000fcc <alarm_pool_cancel_alarm>:
10000fcc:	b510      	push	{r4, lr}
10000fce:	8943      	ldrh	r3, [r0, #10]
10000fd0:	140a      	asrs	r2, r1, #16
10000fd2:	4293      	cmp	r3, r2
10000fd4:	dd33      	ble.n	1000103e <alarm_pool_cancel_alarm+0x72>
10000fd6:	0053      	lsls	r3, r2, #1
10000fd8:	189b      	adds	r3, r3, r2
10000fda:	6942      	ldr	r2, [r0, #20]
10000fdc:	00db      	lsls	r3, r3, #3
10000fde:	4694      	mov	ip, r2
10000fe0:	6904      	ldr	r4, [r0, #16]
10000fe2:	4463      	add	r3, ip
10000fe4:	f3ef 8c10 	mrs	ip, PRIMASK
10000fe8:	b672      	cpsid	i
10000fea:	6822      	ldr	r2, [r4, #0]
10000fec:	2a00      	cmp	r2, #0
10000fee:	d0fc      	beq.n	10000fea <alarm_pool_cancel_alarm+0x1e>
10000ff0:	f3bf 8f5f 	dmb	sy
10000ff4:	885a      	ldrh	r2, [r3, #2]
10000ff6:	0409      	lsls	r1, r1, #16
10000ff8:	b294      	uxth	r4, r2
10000ffa:	0c09      	lsrs	r1, r1, #16
10000ffc:	428a      	cmp	r2, r1
10000ffe:	d008      	beq.n	10001012 <alarm_pool_cancel_alarm+0x46>
10001000:	6903      	ldr	r3, [r0, #16]
10001002:	f3bf 8f5f 	dmb	sy
10001006:	2200      	movs	r2, #0
10001008:	601a      	str	r2, [r3, #0]
1000100a:	f38c 8810 	msr	PRIMASK, ip
1000100e:	2000      	movs	r0, #0
10001010:	bd10      	pop	{r4, pc}
10001012:	2280      	movs	r2, #128	; 0x80
10001014:	0212      	lsls	r2, r2, #8
10001016:	4314      	orrs	r4, r2
10001018:	805c      	strh	r4, [r3, #2]
1000101a:	2301      	movs	r3, #1
1000101c:	6902      	ldr	r2, [r0, #16]
1000101e:	7183      	strb	r3, [r0, #6]
10001020:	f3bf 8f5f 	dmb	sy
10001024:	2100      	movs	r1, #0
10001026:	6011      	str	r1, [r2, #0]
10001028:	f38c 8810 	msr	PRIMASK, ip
1000102c:	4905      	ldr	r1, [pc, #20]	; (10001044 <alarm_pool_cancel_alarm+0x78>)
1000102e:	7802      	ldrb	r2, [r0, #0]
10001030:	468c      	mov	ip, r1
10001032:	4093      	lsls	r3, r2
10001034:	68c2      	ldr	r2, [r0, #12]
10001036:	2001      	movs	r0, #1
10001038:	4462      	add	r2, ip
1000103a:	6013      	str	r3, [r2, #0]
1000103c:	e7e8      	b.n	10001010 <alarm_pool_cancel_alarm+0x44>
1000103e:	2000      	movs	r0, #0
10001040:	e7e6      	b.n	10001010 <alarm_pool_cancel_alarm+0x44>
10001042:	46c0      	nop			; (mov r8, r8)
10001044:	0000203c 	.word	0x0000203c

10001048 <alarm_pool_core_num>:
10001048:	7840      	ldrb	r0, [r0, #1]
1000104a:	4770      	bx	lr

1000104c <sleep_until>:
1000104c:	b5f0      	push	{r4, r5, r6, r7, lr}
1000104e:	0004      	movs	r4, r0
10001050:	000d      	movs	r5, r1
10001052:	2606      	movs	r6, #6
10001054:	4276      	negs	r6, r6
10001056:	17f7      	asrs	r7, r6, #31
10001058:	46c6      	mov	lr, r8
1000105a:	1936      	adds	r6, r6, r4
1000105c:	416f      	adcs	r7, r5
1000105e:	b500      	push	{lr}
10001060:	b082      	sub	sp, #8
10001062:	428f      	cmp	r7, r1
10001064:	d814      	bhi.n	10001090 <sleep_until+0x44>
10001066:	d011      	beq.n	1000108c <sleep_until+0x40>
10001068:	f000 f902 	bl	10001270 <time_us_64>
1000106c:	0032      	movs	r2, r6
1000106e:	003b      	movs	r3, r7
10001070:	1a12      	subs	r2, r2, r0
10001072:	418b      	sbcs	r3, r1
10001074:	2b00      	cmp	r3, #0
10001076:	dc15      	bgt.n	100010a4 <sleep_until+0x58>
10001078:	2b00      	cmp	r3, #0
1000107a:	d044      	beq.n	10001106 <sleep_until+0xba>
1000107c:	0020      	movs	r0, r4
1000107e:	0029      	movs	r1, r5
10001080:	f000 f900 	bl	10001284 <busy_wait_until>
10001084:	b002      	add	sp, #8
10001086:	bc80      	pop	{r7}
10001088:	46b8      	mov	r8, r7
1000108a:	bdf0      	pop	{r4, r5, r6, r7, pc}
1000108c:	4286      	cmp	r6, r0
1000108e:	d9eb      	bls.n	10001068 <sleep_until+0x1c>
10001090:	2600      	movs	r6, #0
10001092:	2700      	movs	r7, #0
10001094:	f000 f8ec 	bl	10001270 <time_us_64>
10001098:	0032      	movs	r2, r6
1000109a:	003b      	movs	r3, r7
1000109c:	1a12      	subs	r2, r2, r0
1000109e:	418b      	sbcs	r3, r1
100010a0:	2b00      	cmp	r3, #0
100010a2:	dde9      	ble.n	10001078 <sleep_until+0x2c>
100010a4:	f000 f8e4 	bl	10001270 <time_us_64>
100010a8:	0032      	movs	r2, r6
100010aa:	003b      	movs	r3, r7
100010ac:	1a12      	subs	r2, r2, r0
100010ae:	418b      	sbcs	r3, r1
100010b0:	2b00      	cmp	r3, #0
100010b2:	db0a      	blt.n	100010ca <sleep_until+0x7e>
100010b4:	2300      	movs	r3, #0
100010b6:	9301      	str	r3, [sp, #4]
100010b8:	4b14      	ldr	r3, [pc, #80]	; (1000110c <sleep_until+0xc0>)
100010ba:	0032      	movs	r2, r6
100010bc:	9300      	str	r3, [sp, #0]
100010be:	4814      	ldr	r0, [pc, #80]	; (10001110 <sleep_until+0xc4>)
100010c0:	003b      	movs	r3, r7
100010c2:	f7ff ff2b 	bl	10000f1c <alarm_pool_add_alarm_at_force_in_context>
100010c6:	2800      	cmp	r0, #0
100010c8:	dbd8      	blt.n	1000107c <sleep_until+0x30>
100010ca:	46b0      	mov	r8, r6
100010cc:	2600      	movs	r6, #0
100010ce:	46bc      	mov	ip, r7
100010d0:	4a10      	ldr	r2, [pc, #64]	; (10001114 <sleep_until+0xc8>)
100010d2:	4f11      	ldr	r7, [pc, #68]	; (10001118 <sleep_until+0xcc>)
100010d4:	6a7b      	ldr	r3, [r7, #36]	; 0x24
100010d6:	459c      	cmp	ip, r3
100010d8:	d804      	bhi.n	100010e4 <sleep_until+0x98>
100010da:	6ab9      	ldr	r1, [r7, #40]	; 0x28
100010dc:	4588      	cmp	r8, r1
100010de:	d9cd      	bls.n	1000107c <sleep_until+0x30>
100010e0:	459c      	cmp	ip, r3
100010e2:	d1cb      	bne.n	1000107c <sleep_until+0x30>
100010e4:	6811      	ldr	r1, [r2, #0]
100010e6:	f3ef 8010 	mrs	r0, PRIMASK
100010ea:	b672      	cpsid	i
100010ec:	680b      	ldr	r3, [r1, #0]
100010ee:	2b00      	cmp	r3, #0
100010f0:	d0fc      	beq.n	100010ec <sleep_until+0xa0>
100010f2:	f3bf 8f5f 	dmb	sy
100010f6:	6813      	ldr	r3, [r2, #0]
100010f8:	f3bf 8f5f 	dmb	sy
100010fc:	601e      	str	r6, [r3, #0]
100010fe:	f380 8810 	msr	PRIMASK, r0
10001102:	bf20      	wfe
10001104:	e7e6      	b.n	100010d4 <sleep_until+0x88>
10001106:	2a00      	cmp	r2, #0
10001108:	d0b8      	beq.n	1000107c <sleep_until+0x30>
1000110a:	e7cb      	b.n	100010a4 <sleep_until+0x58>
1000110c:	10000a39 	.word	0x10000a39
10001110:	2000100c 	.word	0x2000100c
10001114:	20001f68 	.word	0x20001f68
10001118:	40054000 	.word	0x40054000

1000111c <sleep_ms>:
1000111c:	b570      	push	{r4, r5, r6, lr}
1000111e:	0006      	movs	r6, r0
10001120:	f000 f8a6 	bl	10001270 <time_us_64>
10001124:	22fa      	movs	r2, #250	; 0xfa
10001126:	0004      	movs	r4, r0
10001128:	000d      	movs	r5, r1
1000112a:	2300      	movs	r3, #0
1000112c:	0030      	movs	r0, r6
1000112e:	2100      	movs	r1, #0
10001130:	0092      	lsls	r2, r2, #2
10001132:	f001 f9d3 	bl	100024dc <__wrap___aeabi_lmul>
10001136:	1900      	adds	r0, r0, r4
10001138:	4169      	adcs	r1, r5
1000113a:	2900      	cmp	r1, #0
1000113c:	db02      	blt.n	10001144 <sleep_ms+0x28>
1000113e:	f7ff ff85 	bl	1000104c <sleep_until>
10001142:	bd70      	pop	{r4, r5, r6, pc}
10001144:	2001      	movs	r0, #1
10001146:	4901      	ldr	r1, [pc, #4]	; (1000114c <sleep_ms+0x30>)
10001148:	4240      	negs	r0, r0
1000114a:	e7f8      	b.n	1000113e <sleep_ms+0x22>
1000114c:	7fffffff 	.word	0x7fffffff

10001150 <best_effort_wfe_or_timeout>:
10001150:	b5f0      	push	{r4, r5, r6, r7, lr}
10001152:	46ce      	mov	lr, r9
10001154:	4647      	mov	r7, r8
10001156:	b580      	push	{r7, lr}
10001158:	0004      	movs	r4, r0
1000115a:	000d      	movs	r5, r1
1000115c:	b083      	sub	sp, #12
1000115e:	f3ef 8705 	mrs	r7, IPSR
10001162:	2f00      	cmp	r7, #0
10001164:	d00d      	beq.n	10001182 <best_effort_wfe_or_timeout+0x32>
10001166:	4a36      	ldr	r2, [pc, #216]	; (10001240 <best_effort_wfe_or_timeout+0xf0>)
10001168:	2000      	movs	r0, #0
1000116a:	6a53      	ldr	r3, [r2, #36]	; 0x24
1000116c:	428b      	cmp	r3, r1
1000116e:	d303      	bcc.n	10001178 <best_effort_wfe_or_timeout+0x28>
10001170:	6a92      	ldr	r2, [r2, #40]	; 0x28
10001172:	3001      	adds	r0, #1
10001174:	42a2      	cmp	r2, r4
10001176:	d350      	bcc.n	1000121a <best_effort_wfe_or_timeout+0xca>
10001178:	b003      	add	sp, #12
1000117a:	bcc0      	pop	{r6, r7}
1000117c:	46b9      	mov	r9, r7
1000117e:	46b0      	mov	r8, r6
10001180:	bdf0      	pop	{r4, r5, r6, r7, pc}
10001182:	4b30      	ldr	r3, [pc, #192]	; (10001244 <best_effort_wfe_or_timeout+0xf4>)
10001184:	4698      	mov	r8, r3
10001186:	68db      	ldr	r3, [r3, #12]
10001188:	4699      	mov	r9, r3
1000118a:	4643      	mov	r3, r8
1000118c:	4648      	mov	r0, r9
1000118e:	781e      	ldrb	r6, [r3, #0]
10001190:	f000 f866 	bl	10001260 <timer_time_us_64>
10001194:	000b      	movs	r3, r1
10001196:	4649      	mov	r1, r9
10001198:	0002      	movs	r2, r0
1000119a:	3604      	adds	r6, #4
1000119c:	00b6      	lsls	r6, r6, #2
1000119e:	5871      	ldr	r1, [r6, r1]
100011a0:	0020      	movs	r0, r4
100011a2:	1a8e      	subs	r6, r1, r2
100011a4:	0029      	movs	r1, r5
100011a6:	1a80      	subs	r0, r0, r2
100011a8:	4199      	sbcs	r1, r3
100011aa:	428f      	cmp	r7, r1
100011ac:	dc11      	bgt.n	100011d2 <best_effort_wfe_or_timeout+0x82>
100011ae:	d00e      	beq.n	100011ce <best_effort_wfe_or_timeout+0x7e>
100011b0:	bf20      	wfe
100011b2:	4a23      	ldr	r2, [pc, #140]	; (10001240 <best_effort_wfe_or_timeout+0xf0>)
100011b4:	2000      	movs	r0, #0
100011b6:	6a53      	ldr	r3, [r2, #36]	; 0x24
100011b8:	42ab      	cmp	r3, r5
100011ba:	d3dd      	bcc.n	10001178 <best_effort_wfe_or_timeout+0x28>
100011bc:	6a92      	ldr	r2, [r2, #40]	; 0x28
100011be:	3001      	adds	r0, #1
100011c0:	42a2      	cmp	r2, r4
100011c2:	d2d9      	bcs.n	10001178 <best_effort_wfe_or_timeout+0x28>
100011c4:	1ae8      	subs	r0, r5, r3
100011c6:	1e42      	subs	r2, r0, #1
100011c8:	4190      	sbcs	r0, r2
100011ca:	b2c0      	uxtb	r0, r0
100011cc:	e7d4      	b.n	10001178 <best_effort_wfe_or_timeout+0x28>
100011ce:	4286      	cmp	r6, r0
100011d0:	d9ee      	bls.n	100011b0 <best_effort_wfe_or_timeout+0x60>
100011d2:	f000 f84d 	bl	10001270 <time_us_64>
100011d6:	0022      	movs	r2, r4
100011d8:	002b      	movs	r3, r5
100011da:	1a12      	subs	r2, r2, r0
100011dc:	418b      	sbcs	r3, r1
100011de:	2b00      	cmp	r3, #0
100011e0:	db20      	blt.n	10001224 <best_effort_wfe_or_timeout+0xd4>
100011e2:	2300      	movs	r3, #0
100011e4:	9301      	str	r3, [sp, #4]
100011e6:	4b18      	ldr	r3, [pc, #96]	; (10001248 <best_effort_wfe_or_timeout+0xf8>)
100011e8:	0022      	movs	r2, r4
100011ea:	9300      	str	r3, [sp, #0]
100011ec:	4640      	mov	r0, r8
100011ee:	002b      	movs	r3, r5
100011f0:	f7ff fe94 	bl	10000f1c <alarm_pool_add_alarm_at_force_in_context>
100011f4:	1e01      	subs	r1, r0, #0
100011f6:	dd15      	ble.n	10001224 <best_effort_wfe_or_timeout+0xd4>
100011f8:	4b11      	ldr	r3, [pc, #68]	; (10001240 <best_effort_wfe_or_timeout+0xf0>)
100011fa:	002e      	movs	r6, r5
100011fc:	6a5a      	ldr	r2, [r3, #36]	; 0x24
100011fe:	4295      	cmp	r5, r2
10001200:	d81c      	bhi.n	1000123c <best_effort_wfe_or_timeout+0xec>
10001202:	6a9b      	ldr	r3, [r3, #40]	; 0x28
10001204:	42a3      	cmp	r3, r4
10001206:	d317      	bcc.n	10001238 <best_effort_wfe_or_timeout+0xe8>
10001208:	4640      	mov	r0, r8
1000120a:	f7ff fedf 	bl	10000fcc <alarm_pool_cancel_alarm>
1000120e:	4a0c      	ldr	r2, [pc, #48]	; (10001240 <best_effort_wfe_or_timeout+0xf0>)
10001210:	2000      	movs	r0, #0
10001212:	6a53      	ldr	r3, [r2, #36]	; 0x24
10001214:	429e      	cmp	r6, r3
10001216:	d8af      	bhi.n	10001178 <best_effort_wfe_or_timeout+0x28>
10001218:	e7d0      	b.n	100011bc <best_effort_wfe_or_timeout+0x6c>
1000121a:	1a58      	subs	r0, r3, r1
1000121c:	1e42      	subs	r2, r0, #1
1000121e:	4190      	sbcs	r0, r2
10001220:	b2c0      	uxtb	r0, r0
10001222:	e7a9      	b.n	10001178 <best_effort_wfe_or_timeout+0x28>
10001224:	4a06      	ldr	r2, [pc, #24]	; (10001240 <best_effort_wfe_or_timeout+0xf0>)
10001226:	2000      	movs	r0, #0
10001228:	6a53      	ldr	r3, [r2, #36]	; 0x24
1000122a:	42ab      	cmp	r3, r5
1000122c:	d3a4      	bcc.n	10001178 <best_effort_wfe_or_timeout+0x28>
1000122e:	6a92      	ldr	r2, [r2, #40]	; 0x28
10001230:	2001      	movs	r0, #1
10001232:	42a2      	cmp	r2, r4
10001234:	d2a0      	bcs.n	10001178 <best_effort_wfe_or_timeout+0x28>
10001236:	e7c5      	b.n	100011c4 <best_effort_wfe_or_timeout+0x74>
10001238:	4295      	cmp	r5, r2
1000123a:	d1e5      	bne.n	10001208 <best_effort_wfe_or_timeout+0xb8>
1000123c:	bf20      	wfe
1000123e:	e7e3      	b.n	10001208 <best_effort_wfe_or_timeout+0xb8>
10001240:	40054000 	.word	0x40054000
10001244:	2000100c 	.word	0x2000100c
10001248:	10000a39 	.word	0x10000a39

1000124c <timer_hardware_alarm_claim>:
1000124c:	b510      	push	{r4, lr}
1000124e:	4a02      	ldr	r2, [pc, #8]	; (10001258 <timer_hardware_alarm_claim+0xc>)
10001250:	4802      	ldr	r0, [pc, #8]	; (1000125c <timer_hardware_alarm_claim+0x10>)
10001252:	f7ff f925 	bl	100004a0 <hw_claim_or_assert>
10001256:	bd10      	pop	{r4, pc}
10001258:	100069bc 	.word	0x100069bc
1000125c:	20001ad8 	.word	0x20001ad8

10001260 <timer_time_us_64>:
10001260:	0003      	movs	r3, r0
10001262:	6a41      	ldr	r1, [r0, #36]	; 0x24
10001264:	000a      	movs	r2, r1
10001266:	6a98      	ldr	r0, [r3, #40]	; 0x28
10001268:	6a59      	ldr	r1, [r3, #36]	; 0x24
1000126a:	428a      	cmp	r2, r1
1000126c:	d1fa      	bne.n	10001264 <timer_time_us_64+0x4>
1000126e:	4770      	bx	lr

10001270 <time_us_64>:
10001270:	4b03      	ldr	r3, [pc, #12]	; (10001280 <time_us_64+0x10>)
10001272:	6a59      	ldr	r1, [r3, #36]	; 0x24
10001274:	000a      	movs	r2, r1
10001276:	6a98      	ldr	r0, [r3, #40]	; 0x28
10001278:	6a59      	ldr	r1, [r3, #36]	; 0x24
1000127a:	4291      	cmp	r1, r2
1000127c:	d1fa      	bne.n	10001274 <time_us_64+0x4>
1000127e:	4770      	bx	lr
10001280:	40054000 	.word	0x40054000

10001284 <busy_wait_until>:
10001284:	4a06      	ldr	r2, [pc, #24]	; (100012a0 <busy_wait_until+0x1c>)
10001286:	6a53      	ldr	r3, [r2, #36]	; 0x24
10001288:	4299      	cmp	r1, r3
1000128a:	d8fc      	bhi.n	10001286 <busy_wait_until+0x2>
1000128c:	d107      	bne.n	1000129e <busy_wait_until+0x1a>
1000128e:	4b04      	ldr	r3, [pc, #16]	; (100012a0 <busy_wait_until+0x1c>)
10001290:	e002      	b.n	10001298 <busy_wait_until+0x14>
10001292:	6a5a      	ldr	r2, [r3, #36]	; 0x24
10001294:	4291      	cmp	r1, r2
10001296:	d102      	bne.n	1000129e <busy_wait_until+0x1a>
10001298:	6a9a      	ldr	r2, [r3, #40]	; 0x28
1000129a:	4282      	cmp	r2, r0
1000129c:	d3f9      	bcc.n	10001292 <busy_wait_until+0xe>
1000129e:	4770      	bx	lr
100012a0:	40054000 	.word	0x40054000

100012a4 <clock_configure_int_divider>:
100012a4:	b5f8      	push	{r3, r4, r5, r6, r7, lr}
100012a6:	46de      	mov	lr, fp
100012a8:	464e      	mov	r6, r9
100012aa:	4657      	mov	r7, sl
100012ac:	4645      	mov	r5, r8
100012ae:	b5e0      	push	{r5, r6, r7, lr}
100012b0:	468b      	mov	fp, r1
100012b2:	0005      	movs	r5, r0
100012b4:	990a      	ldr	r1, [sp, #40]	; 0x28
100012b6:	0018      	movs	r0, r3
100012b8:	0016      	movs	r6, r2
100012ba:	f000 faed 	bl	10001898 <__wrap___aeabi_uidiv>
100012be:	9b0a      	ldr	r3, [sp, #40]	; 0x28
100012c0:	006c      	lsls	r4, r5, #1
100012c2:	021f      	lsls	r7, r3, #8
100012c4:	4b32      	ldr	r3, [pc, #200]	; (10001390 <clock_configure_int_divider+0xec>)
100012c6:	1964      	adds	r4, r4, r5
100012c8:	469c      	mov	ip, r3
100012ca:	00a4      	lsls	r4, r4, #2
100012cc:	4464      	add	r4, ip
100012ce:	6863      	ldr	r3, [r4, #4]
100012d0:	4681      	mov	r9, r0
100012d2:	429f      	cmp	r7, r3
100012d4:	d900      	bls.n	100012d8 <clock_configure_int_divider+0x34>
100012d6:	6067      	str	r7, [r4, #4]
100012d8:	1f2b      	subs	r3, r5, #4
100012da:	b2db      	uxtb	r3, r3
100012dc:	4698      	mov	r8, r3
100012de:	2b01      	cmp	r3, #1
100012e0:	d930      	bls.n	10001344 <clock_configure_int_divider+0xa0>
100012e2:	23c0      	movs	r3, #192	; 0xc0
100012e4:	2280      	movs	r2, #128	; 0x80
100012e6:	019b      	lsls	r3, r3, #6
100012e8:	18e3      	adds	r3, r4, r3
100012ea:	0112      	lsls	r2, r2, #4
100012ec:	601a      	str	r2, [r3, #0]
100012ee:	4b29      	ldr	r3, [pc, #164]	; (10001394 <clock_configure_int_divider+0xf0>)
100012f0:	00ad      	lsls	r5, r5, #2
100012f2:	5959      	ldr	r1, [r3, r5]
100012f4:	469a      	mov	sl, r3
100012f6:	2900      	cmp	r1, #0
100012f8:	d11b      	bne.n	10001332 <clock_configure_int_divider+0x8e>
100012fa:	6822      	ldr	r2, [r4, #0]
100012fc:	0176      	lsls	r6, r6, #5
100012fe:	4072      	eors	r2, r6
10001300:	26e0      	movs	r6, #224	; 0xe0
10001302:	2380      	movs	r3, #128	; 0x80
10001304:	4016      	ands	r6, r2
10001306:	4642      	mov	r2, r8
10001308:	015b      	lsls	r3, r3, #5
1000130a:	18e3      	adds	r3, r4, r3
1000130c:	601e      	str	r6, [r3, #0]
1000130e:	2a01      	cmp	r2, #1
10001310:	d930      	bls.n	10001374 <clock_configure_int_divider+0xd0>
10001312:	2380      	movs	r3, #128	; 0x80
10001314:	2280      	movs	r2, #128	; 0x80
10001316:	019b      	lsls	r3, r3, #6
10001318:	18e3      	adds	r3, r4, r3
1000131a:	0112      	lsls	r2, r2, #4
1000131c:	601a      	str	r2, [r3, #0]
1000131e:	4653      	mov	r3, sl
10001320:	464a      	mov	r2, r9
10001322:	6067      	str	r7, [r4, #4]
10001324:	515a      	str	r2, [r3, r5]
10001326:	bcf0      	pop	{r4, r5, r6, r7}
10001328:	46bb      	mov	fp, r7
1000132a:	46b2      	mov	sl, r6
1000132c:	46a9      	mov	r9, r5
1000132e:	46a0      	mov	r8, r4
10001330:	bdf8      	pop	{r3, r4, r5, r6, r7, pc}
10001332:	6958      	ldr	r0, [r3, #20]
10001334:	f000 fab0 	bl	10001898 <__wrap___aeabi_uidiv>
10001338:	1c43      	adds	r3, r0, #1
1000133a:	0058      	lsls	r0, r3, #1
1000133c:	18c0      	adds	r0, r0, r3
1000133e:	3803      	subs	r0, #3
10001340:	d2fd      	bcs.n	1000133e <clock_configure_int_divider+0x9a>
10001342:	e7da      	b.n	100012fa <clock_configure_int_divider+0x56>
10001344:	465b      	mov	r3, fp
10001346:	2b01      	cmp	r3, #1
10001348:	d1cb      	bne.n	100012e2 <clock_configure_int_divider+0x3e>
1000134a:	23c0      	movs	r3, #192	; 0xc0
1000134c:	2203      	movs	r2, #3
1000134e:	019b      	lsls	r3, r3, #6
10001350:	18e3      	adds	r3, r4, r3
10001352:	601a      	str	r2, [r3, #0]
10001354:	3a02      	subs	r2, #2
10001356:	68a3      	ldr	r3, [r4, #8]
10001358:	421a      	tst	r2, r3
1000135a:	d0fc      	beq.n	10001356 <clock_configure_int_divider+0xb2>
1000135c:	23e0      	movs	r3, #224	; 0xe0
1000135e:	6822      	ldr	r2, [r4, #0]
10001360:	0176      	lsls	r6, r6, #5
10001362:	4056      	eors	r6, r2
10001364:	401e      	ands	r6, r3
10001366:	2380      	movs	r3, #128	; 0x80
10001368:	4a0a      	ldr	r2, [pc, #40]	; (10001394 <clock_configure_int_divider+0xf0>)
1000136a:	015b      	lsls	r3, r3, #5
1000136c:	4692      	mov	sl, r2
1000136e:	18e3      	adds	r3, r4, r3
10001370:	601e      	str	r6, [r3, #0]
10001372:	00ad      	lsls	r5, r5, #2
10001374:	465a      	mov	r2, fp
10001376:	6821      	ldr	r1, [r4, #0]
10001378:	4051      	eors	r1, r2
1000137a:	2203      	movs	r2, #3
1000137c:	400a      	ands	r2, r1
1000137e:	601a      	str	r2, [r3, #0]
10001380:	2201      	movs	r2, #1
10001382:	465b      	mov	r3, fp
10001384:	409a      	lsls	r2, r3
10001386:	68a3      	ldr	r3, [r4, #8]
10001388:	421a      	tst	r2, r3
1000138a:	d0fc      	beq.n	10001386 <clock_configure_int_divider+0xe2>
1000138c:	e7c1      	b.n	10001312 <clock_configure_int_divider+0x6e>
1000138e:	46c0      	nop			; (mov r8, r8)
10001390:	40008000 	.word	0x40008000
10001394:	20001adc 	.word	0x20001adc

10001398 <clock_configure_undivided>:
10001398:	b5f0      	push	{r4, r5, r6, r7, lr}
1000139a:	4646      	mov	r6, r8
1000139c:	464f      	mov	r7, r9
1000139e:	46d6      	mov	lr, sl
100013a0:	b5c0      	push	{r6, r7, lr}
100013a2:	001f      	movs	r7, r3
100013a4:	4b34      	ldr	r3, [pc, #208]	; (10001478 <clock_configure_undivided+0xe0>)
100013a6:	0044      	lsls	r4, r0, #1
100013a8:	469c      	mov	ip, r3
100013aa:	1824      	adds	r4, r4, r0
100013ac:	00a4      	lsls	r4, r4, #2
100013ae:	4464      	add	r4, ip
100013b0:	6863      	ldr	r3, [r4, #4]
100013b2:	4688      	mov	r8, r1
100013b4:	0016      	movs	r6, r2
100013b6:	2bff      	cmp	r3, #255	; 0xff
100013b8:	d802      	bhi.n	100013c0 <clock_configure_undivided+0x28>
100013ba:	2380      	movs	r3, #128	; 0x80
100013bc:	005b      	lsls	r3, r3, #1
100013be:	6063      	str	r3, [r4, #4]
100013c0:	1f03      	subs	r3, r0, #4
100013c2:	b2db      	uxtb	r3, r3
100013c4:	469a      	mov	sl, r3
100013c6:	2b01      	cmp	r3, #1
100013c8:	d930      	bls.n	1000142c <clock_configure_undivided+0x94>
100013ca:	23c0      	movs	r3, #192	; 0xc0
100013cc:	2280      	movs	r2, #128	; 0x80
100013ce:	019b      	lsls	r3, r3, #6
100013d0:	18e3      	adds	r3, r4, r3
100013d2:	0112      	lsls	r2, r2, #4
100013d4:	601a      	str	r2, [r3, #0]
100013d6:	4b29      	ldr	r3, [pc, #164]	; (1000147c <clock_configure_undivided+0xe4>)
100013d8:	0085      	lsls	r5, r0, #2
100013da:	5959      	ldr	r1, [r3, r5]
100013dc:	4699      	mov	r9, r3
100013de:	2900      	cmp	r1, #0
100013e0:	d11b      	bne.n	1000141a <clock_configure_undivided+0x82>
100013e2:	6822      	ldr	r2, [r4, #0]
100013e4:	0176      	lsls	r6, r6, #5
100013e6:	4072      	eors	r2, r6
100013e8:	26e0      	movs	r6, #224	; 0xe0
100013ea:	2380      	movs	r3, #128	; 0x80
100013ec:	4016      	ands	r6, r2
100013ee:	4652      	mov	r2, sl
100013f0:	015b      	lsls	r3, r3, #5
100013f2:	18e3      	adds	r3, r4, r3
100013f4:	601e      	str	r6, [r3, #0]
100013f6:	2a01      	cmp	r2, #1
100013f8:	d930      	bls.n	1000145c <clock_configure_undivided+0xc4>
100013fa:	2380      	movs	r3, #128	; 0x80
100013fc:	2280      	movs	r2, #128	; 0x80
100013fe:	019b      	lsls	r3, r3, #6
10001400:	18e3      	adds	r3, r4, r3
10001402:	0112      	lsls	r2, r2, #4
10001404:	601a      	str	r2, [r3, #0]
10001406:	2380      	movs	r3, #128	; 0x80
10001408:	005b      	lsls	r3, r3, #1
1000140a:	6063      	str	r3, [r4, #4]
1000140c:	464b      	mov	r3, r9
1000140e:	515f      	str	r7, [r3, r5]
10001410:	bce0      	pop	{r5, r6, r7}
10001412:	46ba      	mov	sl, r7
10001414:	46b1      	mov	r9, r6
10001416:	46a8      	mov	r8, r5
10001418:	bdf0      	pop	{r4, r5, r6, r7, pc}
1000141a:	6958      	ldr	r0, [r3, #20]
1000141c:	f000 fa3c 	bl	10001898 <__wrap___aeabi_uidiv>
10001420:	1c43      	adds	r3, r0, #1
10001422:	0058      	lsls	r0, r3, #1
10001424:	18c0      	adds	r0, r0, r3
10001426:	3803      	subs	r0, #3
10001428:	d2fd      	bcs.n	10001426 <clock_configure_undivided+0x8e>
1000142a:	e7da      	b.n	100013e2 <clock_configure_undivided+0x4a>
1000142c:	4643      	mov	r3, r8
1000142e:	2b01      	cmp	r3, #1
10001430:	d1cb      	bne.n	100013ca <clock_configure_undivided+0x32>
10001432:	23c0      	movs	r3, #192	; 0xc0
10001434:	2203      	movs	r2, #3
10001436:	019b      	lsls	r3, r3, #6
10001438:	18e3      	adds	r3, r4, r3
1000143a:	601a      	str	r2, [r3, #0]
1000143c:	3a02      	subs	r2, #2
1000143e:	68a3      	ldr	r3, [r4, #8]
10001440:	421a      	tst	r2, r3
10001442:	d0fc      	beq.n	1000143e <clock_configure_undivided+0xa6>
10001444:	23e0      	movs	r3, #224	; 0xe0
10001446:	6822      	ldr	r2, [r4, #0]
10001448:	0176      	lsls	r6, r6, #5
1000144a:	4056      	eors	r6, r2
1000144c:	401e      	ands	r6, r3
1000144e:	2380      	movs	r3, #128	; 0x80
10001450:	4a0a      	ldr	r2, [pc, #40]	; (1000147c <clock_configure_undivided+0xe4>)
10001452:	015b      	lsls	r3, r3, #5
10001454:	4691      	mov	r9, r2
10001456:	18e3      	adds	r3, r4, r3
10001458:	601e      	str	r6, [r3, #0]
1000145a:	0085      	lsls	r5, r0, #2
1000145c:	4642      	mov	r2, r8
1000145e:	6821      	ldr	r1, [r4, #0]
10001460:	4051      	eors	r1, r2
10001462:	2203      	movs	r2, #3
10001464:	400a      	ands	r2, r1
10001466:	601a      	str	r2, [r3, #0]
10001468:	2301      	movs	r3, #1
1000146a:	4642      	mov	r2, r8
1000146c:	4093      	lsls	r3, r2
1000146e:	68a2      	ldr	r2, [r4, #8]
10001470:	4213      	tst	r3, r2
10001472:	d0fc      	beq.n	1000146e <clock_configure_undivided+0xd6>
10001474:	e7c1      	b.n	100013fa <clock_configure_undivided+0x62>
10001476:	46c0      	nop			; (mov r8, r8)
10001478:	40008000 	.word	0x40008000
1000147c:	20001adc 	.word	0x20001adc

10001480 <clock_get_hz>:
10001480:	4b01      	ldr	r3, [pc, #4]	; (10001488 <clock_get_hz+0x8>)
10001482:	0080      	lsls	r0, r0, #2
10001484:	58c0      	ldr	r0, [r0, r3]
10001486:	4770      	bx	lr
10001488:	20001adc 	.word	0x20001adc

1000148c <pll_init>:
1000148c:	b5f8      	push	{r3, r4, r5, r6, r7, lr}
1000148e:	0004      	movs	r4, r0
10001490:	4820      	ldr	r0, [pc, #128]	; (10001514 <pll_init+0x88>)
10001492:	001d      	movs	r5, r3
10001494:	0017      	movs	r7, r2
10001496:	000e      	movs	r6, r1
10001498:	f000 f9fe 	bl	10001898 <__wrap___aeabi_uidiv>
1000149c:	0001      	movs	r1, r0
1000149e:	0038      	movs	r0, r7
100014a0:	f000 f9fa 	bl	10001898 <__wrap___aeabi_uidiv>
100014a4:	9b06      	ldr	r3, [sp, #24]
100014a6:	0429      	lsls	r1, r5, #16
100014a8:	031b      	lsls	r3, r3, #12
100014aa:	4319      	orrs	r1, r3
100014ac:	6823      	ldr	r3, [r4, #0]
100014ae:	2b00      	cmp	r3, #0
100014b0:	db1e      	blt.n	100014f0 <pll_init+0x64>
100014b2:	4b19      	ldr	r3, [pc, #100]	; (10001518 <pll_init+0x8c>)
100014b4:	4d19      	ldr	r5, [pc, #100]	; (1000151c <pll_init+0x90>)
100014b6:	18e2      	adds	r2, r4, r3
100014b8:	4253      	negs	r3, r2
100014ba:	415a      	adcs	r2, r3
100014bc:	2380      	movs	r3, #128	; 0x80
100014be:	015b      	lsls	r3, r3, #5
100014c0:	469c      	mov	ip, r3
100014c2:	0312      	lsls	r2, r2, #12
100014c4:	4b16      	ldr	r3, [pc, #88]	; (10001520 <pll_init+0x94>)
100014c6:	4462      	add	r2, ip
100014c8:	601a      	str	r2, [r3, #0]
100014ca:	4b16      	ldr	r3, [pc, #88]	; (10001524 <pll_init+0x98>)
100014cc:	601a      	str	r2, [r3, #0]
100014ce:	0017      	movs	r7, r2
100014d0:	682b      	ldr	r3, [r5, #0]
100014d2:	439f      	bics	r7, r3
100014d4:	d1fb      	bne.n	100014ce <pll_init+0x42>
100014d6:	4b14      	ldr	r3, [pc, #80]	; (10001528 <pll_init+0x9c>)
100014d8:	6026      	str	r6, [r4, #0]
100014da:	18e2      	adds	r2, r4, r3
100014dc:	2321      	movs	r3, #33	; 0x21
100014de:	60a0      	str	r0, [r4, #8]
100014e0:	6013      	str	r3, [r2, #0]
100014e2:	6823      	ldr	r3, [r4, #0]
100014e4:	2b00      	cmp	r3, #0
100014e6:	dafc      	bge.n	100014e2 <pll_init+0x56>
100014e8:	2308      	movs	r3, #8
100014ea:	60e1      	str	r1, [r4, #12]
100014ec:	6013      	str	r3, [r2, #0]
100014ee:	bdf8      	pop	{r3, r4, r5, r6, r7, pc}
100014f0:	233f      	movs	r3, #63	; 0x3f
100014f2:	6822      	ldr	r2, [r4, #0]
100014f4:	4013      	ands	r3, r2
100014f6:	42b3      	cmp	r3, r6
100014f8:	d1db      	bne.n	100014b2 <pll_init+0x26>
100014fa:	68a3      	ldr	r3, [r4, #8]
100014fc:	051b      	lsls	r3, r3, #20
100014fe:	0d1b      	lsrs	r3, r3, #20
10001500:	4283      	cmp	r3, r0
10001502:	d1d6      	bne.n	100014b2 <pll_init+0x26>
10001504:	22ee      	movs	r2, #238	; 0xee
10001506:	68e3      	ldr	r3, [r4, #12]
10001508:	02d2      	lsls	r2, r2, #11
1000150a:	4013      	ands	r3, r2
1000150c:	428b      	cmp	r3, r1
1000150e:	d1d0      	bne.n	100014b2 <pll_init+0x26>
10001510:	e7ed      	b.n	100014ee <pll_init+0x62>
10001512:	46c0      	nop			; (mov r8, r8)
10001514:	00b71b00 	.word	0x00b71b00
10001518:	bffd4000 	.word	0xbffd4000
1000151c:	4000c008 	.word	0x4000c008
10001520:	4000e000 	.word	0x4000e000
10001524:	4000f000 	.word	0x4000f000
10001528:	00003004 	.word	0x00003004

1000152c <watchdog_reboot>:
1000152c:	b510      	push	{r4, lr}
1000152e:	0014      	movs	r4, r2
10001530:	2280      	movs	r2, #128	; 0x80
10001532:	4b1b      	ldr	r3, [pc, #108]	; (100015a0 <watchdog_reboot+0x74>)
10001534:	05d2      	lsls	r2, r2, #23
10001536:	601a      	str	r2, [r3, #0]
10001538:	2800      	cmp	r0, #0
1000153a:	d01a      	beq.n	10001572 <watchdog_reboot+0x46>
1000153c:	2301      	movs	r3, #1
1000153e:	4a19      	ldr	r2, [pc, #100]	; (100015a4 <watchdog_reboot+0x78>)
10001540:	4318      	orrs	r0, r3
10001542:	4b19      	ldr	r3, [pc, #100]	; (100015a8 <watchdog_reboot+0x7c>)
10001544:	61da      	str	r2, [r3, #28]
10001546:	4a19      	ldr	r2, [pc, #100]	; (100015ac <watchdog_reboot+0x80>)
10001548:	4042      	eors	r2, r0
1000154a:	621a      	str	r2, [r3, #32]
1000154c:	6259      	str	r1, [r3, #36]	; 0x24
1000154e:	6298      	str	r0, [r3, #40]	; 0x28
10001550:	2280      	movs	r2, #128	; 0x80
10001552:	4b13      	ldr	r3, [pc, #76]	; (100015a0 <watchdog_reboot+0x74>)
10001554:	05d2      	lsls	r2, r2, #23
10001556:	601a      	str	r2, [r3, #0]
10001558:	4915      	ldr	r1, [pc, #84]	; (100015b0 <watchdog_reboot+0x84>)
1000155a:	4a16      	ldr	r2, [pc, #88]	; (100015b4 <watchdog_reboot+0x88>)
1000155c:	6011      	str	r1, [r2, #0]
1000155e:	22e0      	movs	r2, #224	; 0xe0
10001560:	04d2      	lsls	r2, r2, #19
10001562:	601a      	str	r2, [r3, #0]
10001564:	2c00      	cmp	r4, #0
10001566:	d107      	bne.n	10001578 <watchdog_reboot+0x4c>
10001568:	2280      	movs	r2, #128	; 0x80
1000156a:	4b13      	ldr	r3, [pc, #76]	; (100015b8 <watchdog_reboot+0x8c>)
1000156c:	0612      	lsls	r2, r2, #24
1000156e:	601a      	str	r2, [r3, #0]
10001570:	bd10      	pop	{r4, pc}
10001572:	4b0d      	ldr	r3, [pc, #52]	; (100015a8 <watchdog_reboot+0x7c>)
10001574:	61d8      	str	r0, [r3, #28]
10001576:	e7eb      	b.n	10001550 <watchdog_reboot+0x24>
10001578:	0163      	lsls	r3, r4, #5
1000157a:	1b1b      	subs	r3, r3, r4
1000157c:	009a      	lsls	r2, r3, #2
1000157e:	2380      	movs	r3, #128	; 0x80
10001580:	1912      	adds	r2, r2, r4
10001582:	0112      	lsls	r2, r2, #4
10001584:	045b      	lsls	r3, r3, #17
10001586:	429a      	cmp	r2, r3
10001588:	d300      	bcc.n	1000158c <watchdog_reboot+0x60>
1000158a:	4a0c      	ldr	r2, [pc, #48]	; (100015bc <watchdog_reboot+0x90>)
1000158c:	4b0c      	ldr	r3, [pc, #48]	; (100015c0 <watchdog_reboot+0x94>)
1000158e:	601a      	str	r2, [r3, #0]
10001590:	4b05      	ldr	r3, [pc, #20]	; (100015a8 <watchdog_reboot+0x7c>)
10001592:	605a      	str	r2, [r3, #4]
10001594:	2280      	movs	r2, #128	; 0x80
10001596:	4b08      	ldr	r3, [pc, #32]	; (100015b8 <watchdog_reboot+0x8c>)
10001598:	05d2      	lsls	r2, r2, #23
1000159a:	601a      	str	r2, [r3, #0]
1000159c:	e7e8      	b.n	10001570 <watchdog_reboot+0x44>
1000159e:	46c0      	nop			; (mov r8, r8)
100015a0:	4005b000 	.word	0x4005b000
100015a4:	b007c0d3 	.word	0xb007c0d3
100015a8:	40058000 	.word	0x40058000
100015ac:	4ff83f2d 	.word	0x4ff83f2d
100015b0:	0001fffc 	.word	0x0001fffc
100015b4:	40012008 	.word	0x40012008
100015b8:	4005a000 	.word	0x4005a000
100015bc:	00ffffff 	.word	0x00ffffff
100015c0:	20001f3c 	.word	0x20001f3c

100015c4 <tick_start>:
100015c4:	2380      	movs	r3, #128	; 0x80
100015c6:	4a02      	ldr	r2, [pc, #8]	; (100015d0 <tick_start+0xc>)
100015c8:	009b      	lsls	r3, r3, #2
100015ca:	430b      	orrs	r3, r1
100015cc:	62d3      	str	r3, [r2, #44]	; 0x2c
100015ce:	4770      	bx	lr
100015d0:	40058000 	.word	0x40058000

100015d4 <rom_func_lookup>:
100015d4:	2314      	movs	r3, #20
100015d6:	b510      	push	{r4, lr}
100015d8:	0001      	movs	r1, r0
100015da:	8818      	ldrh	r0, [r3, #0]
100015dc:	3304      	adds	r3, #4
100015de:	881b      	ldrh	r3, [r3, #0]
100015e0:	4798      	blx	r3
100015e2:	bd10      	pop	{r4, pc}

100015e4 <rom_data_lookup>:
100015e4:	2316      	movs	r3, #22
100015e6:	b510      	push	{r4, lr}
100015e8:	0001      	movs	r1, r0
100015ea:	8818      	ldrh	r0, [r3, #0]
100015ec:	3302      	adds	r3, #2
100015ee:	881b      	ldrh	r3, [r3, #0]
100015f0:	4798      	blx	r3
100015f2:	bd10      	pop	{r4, pc}

100015f4 <rom_funcs_lookup>:
100015f4:	b5f8      	push	{r3, r4, r5, r6, r7, lr}
100015f6:	4647      	mov	r7, r8
100015f8:	46ce      	mov	lr, r9
100015fa:	b580      	push	{r7, lr}
100015fc:	1e0f      	subs	r7, r1, #0
100015fe:	d019      	beq.n	10001634 <rom_funcs_lookup+0x40>
10001600:	2314      	movs	r3, #20
10001602:	4699      	mov	r9, r3
10001604:	3304      	adds	r3, #4
10001606:	0004      	movs	r4, r0
10001608:	2500      	movs	r5, #0
1000160a:	2601      	movs	r6, #1
1000160c:	4698      	mov	r8, r3
1000160e:	464b      	mov	r3, r9
10001610:	8818      	ldrh	r0, [r3, #0]
10001612:	4643      	mov	r3, r8
10001614:	6821      	ldr	r1, [r4, #0]
10001616:	881b      	ldrh	r3, [r3, #0]
10001618:	4798      	blx	r3
1000161a:	c401      	stmia	r4!, {r0}
1000161c:	1e43      	subs	r3, r0, #1
1000161e:	4198      	sbcs	r0, r3
10001620:	3501      	adds	r5, #1
10001622:	4240      	negs	r0, r0
10001624:	4006      	ands	r6, r0
10001626:	42af      	cmp	r7, r5
10001628:	d1f1      	bne.n	1000160e <rom_funcs_lookup+0x1a>
1000162a:	0030      	movs	r0, r6
1000162c:	bcc0      	pop	{r6, r7}
1000162e:	46b9      	mov	r9, r7
10001630:	46b0      	mov	r8, r6
10001632:	bdf8      	pop	{r3, r4, r5, r6, r7, pc}
10001634:	2601      	movs	r6, #1
10001636:	e7f8      	b.n	1000162a <rom_funcs_lookup+0x36>

10001638 <rom_reset_usb_boot_extra>:
10001638:	2314      	movs	r3, #20
1000163a:	b570      	push	{r4, r5, r6, lr}
1000163c:	0004      	movs	r4, r0
1000163e:	8818      	ldrh	r0, [r3, #0]
10001640:	3304      	adds	r3, #4
10001642:	881b      	ldrh	r3, [r3, #0]
10001644:	000d      	movs	r5, r1
10001646:	4905      	ldr	r1, [pc, #20]	; (1000165c <rom_reset_usb_boot_extra+0x24>)
10001648:	4798      	blx	r3
1000164a:	0003      	movs	r3, r0
1000164c:	2000      	movs	r0, #0
1000164e:	2c00      	cmp	r4, #0
10001650:	db01      	blt.n	10001656 <rom_reset_usb_boot_extra+0x1e>
10001652:	3001      	adds	r0, #1
10001654:	40a0      	lsls	r0, r4
10001656:	0029      	movs	r1, r5
10001658:	4798      	blx	r3
1000165a:	46c0      	nop			; (mov r8, r8)
1000165c:	00004255 	.word	0x00004255

10001660 <xosc_init>:
10001660:	23aa      	movs	r3, #170	; 0xaa
10001662:	4a06      	ldr	r2, [pc, #24]	; (1000167c <xosc_init+0x1c>)
10001664:	011b      	lsls	r3, r3, #4
10001666:	6013      	str	r3, [r2, #0]
10001668:	238d      	movs	r3, #141	; 0x8d
1000166a:	005b      	lsls	r3, r3, #1
1000166c:	60d3      	str	r3, [r2, #12]
1000166e:	4904      	ldr	r1, [pc, #16]	; (10001680 <xosc_init+0x20>)
10001670:	4b04      	ldr	r3, [pc, #16]	; (10001684 <xosc_init+0x24>)
10001672:	6019      	str	r1, [r3, #0]
10001674:	6853      	ldr	r3, [r2, #4]
10001676:	2b00      	cmp	r3, #0
10001678:	dafc      	bge.n	10001674 <xosc_init+0x14>
1000167a:	4770      	bx	lr
1000167c:	40024000 	.word	0x40024000
10001680:	00fab000 	.word	0x00fab000
10001684:	40026000 	.word	0x40026000

10001688 <first_per_core_initializer>:
10001688:	4770      	bx	lr
1000168a:	46c0      	nop			; (mov r8, r8)

1000168c <hard_assertion_failure>:
1000168c:	b510      	push	{r4, lr}
1000168e:	4801      	ldr	r0, [pc, #4]	; (10001694 <hard_assertion_failure+0x8>)
10001690:	f7fe feee 	bl	10000470 <panic>
10001694:	100069e0 	.word	0x100069e0

10001698 <runtime_run_initializers>:
10001698:	b570      	push	{r4, r5, r6, lr}
1000169a:	4d07      	ldr	r5, [pc, #28]	; (100016b8 <runtime_run_initializers+0x20>)
1000169c:	4e07      	ldr	r6, [pc, #28]	; (100016bc <runtime_run_initializers+0x24>)
1000169e:	42b5      	cmp	r5, r6
100016a0:	d209      	bcs.n	100016b6 <runtime_run_initializers+0x1e>
100016a2:	2400      	movs	r4, #0
100016a4:	3e01      	subs	r6, #1
100016a6:	1b76      	subs	r6, r6, r5
100016a8:	08b6      	lsrs	r6, r6, #2
100016aa:	cd08      	ldmia	r5!, {r3}
100016ac:	4798      	blx	r3
100016ae:	0023      	movs	r3, r4
100016b0:	3401      	adds	r4, #1
100016b2:	42b3      	cmp	r3, r6
100016b4:	d1f9      	bne.n	100016aa <runtime_run_initializers+0x12>
100016b6:	bd70      	pop	{r4, r5, r6, pc}
100016b8:	10006918 	.word	0x10006918
100016bc:	10006954 	.word	0x10006954

100016c0 <runtime_init_early_resets>:
100016c0:	4b05      	ldr	r3, [pc, #20]	; (100016d8 <runtime_init_early_resets+0x18>)
100016c2:	4a06      	ldr	r2, [pc, #24]	; (100016dc <runtime_init_early_resets+0x1c>)
100016c4:	4906      	ldr	r1, [pc, #24]	; (100016e0 <runtime_init_early_resets+0x20>)
100016c6:	601a      	str	r2, [r3, #0]
100016c8:	4a06      	ldr	r2, [pc, #24]	; (100016e4 <runtime_init_early_resets+0x24>)
100016ca:	4b07      	ldr	r3, [pc, #28]	; (100016e8 <runtime_init_early_resets+0x28>)
100016cc:	601a      	str	r2, [r3, #0]
100016ce:	0010      	movs	r0, r2
100016d0:	680b      	ldr	r3, [r1, #0]
100016d2:	4398      	bics	r0, r3
100016d4:	d1fb      	bne.n	100016ce <runtime_init_early_resets+0xe>
100016d6:	4770      	bx	lr
100016d8:	4000e000 	.word	0x4000e000
100016dc:	fefbcdbf 	.word	0xfefbcdbf
100016e0:	4000c008 	.word	0x4000c008
100016e4:	003c7ffe 	.word	0x003c7ffe
100016e8:	4000f000 	.word	0x4000f000

100016ec <runtime_init_usb_power_down>:
100016ec:	4b04      	ldr	r3, [pc, #16]	; (10001700 <runtime_init_usb_power_down+0x14>)
100016ee:	6cdb      	ldr	r3, [r3, #76]	; 0x4c
100016f0:	2b00      	cmp	r3, #0
100016f2:	d103      	bne.n	100016fc <runtime_init_usb_power_down+0x10>
100016f4:	2280      	movs	r2, #128	; 0x80
100016f6:	4b03      	ldr	r3, [pc, #12]	; (10001704 <runtime_init_usb_power_down+0x18>)
100016f8:	02d2      	lsls	r2, r2, #11
100016fa:	601a      	str	r2, [r3, #0]
100016fc:	4770      	bx	lr
100016fe:	46c0      	nop			; (mov r8, r8)
10001700:	50110000 	.word	0x50110000
10001704:	5011204c 	.word	0x5011204c

10001708 <runtime_init_post_clock_resets>:
10001708:	4a04      	ldr	r2, [pc, #16]	; (1000171c <runtime_init_post_clock_resets+0x14>)
1000170a:	4b05      	ldr	r3, [pc, #20]	; (10001720 <runtime_init_post_clock_resets+0x18>)
1000170c:	601a      	str	r2, [r3, #0]
1000170e:	4a05      	ldr	r2, [pc, #20]	; (10001724 <runtime_init_post_clock_resets+0x1c>)
10001710:	6813      	ldr	r3, [r2, #0]
10001712:	01db      	lsls	r3, r3, #7
10001714:	3380      	adds	r3, #128	; 0x80
10001716:	d1fb      	bne.n	10001710 <runtime_init_post_clock_resets+0x8>
10001718:	4770      	bx	lr
1000171a:	46c0      	nop			; (mov r8, r8)
1000171c:	01ffffff 	.word	0x01ffffff
10001720:	4000f000 	.word	0x4000f000
10001724:	4000c008 	.word	0x4000c008

10001728 <runtime_init_rp2040_gpio_ie_disable>:
10001728:	2240      	movs	r2, #64	; 0x40
1000172a:	4b03      	ldr	r3, [pc, #12]	; (10001738 <runtime_init_rp2040_gpio_ie_disable+0x10>)
1000172c:	679a      	str	r2, [r3, #120]	; 0x78
1000172e:	675a      	str	r2, [r3, #116]	; 0x74
10001730:	671a      	str	r2, [r3, #112]	; 0x70
10001732:	66da      	str	r2, [r3, #108]	; 0x6c
10001734:	4770      	bx	lr
10001736:	46c0      	nop			; (mov r8, r8)
10001738:	4001f000 	.word	0x4001f000

1000173c <runtime_init_spin_locks_reset>:
1000173c:	b510      	push	{r4, lr}
1000173e:	f7fe ff3b 	bl	100005b8 <spin_locks_reset>
10001742:	bd10      	pop	{r4, pc}

10001744 <runtime_init_install_ram_vector_table>:
10001744:	b570      	push	{r4, r5, r6, lr}
10001746:	4d04      	ldr	r5, [pc, #16]	; (10001758 <runtime_init_install_ram_vector_table+0x14>)
10001748:	4c04      	ldr	r4, [pc, #16]	; (1000175c <runtime_init_install_ram_vector_table+0x18>)
1000174a:	0028      	movs	r0, r5
1000174c:	22c0      	movs	r2, #192	; 0xc0
1000174e:	68a1      	ldr	r1, [r4, #8]
10001750:	f000 ff34 	bl	100025bc <__wrap___aeabi_memcpy>
10001754:	60a5      	str	r5, [r4, #8]
10001756:	bd70      	pop	{r4, r5, r6, pc}
10001758:	20000000 	.word	0x20000000
1000175c:	e000ed00 	.word	0xe000ed00

10001760 <runtime_init_clocks>:
10001760:	2300      	movs	r3, #0
10001762:	b510      	push	{r4, lr}
10001764:	4c29      	ldr	r4, [pc, #164]	; (1000180c <runtime_init_clocks+0xac>)
10001766:	b082      	sub	sp, #8
10001768:	67a3      	str	r3, [r4, #120]	; 0x78
1000176a:	f7ff ff79 	bl	10001660 <xosc_init>
1000176e:	2201      	movs	r2, #1
10001770:	4b27      	ldr	r3, [pc, #156]	; (10001810 <runtime_init_clocks+0xb0>)
10001772:	601a      	str	r2, [r3, #0]
10001774:	6c63      	ldr	r3, [r4, #68]	; 0x44
10001776:	2b01      	cmp	r3, #1
10001778:	d1fc      	bne.n	10001774 <runtime_init_clocks+0x14>
1000177a:	2203      	movs	r2, #3
1000177c:	4b25      	ldr	r3, [pc, #148]	; (10001814 <runtime_init_clocks+0xb4>)
1000177e:	601a      	str	r2, [r3, #0]
10001780:	4a22      	ldr	r2, [pc, #136]	; (1000180c <runtime_init_clocks+0xac>)
10001782:	6b93      	ldr	r3, [r2, #56]	; 0x38
10001784:	2b01      	cmp	r3, #1
10001786:	d1fc      	bne.n	10001782 <runtime_init_clocks+0x22>
10001788:	3301      	adds	r3, #1
1000178a:	9300      	str	r3, [sp, #0]
1000178c:	2101      	movs	r1, #1
1000178e:	4a22      	ldr	r2, [pc, #136]	; (10001818 <runtime_init_clocks+0xb8>)
10001790:	4822      	ldr	r0, [pc, #136]	; (1000181c <runtime_init_clocks+0xbc>)
10001792:	3304      	adds	r3, #4
10001794:	f7ff fe7a 	bl	1000148c <pll_init>
10001798:	2305      	movs	r3, #5
1000179a:	2101      	movs	r1, #1
1000179c:	9300      	str	r3, [sp, #0]
1000179e:	4a20      	ldr	r2, [pc, #128]	; (10001820 <runtime_init_clocks+0xc0>)
100017a0:	4820      	ldr	r0, [pc, #128]	; (10001824 <runtime_init_clocks+0xc4>)
100017a2:	f7ff fe73 	bl	1000148c <pll_init>
100017a6:	2200      	movs	r2, #0
100017a8:	2102      	movs	r1, #2
100017aa:	2004      	movs	r0, #4
100017ac:	4b1e      	ldr	r3, [pc, #120]	; (10001828 <runtime_init_clocks+0xc8>)
100017ae:	f7ff fdf3 	bl	10001398 <clock_configure_undivided>
100017b2:	2200      	movs	r2, #0
100017b4:	2101      	movs	r1, #1
100017b6:	2005      	movs	r0, #5
100017b8:	4b1c      	ldr	r3, [pc, #112]	; (1000182c <runtime_init_clocks+0xcc>)
100017ba:	f7ff fded 	bl	10001398 <clock_configure_undivided>
100017be:	2200      	movs	r2, #0
100017c0:	2100      	movs	r1, #0
100017c2:	2007      	movs	r0, #7
100017c4:	4b1a      	ldr	r3, [pc, #104]	; (10001830 <runtime_init_clocks+0xd0>)
100017c6:	f7ff fde7 	bl	10001398 <clock_configure_undivided>
100017ca:	2200      	movs	r2, #0
100017cc:	2100      	movs	r1, #0
100017ce:	2008      	movs	r0, #8
100017d0:	4b17      	ldr	r3, [pc, #92]	; (10001830 <runtime_init_clocks+0xd0>)
100017d2:	f7ff fde1 	bl	10001398 <clock_configure_undivided>
100017d6:	2380      	movs	r3, #128	; 0x80
100017d8:	00db      	lsls	r3, r3, #3
100017da:	9300      	str	r3, [sp, #0]
100017dc:	2200      	movs	r2, #0
100017de:	2100      	movs	r1, #0
100017e0:	2009      	movs	r0, #9
100017e2:	4b13      	ldr	r3, [pc, #76]	; (10001830 <runtime_init_clocks+0xd0>)
100017e4:	f7ff fd5e 	bl	100012a4 <clock_configure_int_divider>
100017e8:	2200      	movs	r2, #0
100017ea:	4b10      	ldr	r3, [pc, #64]	; (1000182c <runtime_init_clocks+0xcc>)
100017ec:	2100      	movs	r1, #0
100017ee:	2006      	movs	r0, #6
100017f0:	f7ff fdd2 	bl	10001398 <clock_configure_undivided>
100017f4:	2004      	movs	r0, #4
100017f6:	f7ff fe43 	bl	10001480 <clock_get_hz>
100017fa:	490e      	ldr	r1, [pc, #56]	; (10001834 <runtime_init_clocks+0xd4>)
100017fc:	f000 f84c 	bl	10001898 <__wrap___aeabi_uidiv>
10001800:	0001      	movs	r1, r0
10001802:	2000      	movs	r0, #0
10001804:	f7ff fede 	bl	100015c4 <tick_start>
10001808:	b002      	add	sp, #8
1000180a:	bd10      	pop	{r4, pc}
1000180c:	40008000 	.word	0x40008000
10001810:	4000b03c 	.word	0x4000b03c
10001814:	4000b030 	.word	0x4000b030
10001818:	59682f00 	.word	0x59682f00
1000181c:	40028000 	.word	0x40028000
10001820:	47868c00 	.word	0x47868c00
10001824:	4002c000 	.word	0x4002c000
10001828:	00b71b00 	.word	0x00b71b00
1000182c:	07735940 	.word	0x07735940
10001830:	02dc6c00 	.word	0x02dc6c00
10001834:	000f4240 	.word	0x000f4240

10001838 <__aeabi_bits_init>:
10001838:	4801      	ldr	r0, [pc, #4]	; (10001840 <__aeabi_bits_init+0x8>)
1000183a:	2104      	movs	r1, #4
1000183c:	4b01      	ldr	r3, [pc, #4]	; (10001844 <__aeabi_bits_init+0xc>)
1000183e:	4718      	bx	r3
10001840:	20001030 	.word	0x20001030
10001844:	100015f5 	.word	0x100015f5

10001848 <__wrap___aeabi_idiv>:
10001848:	4a12      	ldr	r2, [pc, #72]	; (10001894 <divmod_s32s32_savestate+0x18>)
1000184a:	6f93      	ldr	r3, [r2, #120]	; 0x78
1000184c:	089b      	lsrs	r3, r3, #2
1000184e:	d215      	bcs.n	1000187c <divmod_s32s32_savestate>

10001850 <divmod_s32s32_unsafe>:
10001850:	6690      	str	r0, [r2, #104]	; 0x68
10001852:	66d1      	str	r1, [r2, #108]	; 0x6c
10001854:	2900      	cmp	r1, #0
10001856:	d005      	beq.n	10001864 <divmod_s32s32_unsafe+0x14>
10001858:	e7ff      	b.n	1000185a <divmod_s32s32_unsafe+0xa>
1000185a:	e7ff      	b.n	1000185c <divmod_s32s32_unsafe+0xc>
1000185c:	e7ff      	b.n	1000185e <divmod_s32s32_unsafe+0xe>
1000185e:	6f51      	ldr	r1, [r2, #116]	; 0x74
10001860:	6f10      	ldr	r0, [r2, #112]	; 0x70
10001862:	4770      	bx	lr
10001864:	b504      	push	{r2, lr}
10001866:	2180      	movs	r1, #128	; 0x80
10001868:	0609      	lsls	r1, r1, #24
1000186a:	17c2      	asrs	r2, r0, #31
1000186c:	4051      	eors	r1, r2
1000186e:	2800      	cmp	r0, #0
10001870:	d000      	beq.n	10001874 <divmod_s32s32_unsafe+0x24>
10001872:	43c8      	mvns	r0, r1
10001874:	f005 f808 	bl	10006888 <____aeabi_idiv0_veneer>
10001878:	2100      	movs	r1, #0
1000187a:	bd04      	pop	{r2, pc}

1000187c <divmod_s32s32_savestate>:
1000187c:	b5f0      	push	{r4, r5, r6, r7, lr}
1000187e:	6e14      	ldr	r4, [r2, #96]	; 0x60
10001880:	6e55      	ldr	r5, [r2, #100]	; 0x64
10001882:	6f57      	ldr	r7, [r2, #116]	; 0x74
10001884:	6f16      	ldr	r6, [r2, #112]	; 0x70
10001886:	f7ff ffe3 	bl	10001850 <divmod_s32s32_unsafe>
1000188a:	6614      	str	r4, [r2, #96]	; 0x60
1000188c:	6655      	str	r5, [r2, #100]	; 0x64
1000188e:	6757      	str	r7, [r2, #116]	; 0x74
10001890:	6716      	str	r6, [r2, #112]	; 0x70
10001892:	bdf0      	pop	{r4, r5, r6, r7, pc}
10001894:	d0000000 	.word	0xd0000000

10001898 <__wrap___aeabi_uidiv>:
10001898:	4a11      	ldr	r2, [pc, #68]	; (100018e0 <divmod_u32u32_savestate+0x18>)
1000189a:	6f93      	ldr	r3, [r2, #120]	; 0x78
1000189c:	089b      	lsrs	r3, r3, #2
1000189e:	d213      	bcs.n	100018c8 <divmod_u32u32_savestate>

100018a0 <divmod_u32u32_unsafe>:
100018a0:	6610      	str	r0, [r2, #96]	; 0x60
100018a2:	6651      	str	r1, [r2, #100]	; 0x64
100018a4:	2900      	cmp	r1, #0
100018a6:	d005      	beq.n	100018b4 <divmod_u32u32_unsafe+0x14>
100018a8:	e7ff      	b.n	100018aa <divmod_u32u32_unsafe+0xa>
100018aa:	e7ff      	b.n	100018ac <divmod_u32u32_unsafe+0xc>
100018ac:	e7ff      	b.n	100018ae <divmod_u32u32_unsafe+0xe>
100018ae:	6f51      	ldr	r1, [r2, #116]	; 0x74
100018b0:	6f10      	ldr	r0, [r2, #112]	; 0x70
100018b2:	4770      	bx	lr
100018b4:	b504      	push	{r2, lr}
100018b6:	2800      	cmp	r0, #0
100018b8:	d001      	beq.n	100018be <divmod_u32u32_unsafe+0x1e>
100018ba:	2000      	movs	r0, #0
100018bc:	43c0      	mvns	r0, r0
100018be:	f004 ffe3 	bl	10006888 <____aeabi_idiv0_veneer>
100018c2:	2100      	movs	r1, #0
100018c4:	bd04      	pop	{r2, pc}
100018c6:	46c0      	nop			; (mov r8, r8)

100018c8 <divmod_u32u32_savestate>:
100018c8:	b5f0      	push	{r4, r5, r6, r7, lr}
100018ca:	6e14      	ldr	r4, [r2, #96]	; 0x60
100018cc:	6e55      	ldr	r5, [r2, #100]	; 0x64
100018ce:	6f57      	ldr	r7, [r2, #116]	; 0x74
100018d0:	6f16      	ldr	r6, [r2, #112]	; 0x70
100018d2:	f7ff ffe5 	bl	100018a0 <divmod_u32u32_unsafe>
100018d6:	6614      	str	r4, [r2, #96]	; 0x60
100018d8:	6655      	str	r5, [r2, #100]	; 0x64
100018da:	6757      	str	r7, [r2, #116]	; 0x74
100018dc:	6716      	str	r6, [r2, #112]	; 0x70
100018de:	bdf0      	pop	{r4, r5, r6, r7, pc}
100018e0:	d0000000 	.word	0xd0000000

100018e4 <__wrap___aeabi_ldivmod>:
100018e4:	4694      	mov	ip, r2
100018e6:	4a4a      	ldr	r2, [pc, #296]	; (10001a10 <udiv0+0x1a>)
100018e8:	6f92      	ldr	r2, [r2, #120]	; 0x78
100018ea:	0892      	lsrs	r2, r2, #2
100018ec:	4662      	mov	r2, ip
100018ee:	d201      	bcs.n	100018f4 <divmod_s64s64_savestate>
100018f0:	e028      	b.n	10001944 <divmod_s64s64_unsafe>
100018f2:	46c0      	nop			; (mov r8, r8)

100018f4 <divmod_s64s64_savestate>:
100018f4:	b5f0      	push	{r4, r5, r6, r7, lr}
100018f6:	4e46      	ldr	r6, [pc, #280]	; (10001a10 <udiv0+0x1a>)
100018f8:	6e34      	ldr	r4, [r6, #96]	; 0x60
100018fa:	6e75      	ldr	r5, [r6, #100]	; 0x64
100018fc:	6f77      	ldr	r7, [r6, #116]	; 0x74
100018fe:	6f36      	ldr	r6, [r6, #112]	; 0x70
10001900:	f000 f820 	bl	10001944 <divmod_s64s64_unsafe>
10001904:	4694      	mov	ip, r2
10001906:	4a42      	ldr	r2, [pc, #264]	; (10001a10 <udiv0+0x1a>)
10001908:	6614      	str	r4, [r2, #96]	; 0x60
1000190a:	6655      	str	r5, [r2, #100]	; 0x64
1000190c:	6757      	str	r7, [r2, #116]	; 0x74
1000190e:	6716      	str	r6, [r2, #112]	; 0x70
10001910:	4662      	mov	r2, ip
10001912:	bdf0      	pop	{r4, r5, r6, r7, pc}

10001914 <__wrap___aeabi_uldivmod>:
10001914:	4694      	mov	ip, r2
10001916:	4a3e      	ldr	r2, [pc, #248]	; (10001a10 <udiv0+0x1a>)
10001918:	6f92      	ldr	r2, [r2, #120]	; 0x78
1000191a:	0892      	lsrs	r2, r2, #2
1000191c:	4662      	mov	r2, ip
1000191e:	d201      	bcs.n	10001924 <divmod_u64u64_savestate>
10001920:	e054      	b.n	100019cc <divmod_u64u64_unsafe>
10001922:	46c0      	nop			; (mov r8, r8)

10001924 <divmod_u64u64_savestate>:
10001924:	b5f0      	push	{r4, r5, r6, r7, lr}
10001926:	4e3a      	ldr	r6, [pc, #232]	; (10001a10 <udiv0+0x1a>)
10001928:	6e34      	ldr	r4, [r6, #96]	; 0x60
1000192a:	6e75      	ldr	r5, [r6, #100]	; 0x64
1000192c:	6f77      	ldr	r7, [r6, #116]	; 0x74
1000192e:	6f36      	ldr	r6, [r6, #112]	; 0x70
10001930:	f000 f84c 	bl	100019cc <divmod_u64u64_unsafe>
10001934:	4694      	mov	ip, r2
10001936:	4a36      	ldr	r2, [pc, #216]	; (10001a10 <udiv0+0x1a>)
10001938:	6614      	str	r4, [r2, #96]	; 0x60
1000193a:	6655      	str	r5, [r2, #100]	; 0x64
1000193c:	6757      	str	r7, [r2, #116]	; 0x74
1000193e:	6716      	str	r6, [r2, #112]	; 0x70
10001940:	4662      	mov	r2, ip
10001942:	bdf0      	pop	{r4, r5, r6, r7, pc}

10001944 <divmod_s64s64_unsafe>:
10001944:	2b00      	cmp	r3, #0
10001946:	db24      	blt.n	10001992 <l42_1+0x26>
10001948:	d011      	beq.n	1000196e <l42_1+0x2>
1000194a:	2900      	cmp	r1, #0
1000194c:	da3e      	bge.n	100019cc <divmod_u64u64_unsafe>
1000194e:	b500      	push	{lr}
10001950:	43c9      	mvns	r1, r1
10001952:	4240      	negs	r0, r0
10001954:	d100      	bne.n	10001958 <l40_1>
10001956:	3101      	adds	r1, #1

10001958 <l40_1>:
10001958:	f000 f838 	bl	100019cc <divmod_u64u64_unsafe>
1000195c:	43c9      	mvns	r1, r1
1000195e:	4240      	negs	r0, r0
10001960:	d100      	bne.n	10001964 <l41_1>
10001962:	3101      	adds	r1, #1

10001964 <l41_1>:
10001964:	43db      	mvns	r3, r3
10001966:	4252      	negs	r2, r2
10001968:	d100      	bne.n	1000196c <l42_1>
1000196a:	3301      	adds	r3, #1

1000196c <l42_1>:
1000196c:	bd00      	pop	{pc}
1000196e:	2a00      	cmp	r2, #0
10001970:	d1eb      	bne.n	1000194a <divmod_s64s64_unsafe+0x6>
10001972:	2800      	cmp	r0, #0
10001974:	d101      	bne.n	1000197a <l42_1+0xe>
10001976:	2900      	cmp	r1, #0
10001978:	d005      	beq.n	10001986 <l42_1+0x1a>
1000197a:	2000      	movs	r0, #0
1000197c:	0fc9      	lsrs	r1, r1, #31
1000197e:	07c9      	lsls	r1, r1, #31
10001980:	d101      	bne.n	10001986 <l42_1+0x1a>
10001982:	43c0      	mvns	r0, r0
10001984:	0841      	lsrs	r1, r0, #1
10001986:	b500      	push	{lr}
10001988:	f004 ff6e 	bl	10006868 <____aeabi_ldiv0_veneer>
1000198c:	2200      	movs	r2, #0
1000198e:	2300      	movs	r3, #0
10001990:	bd00      	pop	{pc}
10001992:	b500      	push	{lr}
10001994:	2900      	cmp	r1, #0
10001996:	db0a      	blt.n	100019ae <l44_1+0x2>
10001998:	43db      	mvns	r3, r3
1000199a:	4252      	negs	r2, r2
1000199c:	d100      	bne.n	100019a0 <l43_1>
1000199e:	3301      	adds	r3, #1

100019a0 <l43_1>:
100019a0:	f000 f814 	bl	100019cc <divmod_u64u64_unsafe>
100019a4:	43c9      	mvns	r1, r1
100019a6:	4240      	negs	r0, r0
100019a8:	d100      	bne.n	100019ac <l44_1>
100019aa:	3101      	adds	r1, #1

100019ac <l44_1>:
100019ac:	bd00      	pop	{pc}
100019ae:	43c9      	mvns	r1, r1
100019b0:	4240      	negs	r0, r0
100019b2:	d100      	bne.n	100019b6 <l45_1>
100019b4:	3101      	adds	r1, #1

100019b6 <l45_1>:
100019b6:	43db      	mvns	r3, r3
100019b8:	4252      	negs	r2, r2
100019ba:	d100      	bne.n	100019be <l46_1>
100019bc:	3301      	adds	r3, #1

100019be <l46_1>:
100019be:	f000 f805 	bl	100019cc <divmod_u64u64_unsafe>
100019c2:	43db      	mvns	r3, r3
100019c4:	4252      	negs	r2, r2
100019c6:	d100      	bne.n	100019ca <l47_1>
100019c8:	3301      	adds	r3, #1

100019ca <l47_1>:
100019ca:	bd00      	pop	{pc}

100019cc <divmod_u64u64_unsafe>:
100019cc:	2900      	cmp	r1, #0
100019ce:	d123      	bne.n	10001a18 <y64>
100019d0:	2b00      	cmp	r3, #0
100019d2:	d118      	bne.n	10001a06 <udiv0+0x10>
100019d4:	2a00      	cmp	r2, #0
100019d6:	d00c      	beq.n	100019f2 <divmod_u64u64_unsafe+0x26>
100019d8:	46bc      	mov	ip, r7
100019da:	4f0d      	ldr	r7, [pc, #52]	; (10001a10 <udiv0+0x1a>)
100019dc:	6638      	str	r0, [r7, #96]	; 0x60
100019de:	667a      	str	r2, [r7, #100]	; 0x64
100019e0:	2100      	movs	r1, #0
100019e2:	2300      	movs	r3, #0
100019e4:	e7ff      	b.n	100019e6 <divmod_u64u64_unsafe+0x1a>
100019e6:	e7ff      	b.n	100019e8 <divmod_u64u64_unsafe+0x1c>
100019e8:	e7ff      	b.n	100019ea <divmod_u64u64_unsafe+0x1e>
100019ea:	6f7a      	ldr	r2, [r7, #116]	; 0x74
100019ec:	6f38      	ldr	r0, [r7, #112]	; 0x70
100019ee:	4667      	mov	r7, ip
100019f0:	4770      	bx	lr
100019f2:	2800      	cmp	r0, #0
100019f4:	d001      	beq.n	100019fa <udiv0+0x4>

100019f6 <udiv0>:
100019f6:	4807      	ldr	r0, [pc, #28]	; (10001a14 <udiv0+0x1e>)
100019f8:	0001      	movs	r1, r0
100019fa:	b500      	push	{lr}
100019fc:	f004 ff34 	bl	10006868 <____aeabi_ldiv0_veneer>
10001a00:	2200      	movs	r2, #0
10001a02:	2300      	movs	r3, #0
10001a04:	bd00      	pop	{pc}
10001a06:	0002      	movs	r2, r0
10001a08:	000b      	movs	r3, r1
10001a0a:	2000      	movs	r0, #0
10001a0c:	2100      	movs	r1, #0
10001a0e:	4770      	bx	lr
10001a10:	d0000000 	.word	0xd0000000
10001a14:	ffffffff 	.word	0xffffffff

10001a18 <y64>:
10001a18:	2b00      	cmp	r3, #0
10001a1a:	d000      	beq.n	10001a1e <y64+0x6>
10001a1c:	e0bf      	b.n	10001b9e <y64_x48>
10001a1e:	0c13      	lsrs	r3, r2, #16
10001a20:	d128      	bne.n	10001a74 <y64_x32>
10001a22:	2a00      	cmp	r2, #0
10001a24:	d0e7      	beq.n	100019f6 <udiv0>
10001a26:	b480      	push	{r7}
10001a28:	4f11      	ldr	r7, [pc, #68]	; (10001a70 <y64+0x58>)
10001a2a:	6639      	str	r1, [r7, #96]	; 0x60
10001a2c:	667a      	str	r2, [r7, #100]	; 0x64
10001a2e:	e7ff      	b.n	10001a30 <y64+0x18>
10001a30:	e7ff      	b.n	10001a32 <y64+0x1a>
10001a32:	b430      	push	{r4, r5}
10001a34:	0c04      	lsrs	r4, r0, #16
10001a36:	6f7b      	ldr	r3, [r7, #116]	; 0x74
10001a38:	6f39      	ldr	r1, [r7, #112]	; 0x70
10001a3a:	041b      	lsls	r3, r3, #16
10001a3c:	4323      	orrs	r3, r4
10001a3e:	663b      	str	r3, [r7, #96]	; 0x60
10001a40:	667a      	str	r2, [r7, #100]	; 0x64
10001a42:	e7ff      	b.n	10001a44 <y64+0x2c>
10001a44:	e7ff      	b.n	10001a46 <y64+0x2e>
10001a46:	e7ff      	b.n	10001a48 <y64+0x30>
10001a48:	46c0      	nop			; (mov r8, r8)
10001a4a:	b284      	uxth	r4, r0
10001a4c:	6f7b      	ldr	r3, [r7, #116]	; 0x74
10001a4e:	6f3d      	ldr	r5, [r7, #112]	; 0x70
10001a50:	041b      	lsls	r3, r3, #16
10001a52:	4323      	orrs	r3, r4
10001a54:	663b      	str	r3, [r7, #96]	; 0x60
10001a56:	667a      	str	r2, [r7, #100]	; 0x64
10001a58:	e7ff      	b.n	10001a5a <y64+0x42>
10001a5a:	e7ff      	b.n	10001a5c <y64+0x44>
10001a5c:	46c0      	nop			; (mov r8, r8)
10001a5e:	2300      	movs	r3, #0
10001a60:	042c      	lsls	r4, r5, #16
10001a62:	0c2d      	lsrs	r5, r5, #16
10001a64:	6f7a      	ldr	r2, [r7, #116]	; 0x74
10001a66:	6f38      	ldr	r0, [r7, #112]	; 0x70
10001a68:	1900      	adds	r0, r0, r4
10001a6a:	4169      	adcs	r1, r5
10001a6c:	bcb0      	pop	{r4, r5, r7}
10001a6e:	4770      	bx	lr
10001a70:	d0000000 	.word	0xd0000000

10001a74 <y64_x32>:
10001a74:	b5f0      	push	{r4, r5, r6, r7, lr}
10001a76:	4694      	mov	ip, r2
10001a78:	2500      	movs	r5, #0
10001a7a:	0e14      	lsrs	r4, r2, #24
10001a7c:	d101      	bne.n	10001a82 <y64_x32+0xe>
10001a7e:	0212      	lsls	r2, r2, #8
10001a80:	3508      	adds	r5, #8
10001a82:	0f14      	lsrs	r4, r2, #28
10001a84:	d101      	bne.n	10001a8a <y64_x32+0x16>
10001a86:	0112      	lsls	r2, r2, #4
10001a88:	3504      	adds	r5, #4
10001a8a:	0f94      	lsrs	r4, r2, #30
10001a8c:	d101      	bne.n	10001a92 <y64_x32+0x1e>
10001a8e:	0092      	lsls	r2, r2, #2
10001a90:	3502      	adds	r5, #2
10001a92:	0fd4      	lsrs	r4, r2, #31
10001a94:	d101      	bne.n	10001a9a <y64_x32+0x26>
10001a96:	0052      	lsls	r2, r2, #1
10001a98:	3501      	adds	r5, #1
10001a9a:	0bd4      	lsrs	r4, r2, #15
10001a9c:	3401      	adds	r4, #1
10001a9e:	4f25      	ldr	r7, [pc, #148]	; (10001b34 <y64_x32+0xc0>)
10001aa0:	667c      	str	r4, [r7, #100]	; 0x64
10001aa2:	4c25      	ldr	r4, [pc, #148]	; (10001b38 <y64_x32+0xc4>)
10001aa4:	663c      	str	r4, [r7, #96]	; 0x60
10001aa6:	0c0e      	lsrs	r6, r1, #16
10001aa8:	b293      	uxth	r3, r2
10001aaa:	e7ff      	b.n	10001aac <y64_x32+0x38>
10001aac:	e7ff      	b.n	10001aae <y64_x32+0x3a>
10001aae:	e7ff      	b.n	10001ab0 <y64_x32+0x3c>
10001ab0:	6f3c      	ldr	r4, [r7, #112]	; 0x70
10001ab2:	4366      	muls	r6, r4
10001ab4:	0c36      	lsrs	r6, r6, #16
10001ab6:	0377      	lsls	r7, r6, #13
10001ab8:	46be      	mov	lr, r7
10001aba:	4373      	muls	r3, r6
10001abc:	0bdf      	lsrs	r7, r3, #15
10001abe:	045b      	lsls	r3, r3, #17
10001ac0:	1ac0      	subs	r0, r0, r3
10001ac2:	41b9      	sbcs	r1, r7
10001ac4:	0c13      	lsrs	r3, r2, #16
10001ac6:	4373      	muls	r3, r6
10001ac8:	18db      	adds	r3, r3, r3
10001aca:	1ac9      	subs	r1, r1, r3
10001acc:	08ce      	lsrs	r6, r1, #3
10001ace:	4366      	muls	r6, r4
10001ad0:	0c36      	lsrs	r6, r6, #16
10001ad2:	44b6      	add	lr, r6
10001ad4:	b293      	uxth	r3, r2
10001ad6:	4373      	muls	r3, r6
10001ad8:	0f1f      	lsrs	r7, r3, #28
10001ada:	011b      	lsls	r3, r3, #4
10001adc:	1ac0      	subs	r0, r0, r3
10001ade:	41b9      	sbcs	r1, r7
10001ae0:	0c13      	lsrs	r3, r2, #16
10001ae2:	4373      	muls	r3, r6
10001ae4:	0b1f      	lsrs	r7, r3, #12
10001ae6:	051b      	lsls	r3, r3, #20
10001ae8:	1ac0      	subs	r0, r0, r3
10001aea:	41b9      	sbcs	r1, r7
10001aec:	0d86      	lsrs	r6, r0, #22
10001aee:	028f      	lsls	r7, r1, #10
10001af0:	433e      	orrs	r6, r7
10001af2:	4366      	muls	r6, r4
10001af4:	0c36      	lsrs	r6, r6, #16
10001af6:	2d09      	cmp	r5, #9
10001af8:	db24      	blt.n	10001b44 <last0>
10001afa:	0a52      	lsrs	r2, r2, #9
10001afc:	4372      	muls	r2, r6
10001afe:	1a80      	subs	r0, r0, r2
10001b00:	0377      	lsls	r7, r6, #13
10001b02:	0a46      	lsrs	r6, r0, #9
10001b04:	4366      	muls	r6, r4
10001b06:	0c36      	lsrs	r6, r6, #16
10001b08:	2316      	movs	r3, #22
10001b0a:	1b5b      	subs	r3, r3, r5
10001b0c:	40de      	lsrs	r6, r3
10001b0e:	40df      	lsrs	r7, r3
10001b10:	19bf      	adds	r7, r7, r6
10001b12:	4664      	mov	r4, ip
10001b14:	4366      	muls	r6, r4
10001b16:	1b82      	subs	r2, r0, r6
10001b18:	4670      	mov	r0, lr
10001b1a:	3504      	adds	r5, #4
10001b1c:	3306      	adds	r3, #6
10001b1e:	0001      	movs	r1, r0
10001b20:	40d9      	lsrs	r1, r3
10001b22:	40a8      	lsls	r0, r5
10001b24:	19c0      	adds	r0, r0, r7
10001b26:	d300      	bcc.n	10001b2a <y64_x32+0xb6>
10001b28:	3101      	adds	r1, #1
10001b2a:	42a2      	cmp	r2, r4
10001b2c:	d206      	bcs.n	10001b3c <y64_x32+0xc8>
10001b2e:	2300      	movs	r3, #0
10001b30:	bdf0      	pop	{r4, r5, r6, r7, pc}
10001b32:	0000      	.short	0x0000
10001b34:	d0000000 	.word	0xd0000000
10001b38:	ffffffff 	.word	0xffffffff
10001b3c:	1b12      	subs	r2, r2, r4
10001b3e:	3001      	adds	r0, #1
10001b40:	d3f3      	bcc.n	10001b2a <y64_x32+0xb6>
10001b42:	e7f1      	b.n	10001b28 <y64_x32+0xb4>

10001b44 <last0>:
10001b44:	2709      	movs	r7, #9
10001b46:	1b7f      	subs	r7, r7, r5
10001b48:	40fe      	lsrs	r6, r7
10001b4a:	4664      	mov	r4, ip
10001b4c:	b2a2      	uxth	r2, r4
10001b4e:	4372      	muls	r2, r6
10001b50:	1a80      	subs	r0, r0, r2
10001b52:	d200      	bcs.n	10001b56 <last0+0x12>
10001b54:	3901      	subs	r1, #1
10001b56:	0c22      	lsrs	r2, r4, #16
10001b58:	4372      	muls	r2, r6
10001b5a:	0c13      	lsrs	r3, r2, #16
10001b5c:	0412      	lsls	r2, r2, #16
10001b5e:	1a82      	subs	r2, r0, r2
10001b60:	4199      	sbcs	r1, r3
10001b62:	000b      	movs	r3, r1
10001b64:	4670      	mov	r0, lr
10001b66:	3504      	adds	r5, #4
10001b68:	3713      	adds	r7, #19
10001b6a:	0001      	movs	r1, r0
10001b6c:	40f9      	lsrs	r1, r7
10001b6e:	40a8      	lsls	r0, r5
10001b70:	1980      	adds	r0, r0, r6
10001b72:	d300      	bcc.n	10001b76 <last0+0x32>
10001b74:	3101      	adds	r1, #1
10001b76:	2b00      	cmp	r3, #0
10001b78:	d102      	bne.n	10001b80 <last0+0x3c>
10001b7a:	42a2      	cmp	r2, r4
10001b7c:	d20a      	bcs.n	10001b94 <last0+0x50>
10001b7e:	bdf0      	pop	{r4, r5, r6, r7, pc}
10001b80:	3001      	adds	r0, #1
10001b82:	d300      	bcc.n	10001b86 <last0+0x42>
10001b84:	3101      	adds	r1, #1
10001b86:	1b12      	subs	r2, r2, r4
10001b88:	d2fa      	bcs.n	10001b80 <last0+0x3c>
10001b8a:	3b01      	subs	r3, #1
10001b8c:	d1f8      	bne.n	10001b80 <last0+0x3c>
10001b8e:	42a2      	cmp	r2, r4
10001b90:	d200      	bcs.n	10001b94 <last0+0x50>
10001b92:	bdf0      	pop	{r4, r5, r6, r7, pc}
10001b94:	3001      	adds	r0, #1
10001b96:	d300      	bcc.n	10001b9a <last0+0x56>
10001b98:	3101      	adds	r1, #1
10001b9a:	1b12      	subs	r2, r2, r4
10001b9c:	e7f7      	b.n	10001b8e <last0+0x4a>

10001b9e <y64_x48>:
10001b9e:	b5f0      	push	{r4, r5, r6, r7, lr}
10001ba0:	0c1c      	lsrs	r4, r3, #16
10001ba2:	d000      	beq.n	10001ba6 <y64_x48+0x8>
10001ba4:	e080      	b.n	10001ca8 <y64_x64>
10001ba6:	b40c      	push	{r2, r3}
10001ba8:	2500      	movs	r5, #0
10001baa:	0a1c      	lsrs	r4, r3, #8
10001bac:	d104      	bne.n	10001bb8 <y64_x48+0x1a>
10001bae:	021b      	lsls	r3, r3, #8
10001bb0:	0e16      	lsrs	r6, r2, #24
10001bb2:	4333      	orrs	r3, r6
10001bb4:	0212      	lsls	r2, r2, #8
10001bb6:	3508      	adds	r5, #8
10001bb8:	0b1c      	lsrs	r4, r3, #12
10001bba:	d104      	bne.n	10001bc6 <y64_x48+0x28>
10001bbc:	011b      	lsls	r3, r3, #4
10001bbe:	0f16      	lsrs	r6, r2, #28
10001bc0:	4333      	orrs	r3, r6
10001bc2:	0112      	lsls	r2, r2, #4
10001bc4:	3504      	adds	r5, #4
10001bc6:	0b9c      	lsrs	r4, r3, #14
10001bc8:	d104      	bne.n	10001bd4 <y64_x48+0x36>
10001bca:	009b      	lsls	r3, r3, #2
10001bcc:	0f96      	lsrs	r6, r2, #30
10001bce:	4333      	orrs	r3, r6
10001bd0:	0092      	lsls	r2, r2, #2
10001bd2:	3502      	adds	r5, #2
10001bd4:	0bdc      	lsrs	r4, r3, #15
10001bd6:	d102      	bne.n	10001bde <y64_x48+0x40>
10001bd8:	1892      	adds	r2, r2, r2
10001bda:	415b      	adcs	r3, r3
10001bdc:	3501      	adds	r5, #1
10001bde:	001c      	movs	r4, r3
10001be0:	1897      	adds	r7, r2, r2
10001be2:	4164      	adcs	r4, r4
10001be4:	3401      	adds	r4, #1
10001be6:	4f46      	ldr	r7, [pc, #280]	; (10001d00 <y64_x64+0x58>)
10001be8:	667c      	str	r4, [r7, #100]	; 0x64
10001bea:	4c46      	ldr	r4, [pc, #280]	; (10001d04 <y64_x64+0x5c>)
10001bec:	663c      	str	r4, [r7, #96]	; 0x60
10001bee:	0c0e      	lsrs	r6, r1, #16
10001bf0:	e7ff      	b.n	10001bf2 <y64_x48+0x54>
10001bf2:	e7ff      	b.n	10001bf4 <y64_x48+0x56>
10001bf4:	e7ff      	b.n	10001bf6 <y64_x48+0x58>
10001bf6:	46c0      	nop			; (mov r8, r8)
10001bf8:	6f3c      	ldr	r4, [r7, #112]	; 0x70
10001bfa:	4366      	muls	r6, r4
10001bfc:	0c36      	lsrs	r6, r6, #16
10001bfe:	0377      	lsls	r7, r6, #13
10001c00:	46be      	mov	lr, r7
10001c02:	b297      	uxth	r7, r2
10001c04:	4377      	muls	r7, r6
10001c06:	1bc0      	subs	r0, r0, r7
10001c08:	d200      	bcs.n	10001c0c <y64_x48+0x6e>
10001c0a:	3901      	subs	r1, #1
10001c0c:	1bc0      	subs	r0, r0, r7
10001c0e:	d200      	bcs.n	10001c12 <y64_x48+0x74>
10001c10:	3901      	subs	r1, #1
10001c12:	b29f      	uxth	r7, r3
10001c14:	4377      	muls	r7, r6
10001c16:	1bc9      	subs	r1, r1, r7
10001c18:	1bc9      	subs	r1, r1, r7
10001c1a:	0c17      	lsrs	r7, r2, #16
10001c1c:	4377      	muls	r7, r6
10001c1e:	047e      	lsls	r6, r7, #17
10001c20:	0bff      	lsrs	r7, r7, #15
10001c22:	1b80      	subs	r0, r0, r6
10001c24:	41b9      	sbcs	r1, r7
10001c26:	08ce      	lsrs	r6, r1, #3
10001c28:	4366      	muls	r6, r4
10001c2a:	0c36      	lsrs	r6, r6, #16
10001c2c:	2d0c      	cmp	r5, #12
10001c2e:	db33      	blt.n	10001c98 <last1>
10001c30:	44b6      	add	lr, r6
10001c32:	0b12      	lsrs	r2, r2, #12
10001c34:	051f      	lsls	r7, r3, #20
10001c36:	433a      	orrs	r2, r7
10001c38:	0b1b      	lsrs	r3, r3, #12
10001c3a:	b297      	uxth	r7, r2
10001c3c:	4377      	muls	r7, r6
10001c3e:	1bc0      	subs	r0, r0, r7
10001c40:	d200      	bcs.n	10001c44 <y64_x48+0xa6>
10001c42:	3901      	subs	r1, #1
10001c44:	b29f      	uxth	r7, r3
10001c46:	4377      	muls	r7, r6
10001c48:	1bc9      	subs	r1, r1, r7
10001c4a:	0c17      	lsrs	r7, r2, #16
10001c4c:	4377      	muls	r7, r6
10001c4e:	043e      	lsls	r6, r7, #16
10001c50:	0c3f      	lsrs	r7, r7, #16
10001c52:	1b80      	subs	r0, r0, r6
10001c54:	41b9      	sbcs	r1, r7
10001c56:	0d86      	lsrs	r6, r0, #22
10001c58:	028f      	lsls	r7, r1, #10
10001c5a:	433e      	orrs	r6, r7
10001c5c:	4366      	muls	r6, r4
10001c5e:	2729      	movs	r7, #41	; 0x29
10001c60:	1b7f      	subs	r7, r7, r5
10001c62:	40fe      	lsrs	r6, r7
10001c64:	3d0c      	subs	r5, #12
10001c66:	4677      	mov	r7, lr
10001c68:	40af      	lsls	r7, r5
10001c6a:	19bf      	adds	r7, r7, r6
10001c6c:	bc30      	pop	{r4, r5}
10001c6e:	b2a2      	uxth	r2, r4
10001c70:	b2ab      	uxth	r3, r5
10001c72:	4372      	muls	r2, r6
10001c74:	4373      	muls	r3, r6
10001c76:	1a80      	subs	r0, r0, r2
10001c78:	4199      	sbcs	r1, r3
10001c7a:	0c22      	lsrs	r2, r4, #16
10001c7c:	4372      	muls	r2, r6
10001c7e:	0c13      	lsrs	r3, r2, #16
10001c80:	0412      	lsls	r2, r2, #16
10001c82:	1a80      	subs	r0, r0, r2
10001c84:	4199      	sbcs	r1, r3
10001c86:	0002      	movs	r2, r0
10001c88:	000b      	movs	r3, r1
10001c8a:	3701      	adds	r7, #1
10001c8c:	1b00      	subs	r0, r0, r4
10001c8e:	41a9      	sbcs	r1, r5
10001c90:	d2f9      	bcs.n	10001c86 <y64_x48+0xe8>
10001c92:	1e78      	subs	r0, r7, #1
10001c94:	2100      	movs	r1, #0
10001c96:	bdf0      	pop	{r4, r5, r6, r7, pc}

10001c98 <last1>:
10001c98:	270c      	movs	r7, #12
10001c9a:	1b7f      	subs	r7, r7, r5
10001c9c:	40fe      	lsrs	r6, r7
10001c9e:	4677      	mov	r7, lr
10001ca0:	0b7f      	lsrs	r7, r7, #13
10001ca2:	40af      	lsls	r7, r5
10001ca4:	19ff      	adds	r7, r7, r7
10001ca6:	e7e0      	b.n	10001c6a <y64_x48+0xcc>

10001ca8 <y64_x64>:
10001ca8:	2400      	movs	r4, #0
10001caa:	1c5d      	adds	r5, r3, #1
10001cac:	d007      	beq.n	10001cbe <y64_x64+0x16>
10001cae:	4f14      	ldr	r7, [pc, #80]	; (10001d00 <y64_x64+0x58>)
10001cb0:	667d      	str	r5, [r7, #100]	; 0x64
10001cb2:	6639      	str	r1, [r7, #96]	; 0x60
10001cb4:	e7ff      	b.n	10001cb6 <y64_x64+0xe>
10001cb6:	e7ff      	b.n	10001cb8 <y64_x64+0x10>
10001cb8:	e7ff      	b.n	10001cba <y64_x64+0x12>
10001cba:	e7ff      	b.n	10001cbc <y64_x64+0x14>
10001cbc:	6f3c      	ldr	r4, [r7, #112]	; 0x70
10001cbe:	b295      	uxth	r5, r2
10001cc0:	b29e      	uxth	r6, r3
10001cc2:	4365      	muls	r5, r4
10001cc4:	4366      	muls	r6, r4
10001cc6:	1b40      	subs	r0, r0, r5
10001cc8:	41b1      	sbcs	r1, r6
10001cca:	0c15      	lsrs	r5, r2, #16
10001ccc:	0c1e      	lsrs	r6, r3, #16
10001cce:	4365      	muls	r5, r4
10001cd0:	4366      	muls	r6, r4
10001cd2:	0436      	lsls	r6, r6, #16
10001cd4:	0c2f      	lsrs	r7, r5, #16
10001cd6:	433e      	orrs	r6, r7
10001cd8:	042d      	lsls	r5, r5, #16
10001cda:	1b40      	subs	r0, r0, r5
10001cdc:	41b1      	sbcs	r1, r6
10001cde:	4299      	cmp	r1, r3
10001ce0:	d204      	bcs.n	10001cec <y64_x64+0x44>
10001ce2:	0002      	movs	r2, r0
10001ce4:	000b      	movs	r3, r1
10001ce6:	0020      	movs	r0, r4
10001ce8:	2100      	movs	r1, #0
10001cea:	bdf0      	pop	{r4, r5, r6, r7, pc}
10001cec:	d101      	bne.n	10001cf2 <y64_x64+0x4a>
10001cee:	4290      	cmp	r0, r2
10001cf0:	d3f7      	bcc.n	10001ce2 <y64_x64+0x3a>
10001cf2:	1a80      	subs	r0, r0, r2
10001cf4:	4199      	sbcs	r1, r3
10001cf6:	3401      	adds	r4, #1
10001cf8:	4299      	cmp	r1, r3
10001cfa:	d3f2      	bcc.n	10001ce2 <y64_x64+0x3a>
10001cfc:	e7f6      	b.n	10001cec <y64_x64+0x44>
10001cfe:	0000      	.short	0x0000
10001d00:	d0000000 	.word	0xd0000000
10001d04:	ffffffff 	.word	0xffffffff

10001d08 <__wrap___aeabi_drsub>:
10001d08:	4048      	eors	r0, r1
10001d0a:	4041      	eors	r1, r0
10001d0c:	4048      	eors	r0, r1

10001d0e <__wrap___aeabi_dsub>:
10001d0e:	b418      	push	{r3, r4}
10001d10:	4b1b      	ldr	r3, [pc, #108]	; (10001d80 <__wrap___aeabi_dmul+0x12>)
10001d12:	685b      	ldr	r3, [r3, #4]
10001d14:	46fc      	mov	ip, pc
10001d16:	9301      	str	r3, [sp, #4]
10001d18:	bd08      	pop	{r3, pc}
10001d1a:	df04      	.short	0xdf04
10001d1c:	10001faf 	.word	0x10001faf

10001d20 <__wrap___aeabi_dadd>:
10001d20:	b418      	push	{r3, r4}
10001d22:	4b17      	ldr	r3, [pc, #92]	; (10001d80 <__wrap___aeabi_dmul+0x12>)
10001d24:	681b      	ldr	r3, [r3, #0]
10001d26:	46fc      	mov	ip, pc
10001d28:	9301      	str	r3, [sp, #4]
10001d2a:	bd08      	pop	{r3, pc}
10001d2c:	1fb9df00 	.word	0x1fb9df00
10001d30:	1000      	.short	0x1000

10001d32 <__wrap___aeabi_ddiv>:
10001d32:	4694      	mov	ip, r2
10001d34:	4a13      	ldr	r2, [pc, #76]	; (10001d84 <__wrap___aeabi_dmul+0x16>)
10001d36:	6f92      	ldr	r2, [r2, #120]	; 0x78
10001d38:	0892      	lsrs	r2, r2, #2
10001d3a:	d209      	bcs.n	10001d50 <ddiv_save_state>
10001d3c:	4662      	mov	r2, ip

10001d3e <ddiv_shim_call>:
10001d3e:	b418      	push	{r3, r4}
10001d40:	4b0f      	ldr	r3, [pc, #60]	; (10001d80 <__wrap___aeabi_dmul+0x12>)
10001d42:	68db      	ldr	r3, [r3, #12]
10001d44:	46fc      	mov	ip, pc
10001d46:	9301      	str	r3, [sp, #4]
10001d48:	bd08      	pop	{r3, pc}
10001d4a:	df0c      	.short	0xdf0c
10001d4c:	10002271 	.word	0x10002271

10001d50 <ddiv_save_state>:
10001d50:	4a0c      	ldr	r2, [pc, #48]	; (10001d84 <__wrap___aeabi_dmul+0x16>)
10001d52:	b5f0      	push	{r4, r5, r6, r7, lr}
10001d54:	6e14      	ldr	r4, [r2, #96]	; 0x60
10001d56:	6e55      	ldr	r5, [r2, #100]	; 0x64
10001d58:	6f57      	ldr	r7, [r2, #116]	; 0x74
10001d5a:	6f16      	ldr	r6, [r2, #112]	; 0x70
10001d5c:	4662      	mov	r2, ip
10001d5e:	f7ff ffee 	bl	10001d3e <ddiv_shim_call>
10001d62:	4a08      	ldr	r2, [pc, #32]	; (10001d84 <__wrap___aeabi_dmul+0x16>)
10001d64:	6614      	str	r4, [r2, #96]	; 0x60
10001d66:	6655      	str	r5, [r2, #100]	; 0x64
10001d68:	6757      	str	r7, [r2, #116]	; 0x74
10001d6a:	6716      	str	r6, [r2, #112]	; 0x70
10001d6c:	bdf0      	pop	{r4, r5, r6, r7, pc}

10001d6e <__wrap___aeabi_dmul>:
10001d6e:	b418      	push	{r3, r4}
10001d70:	4b03      	ldr	r3, [pc, #12]	; (10001d80 <__wrap___aeabi_dmul+0x12>)
10001d72:	689b      	ldr	r3, [r3, #8]
10001d74:	46fc      	mov	ip, pc
10001d76:	9301      	str	r3, [sp, #4]
10001d78:	bd08      	pop	{r3, pc}
10001d7a:	df08      	.short	0xdf08
10001d7c:	10002115 	.word	0x10002115
10001d80:	20001218 	.word	0x20001218
10001d84:	d0000000 	.word	0xd0000000

10001d88 <__wrap___aeabi_cdrcmple>:
10001d88:	b5ff      	push	{r0, r1, r2, r3, r4, r5, r6, r7, lr}
10001d8a:	4050      	eors	r0, r2
10001d8c:	4042      	eors	r2, r0
10001d8e:	4050      	eors	r0, r2
10001d90:	4059      	eors	r1, r3
10001d92:	404b      	eors	r3, r1
10001d94:	4059      	eors	r1, r3
10001d96:	e000      	b.n	10001d9a <__aeabi_dfcmple_guts>

10001d98 <__wrap___aeabi_cdcmpeq>:
10001d98:	b5ff      	push	{r0, r1, r2, r3, r4, r5, r6, r7, lr}

10001d9a <__aeabi_dfcmple_guts>:
10001d9a:	4f15      	ldr	r7, [pc, #84]	; (10001df0 <__aeabi_dfcmple_guts+0x56>)
10001d9c:	004c      	lsls	r4, r1, #1
10001d9e:	0d64      	lsrs	r4, r4, #21
10001da0:	d003      	beq.n	10001daa <__aeabi_dfcmple_guts+0x10>
10001da2:	42bc      	cmp	r4, r7
10001da4:	d104      	bne.n	10001db0 <__aeabi_dfcmple_guts+0x16>
10001da6:	030c      	lsls	r4, r1, #12
10001da8:	d814      	bhi.n	10001dd4 <__aeabi_dfcmple_guts+0x3a>
10001daa:	2000      	movs	r0, #0
10001dac:	0d09      	lsrs	r1, r1, #20
10001dae:	0509      	lsls	r1, r1, #20
10001db0:	005c      	lsls	r4, r3, #1
10001db2:	0d64      	lsrs	r4, r4, #21
10001db4:	d003      	beq.n	10001dbe <__aeabi_dfcmple_guts+0x24>
10001db6:	42bc      	cmp	r4, r7
10001db8:	d104      	bne.n	10001dc4 <__aeabi_dfcmple_guts+0x2a>
10001dba:	031c      	lsls	r4, r3, #12
10001dbc:	d80a      	bhi.n	10001dd4 <__aeabi_dfcmple_guts+0x3a>
10001dbe:	2200      	movs	r2, #0
10001dc0:	0d1b      	lsrs	r3, r3, #20
10001dc2:	051b      	lsls	r3, r3, #20
10001dc4:	2601      	movs	r6, #1
10001dc6:	404b      	eors	r3, r1
10001dc8:	d409      	bmi.n	10001dde <__aeabi_dfcmple_guts+0x44>
10001dca:	404b      	eors	r3, r1
10001dcc:	d503      	bpl.n	10001dd6 <__aeabi_dfcmple_guts+0x3c>
10001dce:	428b      	cmp	r3, r1
10001dd0:	d100      	bne.n	10001dd4 <__aeabi_dfcmple_guts+0x3a>
10001dd2:	4282      	cmp	r2, r0
10001dd4:	bdff      	pop	{r0, r1, r2, r3, r4, r5, r6, r7, pc}
10001dd6:	4299      	cmp	r1, r3
10001dd8:	d1fc      	bne.n	10001dd4 <__aeabi_dfcmple_guts+0x3a>
10001dda:	4290      	cmp	r0, r2
10001ddc:	bdff      	pop	{r0, r1, r2, r3, r4, r5, r6, r7, pc}
10001dde:	430b      	orrs	r3, r1
10001de0:	18db      	adds	r3, r3, r3
10001de2:	4303      	orrs	r3, r0
10001de4:	4313      	orrs	r3, r2
10001de6:	d0f5      	beq.n	10001dd4 <__aeabi_dfcmple_guts+0x3a>
10001de8:	43c9      	mvns	r1, r1
10001dea:	1849      	adds	r1, r1, r1
10001dec:	bdff      	pop	{r0, r1, r2, r3, r4, r5, r6, r7, pc}
10001dee:	0000      	.short	0x0000
10001df0:	000007ff 	.word	0x000007ff

10001df4 <__wrap___aeabi_dcmplt>:
10001df4:	b500      	push	{lr}
10001df6:	f7ff ffcf 	bl	10001d98 <__wrap___aeabi_cdcmpeq>
10001dfa:	4180      	sbcs	r0, r0
10001dfc:	bd00      	pop	{pc}
10001dfe:	46c0      	nop			; (mov r8, r8)

10001e00 <__wrap___aeabi_dcmple>:
10001e00:	b500      	push	{lr}
10001e02:	f7ff ffc9 	bl	10001d98 <__wrap___aeabi_cdcmpeq>
10001e06:	d901      	bls.n	10001e0c <__wrap___aeabi_dcmple+0xc>
10001e08:	2000      	movs	r0, #0
10001e0a:	bd00      	pop	{pc}
10001e0c:	2001      	movs	r0, #1
10001e0e:	bd00      	pop	{pc}

10001e10 <__wrap___aeabi_dcmpge>:
10001e10:	b500      	push	{lr}
10001e12:	f7ff ffb9 	bl	10001d88 <__wrap___aeabi_cdrcmple>
10001e16:	d901      	bls.n	10001e1c <__wrap___aeabi_dcmpge+0xc>
10001e18:	2000      	movs	r0, #0
10001e1a:	bd00      	pop	{pc}
10001e1c:	2001      	movs	r0, #1
10001e1e:	bd00      	pop	{pc}

10001e20 <__wrap___aeabi_dcmpgt>:
10001e20:	b500      	push	{lr}
10001e22:	f7ff ffb1 	bl	10001d88 <__wrap___aeabi_cdrcmple>
10001e26:	4180      	sbcs	r0, r0
10001e28:	bd00      	pop	{pc}

10001e2a <__wrap___aeabi_dcmpun>:
10001e2a:	2001      	movs	r0, #1
10001e2c:	0540      	lsls	r0, r0, #21
10001e2e:	004a      	lsls	r2, r1, #1
10001e30:	1812      	adds	r2, r2, r0
10001e32:	d804      	bhi.n	10001e3e <__wrap___aeabi_dcmpun+0x14>
10001e34:	005a      	lsls	r2, r3, #1
10001e36:	1812      	adds	r2, r2, r0
10001e38:	d801      	bhi.n	10001e3e <__wrap___aeabi_dcmpun+0x14>
10001e3a:	2000      	movs	r0, #0
10001e3c:	4770      	bx	lr
10001e3e:	2001      	movs	r0, #1
10001e40:	4770      	bx	lr
	...

10001e44 <__wrap___aeabi_ui2d>:
10001e44:	2100      	movs	r1, #0
10001e46:	2800      	cmp	r0, #0
10001e48:	d105      	bne.n	10001e56 <__wrap___aeabi_i2d+0xa>
10001e4a:	4770      	bx	lr

10001e4c <__wrap___aeabi_i2d>:
10001e4c:	17c1      	asrs	r1, r0, #31
10001e4e:	4048      	eors	r0, r1
10001e50:	1a40      	subs	r0, r0, r1
10001e52:	d0fa      	beq.n	10001e4a <__wrap___aeabi_ui2d+0x6>
10001e54:	07c9      	lsls	r1, r1, #31
10001e56:	b513      	push	{r0, r1, r4, lr}
10001e58:	4b06      	ldr	r3, [pc, #24]	; (10001e74 <__wrap___aeabi_i2d+0x28>)
10001e5a:	681b      	ldr	r3, [r3, #0]
10001e5c:	4798      	blx	r3
10001e5e:	bc0c      	pop	{r2, r3}
10001e60:	1c44      	adds	r4, r0, #1
10001e62:	40a2      	lsls	r2, r4
10001e64:	0510      	lsls	r0, r2, #20
10001e66:	0b12      	lsrs	r2, r2, #12
10001e68:	4903      	ldr	r1, [pc, #12]	; (10001e78 <__wrap___aeabi_i2d+0x2c>)
10001e6a:	1b09      	subs	r1, r1, r4
10001e6c:	0509      	lsls	r1, r1, #20
10001e6e:	4319      	orrs	r1, r3
10001e70:	4311      	orrs	r1, r2
10001e72:	bd10      	pop	{r4, pc}
10001e74:	20001f64 	.word	0x20001f64
10001e78:	0000041f 	.word	0x0000041f

10001e7c <__wrap___aeabi_d2iz>:
10001e7c:	b510      	push	{r4, lr}
10001e7e:	004c      	lsls	r4, r1, #1
10001e80:	0d62      	lsrs	r2, r4, #21
10001e82:	2380      	movs	r3, #128	; 0x80
10001e84:	18d2      	adds	r2, r2, r3
10001e86:	00db      	lsls	r3, r3, #3
10001e88:	1ad2      	subs	r2, r2, r3
10001e8a:	055b      	lsls	r3, r3, #21
10001e8c:	2a7e      	cmp	r2, #126	; 0x7e
10001e8e:	dd10      	ble.n	10001eb2 <__wrap___aeabi_d2iz+0x36>
10001e90:	3a9e      	subs	r2, #158	; 0x9e
10001e92:	da13      	bge.n	10001ebc <__wrap___aeabi_d2iz+0x40>
10001e94:	17cc      	asrs	r4, r1, #31
10001e96:	0309      	lsls	r1, r1, #12
10001e98:	0849      	lsrs	r1, r1, #1
10001e9a:	4319      	orrs	r1, r3
10001e9c:	4252      	negs	r2, r2
10001e9e:	40d1      	lsrs	r1, r2
10001ea0:	0064      	lsls	r4, r4, #1
10001ea2:	3401      	adds	r4, #1
10001ea4:	3215      	adds	r2, #21
10001ea6:	2a20      	cmp	r2, #32
10001ea8:	da05      	bge.n	10001eb6 <__wrap___aeabi_d2iz+0x3a>
10001eaa:	40d0      	lsrs	r0, r2
10001eac:	4308      	orrs	r0, r1
10001eae:	4360      	muls	r0, r4
10001eb0:	bd10      	pop	{r4, pc}
10001eb2:	2000      	movs	r0, #0
10001eb4:	bd10      	pop	{r4, pc}
10001eb6:	4608      	mov	r0, r1
10001eb8:	4360      	muls	r0, r4
10001eba:	bd10      	pop	{r4, pc}
10001ebc:	0fc8      	lsrs	r0, r1, #31
10001ebe:	18c0      	adds	r0, r0, r3
10001ec0:	3801      	subs	r0, #1
10001ec2:	bd10      	pop	{r4, pc}

10001ec4 <__wrap___aeabi_d2uiz>:
10001ec4:	b418      	push	{r3, r4}
10001ec6:	4b04      	ldr	r3, [pc, #16]	; (10001ed8 <__wrap___aeabi_d2uiz+0x14>)
10001ec8:	6a5b      	ldr	r3, [r3, #36]	; 0x24
10001eca:	46fc      	mov	ip, pc
10001ecc:	9301      	str	r3, [sp, #4]
10001ece:	bd08      	pop	{r3, pc}
10001ed0:	2421df24 	.word	0x2421df24
10001ed4:	00001000 	.word	0x00001000
10001ed8:	20001218 	.word	0x20001218

10001edc <__aeabi_double_init>:
10001edc:	2313      	movs	r3, #19
10001ede:	b570      	push	{r4, r5, r6, lr}
10001ee0:	781d      	ldrb	r5, [r3, #0]
10001ee2:	2d01      	cmp	r5, #1
10001ee4:	d019      	beq.n	10001f1a <__aeabi_double_init+0x3e>
10001ee6:	dd14      	ble.n	10001f12 <__aeabi_double_init+0x36>
10001ee8:	481e      	ldr	r0, [pc, #120]	; (10001f64 <__aeabi_double_init+0x88>)
10001eea:	f7ff fb7b 	bl	100015e4 <rom_data_lookup>
10001eee:	0006      	movs	r6, r0
10001ef0:	481d      	ldr	r0, [pc, #116]	; (10001f68 <__aeabi_double_init+0x8c>)
10001ef2:	f7ff fb77 	bl	100015e4 <rom_data_lookup>
10001ef6:	4c1d      	ldr	r4, [pc, #116]	; (10001f6c <__aeabi_double_init+0x90>)
10001ef8:	2280      	movs	r2, #128	; 0x80
10001efa:	0031      	movs	r1, r6
10001efc:	0020      	movs	r0, r4
10001efe:	f000 fb5d 	bl	100025bc <__wrap___aeabi_memcpy>
10001f02:	2d02      	cmp	r5, #2
10001f04:	d006      	beq.n	10001f14 <__aeabi_double_init+0x38>
10001f06:	481a      	ldr	r0, [pc, #104]	; (10001f70 <__aeabi_double_init+0x94>)
10001f08:	f7ff fb64 	bl	100015d4 <rom_func_lookup>
10001f0c:	4b19      	ldr	r3, [pc, #100]	; (10001f74 <__aeabi_double_init+0x98>)
10001f0e:	6018      	str	r0, [r3, #0]
10001f10:	bd70      	pop	{r4, r5, r6, pc}
10001f12:	4c16      	ldr	r4, [pc, #88]	; (10001f6c <__aeabi_double_init+0x90>)
10001f14:	4b18      	ldr	r3, [pc, #96]	; (10001f78 <__aeabi_double_init+0x9c>)
10001f16:	64a3      	str	r3, [r4, #72]	; 0x48
10001f18:	e7f5      	b.n	10001f06 <__aeabi_double_init+0x2a>
10001f1a:	4b17      	ldr	r3, [pc, #92]	; (10001f78 <__aeabi_double_init+0x9c>)
10001f1c:	4c13      	ldr	r4, [pc, #76]	; (10001f6c <__aeabi_double_init+0x90>)
10001f1e:	6023      	str	r3, [r4, #0]
10001f20:	6063      	str	r3, [r4, #4]
10001f22:	60a3      	str	r3, [r4, #8]
10001f24:	60e3      	str	r3, [r4, #12]
10001f26:	6123      	str	r3, [r4, #16]
10001f28:	6163      	str	r3, [r4, #20]
10001f2a:	61a3      	str	r3, [r4, #24]
10001f2c:	61e3      	str	r3, [r4, #28]
10001f2e:	6223      	str	r3, [r4, #32]
10001f30:	6263      	str	r3, [r4, #36]	; 0x24
10001f32:	62a3      	str	r3, [r4, #40]	; 0x28
10001f34:	62e3      	str	r3, [r4, #44]	; 0x2c
10001f36:	6323      	str	r3, [r4, #48]	; 0x30
10001f38:	6363      	str	r3, [r4, #52]	; 0x34
10001f3a:	63a3      	str	r3, [r4, #56]	; 0x38
10001f3c:	63e3      	str	r3, [r4, #60]	; 0x3c
10001f3e:	6423      	str	r3, [r4, #64]	; 0x40
10001f40:	6463      	str	r3, [r4, #68]	; 0x44
10001f42:	64a3      	str	r3, [r4, #72]	; 0x48
10001f44:	64e3      	str	r3, [r4, #76]	; 0x4c
10001f46:	6523      	str	r3, [r4, #80]	; 0x50
10001f48:	6563      	str	r3, [r4, #84]	; 0x54
10001f4a:	65a3      	str	r3, [r4, #88]	; 0x58
10001f4c:	65e3      	str	r3, [r4, #92]	; 0x5c
10001f4e:	6623      	str	r3, [r4, #96]	; 0x60
10001f50:	6663      	str	r3, [r4, #100]	; 0x64
10001f52:	66a3      	str	r3, [r4, #104]	; 0x68
10001f54:	66e3      	str	r3, [r4, #108]	; 0x6c
10001f56:	6723      	str	r3, [r4, #112]	; 0x70
10001f58:	6763      	str	r3, [r4, #116]	; 0x74
10001f5a:	67a3      	str	r3, [r4, #120]	; 0x78
10001f5c:	67e3      	str	r3, [r4, #124]	; 0x7c
10001f5e:	64a3      	str	r3, [r4, #72]	; 0x48
10001f60:	e7d1      	b.n	10001f06 <__aeabi_double_init+0x2a>
10001f62:	46c0      	nop			; (mov r8, r8)
10001f64:	00004453 	.word	0x00004453
10001f68:	00004653 	.word	0x00004653
10001f6c:	20001218 	.word	0x20001218
10001f70:	0000334c 	.word	0x0000334c
10001f74:	20001f64 	.word	0x20001f64
10001f78:	10001f7d 	.word	0x10001f7d

10001f7c <double_table_shim_on_use_helper>:
10001f7c:	b507      	push	{r0, r1, r2, lr}
10001f7e:	4660      	mov	r0, ip
10001f80:	8801      	ldrh	r1, [r0, #0]
10001f82:	0a0a      	lsrs	r2, r1, #8
10001f84:	3002      	adds	r0, #2
10001f86:	2adf      	cmp	r2, #223	; 0xdf
10001f88:	d1fa      	bne.n	10001f80 <double_table_shim_on_use_helper+0x4>
10001f8a:	b2c9      	uxtb	r1, r1
10001f8c:	0882      	lsrs	r2, r0, #2
10001f8e:	d304      	bcc.n	10001f9a <double_table_shim_on_use_helper+0x1e>
10001f90:	8802      	ldrh	r2, [r0, #0]
10001f92:	8840      	ldrh	r0, [r0, #2]
10001f94:	0400      	lsls	r0, r0, #16
10001f96:	4310      	orrs	r0, r2
10001f98:	e000      	b.n	10001f9c <double_table_shim_on_use_helper+0x20>
10001f9a:	6800      	ldr	r0, [r0, #0]
10001f9c:	4a01      	ldr	r2, [pc, #4]	; (10001fa4 <double_table_shim_on_use_helper+0x28>)
10001f9e:	5050      	str	r0, [r2, r1]
10001fa0:	9003      	str	r0, [sp, #12]
10001fa2:	bd07      	pop	{r0, r1, r2, pc}
10001fa4:	20001218 	.word	0x20001218

10001fa8 <drsub_shim>:
10001fa8:	b40f      	push	{r0, r1, r2, r3}
10001faa:	bc03      	pop	{r0, r1}
10001fac:	bc0c      	pop	{r2, r3}

10001fae <dsub_shim>:
10001fae:	b5f0      	push	{r4, r5, r6, r7, lr}
10001fb0:	2401      	movs	r4, #1
10001fb2:	07e4      	lsls	r4, r4, #31
10001fb4:	4063      	eors	r3, r4
10001fb6:	e000      	b.n	10001fba <da_entry>

10001fb8 <dadd_shim>:
10001fb8:	b5f0      	push	{r4, r5, r6, r7, lr}

10001fba <da_entry>:
10001fba:	0d0c      	lsrs	r4, r1, #20
10001fbc:	0fcf      	lsrs	r7, r1, #31
10001fbe:	1e66      	subs	r6, r4, #1
10001fc0:	0536      	lsls	r6, r6, #20
10001fc2:	1b89      	subs	r1, r1, r6
10001fc4:	0564      	lsls	r4, r4, #21
10001fc6:	d303      	bcc.n	10001fd0 <l8_1>
10001fc8:	43c9      	mvns	r1, r1
10001fca:	4240      	negs	r0, r0
10001fcc:	d300      	bcc.n	10001fd0 <l8_1>
10001fce:	3101      	adds	r1, #1

10001fd0 <l8_1>:
10001fd0:	0d64      	lsrs	r4, r4, #21
10001fd2:	d003      	beq.n	10001fdc <l8_2>
10001fd4:	1c66      	adds	r6, r4, #1
10001fd6:	0af6      	lsrs	r6, r6, #11
10001fd8:	d007      	beq.n	10001fea <l8_3>
10001fda:	1be4      	subs	r4, r4, r7

10001fdc <l8_2>:
10001fdc:	2000      	movs	r0, #0
10001fde:	007f      	lsls	r7, r7, #1
10001fe0:	1c79      	adds	r1, r7, #1
10001fe2:	0789      	lsls	r1, r1, #30
10001fe4:	1289      	asrs	r1, r1, #10
10001fe6:	3c80      	subs	r4, #128	; 0x80
10001fe8:	0324      	lsls	r4, r4, #12

10001fea <l8_3>:
10001fea:	0d1d      	lsrs	r5, r3, #20
10001fec:	0fdf      	lsrs	r7, r3, #31
10001fee:	1e6e      	subs	r6, r5, #1
10001ff0:	0536      	lsls	r6, r6, #20
10001ff2:	1b9b      	subs	r3, r3, r6
10001ff4:	056d      	lsls	r5, r5, #21
10001ff6:	d303      	bcc.n	10002000 <l9_1>
10001ff8:	43db      	mvns	r3, r3
10001ffa:	4252      	negs	r2, r2
10001ffc:	d300      	bcc.n	10002000 <l9_1>
10001ffe:	3301      	adds	r3, #1

10002000 <l9_1>:
10002000:	0d6d      	lsrs	r5, r5, #21
10002002:	d003      	beq.n	1000200c <l9_2>
10002004:	1c6e      	adds	r6, r5, #1
10002006:	0af6      	lsrs	r6, r6, #11
10002008:	d007      	beq.n	1000201a <l9_3>
1000200a:	1bed      	subs	r5, r5, r7

1000200c <l9_2>:
1000200c:	2200      	movs	r2, #0
1000200e:	007f      	lsls	r7, r7, #1
10002010:	1c7b      	adds	r3, r7, #1
10002012:	079b      	lsls	r3, r3, #30
10002014:	129b      	asrs	r3, r3, #10
10002016:	3d80      	subs	r5, #128	; 0x80
10002018:	032d      	lsls	r5, r5, #12

1000201a <l9_3>:
1000201a:	1b2f      	subs	r7, r5, r4
1000201c:	1b66      	subs	r6, r4, r5
1000201e:	d458      	bmi.n	100020d2 <da_ygtx>
10002020:	46a4      	mov	ip, r4
10002022:	2e20      	cmp	r6, #32
10002024:	da46      	bge.n	100020b4 <da_xrgty>
10002026:	3720      	adds	r7, #32
10002028:	0014      	movs	r4, r2
1000202a:	40bc      	lsls	r4, r7

1000202c <da_xgty0>:
1000202c:	001d      	movs	r5, r3
1000202e:	40bd      	lsls	r5, r7
10002030:	40f2      	lsrs	r2, r6
10002032:	4133      	asrs	r3, r6
10002034:	432a      	orrs	r2, r5

10002036 <da_add>:
10002036:	1880      	adds	r0, r0, r2
10002038:	4159      	adcs	r1, r3

1000203a <da_pack>:
1000203a:	0fcb      	lsrs	r3, r1, #31
1000203c:	d005      	beq.n	1000204a <da_pack+0x10>
1000203e:	43c9      	mvns	r1, r1
10002040:	43c0      	mvns	r0, r0
10002042:	2200      	movs	r2, #0
10002044:	4264      	negs	r4, r4
10002046:	4150      	adcs	r0, r2
10002048:	4151      	adcs	r1, r2
1000204a:	4662      	mov	r2, ip
1000204c:	0d4d      	lsrs	r5, r1, #21
1000204e:	d128      	bne.n	100020a2 <da_0>
10002050:	0d0d      	lsrs	r5, r1, #20
10002052:	d107      	bne.n	10002064 <da_1>
10002054:	2800      	cmp	r0, #0
10002056:	d01f      	beq.n	10002098 <da_5>

10002058 <da_2>:
10002058:	1924      	adds	r4, r4, r4
1000205a:	4140      	adcs	r0, r0
1000205c:	4149      	adcs	r1, r1
1000205e:	3a01      	subs	r2, #1
10002060:	0d0d      	lsrs	r5, r1, #20
10002062:	d0f9      	beq.n	10002058 <da_2>

10002064 <da_1>:
10002064:	0064      	lsls	r4, r4, #1
10002066:	d306      	bcc.n	10002076 <da_3>

10002068 <da_4>:
10002068:	3001      	adds	r0, #1
1000206a:	d300      	bcc.n	1000206e <da_4+0x6>
1000206c:	3101      	adds	r1, #1
1000206e:	2c00      	cmp	r4, #0
10002070:	d101      	bne.n	10002076 <da_3>
10002072:	0840      	lsrs	r0, r0, #1
10002074:	0040      	lsls	r0, r0, #1

10002076 <da_3>:
10002076:	3a01      	subs	r2, #1
10002078:	d40b      	bmi.n	10002092 <da_6>
1000207a:	1c94      	adds	r4, r2, #2
1000207c:	0ae4      	lsrs	r4, r4, #11
1000207e:	d104      	bne.n	1000208a <da_7>
10002080:	0512      	lsls	r2, r2, #20
10002082:	4411      	add	r1, r2
10002084:	07db      	lsls	r3, r3, #31
10002086:	4419      	add	r1, r3
10002088:	bdf0      	pop	{r4, r5, r6, r7, pc}

1000208a <da_7>:
1000208a:	07d9      	lsls	r1, r3, #31
1000208c:	4b20      	ldr	r3, [pc, #128]	; (10002110 <da_xmgty+0x4>)
1000208e:	4319      	orrs	r1, r3
10002090:	e000      	b.n	10002094 <da_6+0x2>

10002092 <da_6>:
10002092:	07d9      	lsls	r1, r3, #31
10002094:	2000      	movs	r0, #0
10002096:	bdf0      	pop	{r4, r5, r6, r7, pc}

10002098 <da_5>:
10002098:	2900      	cmp	r1, #0
1000209a:	d1dd      	bne.n	10002058 <da_2>
1000209c:	2c00      	cmp	r4, #0
1000209e:	d1db      	bne.n	10002058 <da_2>
100020a0:	bdf0      	pop	{r4, r5, r6, r7, pc}

100020a2 <da_0>:
100020a2:	3201      	adds	r2, #1
100020a4:	07c6      	lsls	r6, r0, #31
100020a6:	0840      	lsrs	r0, r0, #1
100020a8:	07cd      	lsls	r5, r1, #31
100020aa:	4328      	orrs	r0, r5
100020ac:	0849      	lsrs	r1, r1, #1
100020ae:	2e00      	cmp	r6, #0
100020b0:	d0e1      	beq.n	10002076 <da_3>
100020b2:	e7d9      	b.n	10002068 <da_4>

100020b4 <da_xrgty>:
100020b4:	2e3c      	cmp	r6, #60	; 0x3c
100020b6:	da29      	bge.n	1000210c <da_xmgty>
100020b8:	3e20      	subs	r6, #32
100020ba:	3740      	adds	r7, #64	; 0x40
100020bc:	0014      	movs	r4, r2
100020be:	40bc      	lsls	r4, r7
100020c0:	d000      	beq.n	100020c4 <da_xrgty+0x10>
100020c2:	2401      	movs	r4, #1
100020c4:	40f2      	lsrs	r2, r6
100020c6:	4314      	orrs	r4, r2
100020c8:	001a      	movs	r2, r3
100020ca:	40bb      	lsls	r3, r7
100020cc:	431c      	orrs	r4, r3
100020ce:	17d3      	asrs	r3, r2, #31
100020d0:	e7ac      	b.n	1000202c <da_xgty0>

100020d2 <da_ygtx>:
100020d2:	46ac      	mov	ip, r5
100020d4:	2f20      	cmp	r7, #32
100020d6:	da08      	bge.n	100020ea <da_yrgtx>
100020d8:	3620      	adds	r6, #32
100020da:	0004      	movs	r4, r0
100020dc:	40b4      	lsls	r4, r6

100020de <da_ygtx0>:
100020de:	000d      	movs	r5, r1
100020e0:	40b5      	lsls	r5, r6
100020e2:	40f8      	lsrs	r0, r7
100020e4:	4139      	asrs	r1, r7
100020e6:	4328      	orrs	r0, r5
100020e8:	e7a5      	b.n	10002036 <da_add>

100020ea <da_yrgtx>:
100020ea:	2f3c      	cmp	r7, #60	; 0x3c
100020ec:	da0c      	bge.n	10002108 <da_ymgtx>
100020ee:	3f20      	subs	r7, #32
100020f0:	3640      	adds	r6, #64	; 0x40
100020f2:	0004      	movs	r4, r0
100020f4:	40b4      	lsls	r4, r6
100020f6:	d000      	beq.n	100020fa <da_yrgtx+0x10>
100020f8:	2401      	movs	r4, #1
100020fa:	40f8      	lsrs	r0, r7
100020fc:	4304      	orrs	r4, r0
100020fe:	0008      	movs	r0, r1
10002100:	40b1      	lsls	r1, r6
10002102:	430c      	orrs	r4, r1
10002104:	17c1      	asrs	r1, r0, #31
10002106:	e7ea      	b.n	100020de <da_ygtx0>

10002108 <da_ymgtx>:
10002108:	0010      	movs	r0, r2
1000210a:	0019      	movs	r1, r3

1000210c <da_xmgty>:
1000210c:	2400      	movs	r4, #0
1000210e:	e794      	b.n	1000203a <da_pack>
10002110:	7ff00000 	.word	0x7ff00000

10002114 <dmul_shim>:
10002114:	b5f0      	push	{r4, r5, r6, r7, lr}
10002116:	0d0c      	lsrs	r4, r1, #20
10002118:	1e66      	subs	r6, r4, #1
1000211a:	0536      	lsls	r6, r6, #20
1000211c:	1b89      	subs	r1, r1, r6
1000211e:	0ae6      	lsrs	r6, r4, #11
10002120:	0564      	lsls	r4, r4, #21
10002122:	0d64      	lsrs	r4, r4, #21
10002124:	d002      	beq.n	1000212c <l12_1>
10002126:	1c65      	adds	r5, r4, #1
10002128:	0aed      	lsrs	r5, r5, #11
1000212a:	d004      	beq.n	10002136 <l12_2>

1000212c <l12_1>:
1000212c:	2000      	movs	r0, #0
1000212e:	2101      	movs	r1, #1
10002130:	0509      	lsls	r1, r1, #20
10002132:	3c80      	subs	r4, #128	; 0x80
10002134:	0324      	lsls	r4, r4, #12

10002136 <l12_2>:
10002136:	46a4      	mov	ip, r4
10002138:	0d1c      	lsrs	r4, r3, #20
1000213a:	1e67      	subs	r7, r4, #1
1000213c:	053f      	lsls	r7, r7, #20
1000213e:	1bdb      	subs	r3, r3, r7
10002140:	0ae7      	lsrs	r7, r4, #11
10002142:	0564      	lsls	r4, r4, #21
10002144:	0d64      	lsrs	r4, r4, #21
10002146:	d002      	beq.n	1000214e <l13_1>
10002148:	1c65      	adds	r5, r4, #1
1000214a:	0aed      	lsrs	r5, r5, #11
1000214c:	d004      	beq.n	10002158 <l13_2>

1000214e <l13_1>:
1000214e:	2200      	movs	r2, #0
10002150:	2301      	movs	r3, #1
10002152:	051b      	lsls	r3, r3, #20
10002154:	3c80      	subs	r4, #128	; 0x80
10002156:	0324      	lsls	r4, r4, #12

10002158 <l13_2>:
10002158:	4077      	eors	r7, r6
1000215a:	4464      	add	r4, ip
1000215c:	b497      	push	{r0, r1, r2, r4, r7}
1000215e:	b284      	uxth	r4, r0
10002160:	b296      	uxth	r6, r2
10002162:	4374      	muls	r4, r6
10002164:	0c07      	lsrs	r7, r0, #16
10002166:	437e      	muls	r6, r7
10002168:	0c15      	lsrs	r5, r2, #16
1000216a:	436f      	muls	r7, r5
1000216c:	b280      	uxth	r0, r0
1000216e:	4368      	muls	r0, r5
10002170:	1836      	adds	r6, r6, r0
10002172:	d302      	bcc.n	1000217a <l14_1>
10002174:	2001      	movs	r0, #1
10002176:	0400      	lsls	r0, r0, #16
10002178:	183f      	adds	r7, r7, r0

1000217a <l14_1>:
1000217a:	0430      	lsls	r0, r6, #16
1000217c:	0c35      	lsrs	r5, r6, #16
1000217e:	1900      	adds	r0, r0, r4
10002180:	417d      	adcs	r5, r7
10002182:	4684      	mov	ip, r0
10002184:	b288      	uxth	r0, r1
10002186:	b29a      	uxth	r2, r3
10002188:	4350      	muls	r0, r2
1000218a:	0c0c      	lsrs	r4, r1, #16
1000218c:	4362      	muls	r2, r4
1000218e:	0c1f      	lsrs	r7, r3, #16
10002190:	437c      	muls	r4, r7
10002192:	b28e      	uxth	r6, r1
10002194:	437e      	muls	r6, r7
10002196:	1992      	adds	r2, r2, r6
10002198:	d302      	bcc.n	100021a0 <l15_1>
1000219a:	2601      	movs	r6, #1
1000219c:	0436      	lsls	r6, r6, #16
1000219e:	19a4      	adds	r4, r4, r6

100021a0 <l15_1>:
100021a0:	0416      	lsls	r6, r2, #16
100021a2:	0c17      	lsrs	r7, r2, #16
100021a4:	1836      	adds	r6, r6, r0
100021a6:	4167      	adcs	r7, r4
100021a8:	bc01      	pop	{r0}
100021aa:	b281      	uxth	r1, r0
100021ac:	b29a      	uxth	r2, r3
100021ae:	4351      	muls	r1, r2
100021b0:	0c04      	lsrs	r4, r0, #16
100021b2:	4362      	muls	r2, r4
100021b4:	0c1b      	lsrs	r3, r3, #16
100021b6:	435c      	muls	r4, r3
100021b8:	b280      	uxth	r0, r0
100021ba:	4358      	muls	r0, r3
100021bc:	1812      	adds	r2, r2, r0
100021be:	d302      	bcc.n	100021c6 <l16_1>
100021c0:	2001      	movs	r0, #1
100021c2:	0400      	lsls	r0, r0, #16
100021c4:	1824      	adds	r4, r4, r0

100021c6 <l16_1>:
100021c6:	0410      	lsls	r0, r2, #16
100021c8:	0c13      	lsrs	r3, r2, #16
100021ca:	1840      	adds	r0, r0, r1
100021cc:	4163      	adcs	r3, r4
100021ce:	182d      	adds	r5, r5, r0
100021d0:	415e      	adcs	r6, r3
100021d2:	2000      	movs	r0, #0
100021d4:	4147      	adcs	r7, r0
100021d6:	bc06      	pop	{r1, r2}
100021d8:	b288      	uxth	r0, r1
100021da:	b293      	uxth	r3, r2
100021dc:	4358      	muls	r0, r3
100021de:	0c0c      	lsrs	r4, r1, #16
100021e0:	4363      	muls	r3, r4
100021e2:	0c12      	lsrs	r2, r2, #16
100021e4:	4354      	muls	r4, r2
100021e6:	b289      	uxth	r1, r1
100021e8:	4351      	muls	r1, r2
100021ea:	185b      	adds	r3, r3, r1
100021ec:	d302      	bcc.n	100021f4 <l17_1>
100021ee:	2101      	movs	r1, #1
100021f0:	0409      	lsls	r1, r1, #16
100021f2:	1864      	adds	r4, r4, r1

100021f4 <l17_1>:
100021f4:	0419      	lsls	r1, r3, #16
100021f6:	0c1a      	lsrs	r2, r3, #16
100021f8:	1809      	adds	r1, r1, r0
100021fa:	4162      	adcs	r2, r4
100021fc:	186d      	adds	r5, r5, r1
100021fe:	4156      	adcs	r6, r2
10002200:	2000      	movs	r0, #0
10002202:	4147      	adcs	r7, r0
10002204:	bc18      	pop	{r3, r4}
10002206:	02f9      	lsls	r1, r7, #11
10002208:	0d72      	lsrs	r2, r6, #21
1000220a:	4311      	orrs	r1, r2
1000220c:	02f0      	lsls	r0, r6, #11
1000220e:	0d6a      	lsrs	r2, r5, #21
10002210:	4310      	orrs	r0, r2
10002212:	02ed      	lsls	r5, r5, #11
10002214:	0d0a      	lsrs	r2, r1, #20
10002216:	d103      	bne.n	10002220 <l17_1+0x2c>
10002218:	196d      	adds	r5, r5, r5
1000221a:	4140      	adcs	r0, r0
1000221c:	4149      	adcs	r1, r1
1000221e:	3b01      	subs	r3, #1
10002220:	4e12      	ldr	r6, [pc, #72]	; (1000226c <dm_1+0xa>)
10002222:	1b9b      	subs	r3, r3, r6
10002224:	0076      	lsls	r6, r6, #1
10002226:	42b3      	cmp	r3, r6
10002228:	d20e      	bcs.n	10002248 <dm_0>
1000222a:	006d      	lsls	r5, r5, #1
1000222c:	d307      	bcc.n	1000223e <l17_1+0x4a>
1000222e:	3001      	adds	r0, #1
10002230:	2600      	movs	r6, #0
10002232:	4171      	adcs	r1, r6
10002234:	4666      	mov	r6, ip
10002236:	4335      	orrs	r5, r6
10002238:	d101      	bne.n	1000223e <l17_1+0x4a>
1000223a:	0840      	lsrs	r0, r0, #1
1000223c:	0040      	lsls	r0, r0, #1
1000223e:	051b      	lsls	r3, r3, #20
10002240:	18c9      	adds	r1, r1, r3

10002242 <dm_2>:
10002242:	07e4      	lsls	r4, r4, #31
10002244:	4421      	add	r1, r4
10002246:	bdf0      	pop	{r4, r5, r6, r7, pc}

10002248 <dm_0>:
10002248:	da0b      	bge.n	10002262 <dm_1>
1000224a:	3301      	adds	r3, #1
1000224c:	d106      	bne.n	1000225c <dm_0+0x14>
1000224e:	3001      	adds	r0, #1
10002250:	d104      	bne.n	1000225c <dm_0+0x14>
10002252:	3101      	adds	r1, #1
10002254:	0d4f      	lsrs	r7, r1, #21
10002256:	d001      	beq.n	1000225c <dm_0+0x14>
10002258:	0849      	lsrs	r1, r1, #1
1000225a:	e7f2      	b.n	10002242 <dm_2>
1000225c:	07e1      	lsls	r1, r4, #31
1000225e:	2000      	movs	r0, #0
10002260:	bdf0      	pop	{r4, r5, r6, r7, pc}

10002262 <dm_1>:
10002262:	3601      	adds	r6, #1
10002264:	0531      	lsls	r1, r6, #20
10002266:	2000      	movs	r0, #0
10002268:	e7eb      	b.n	10002242 <dm_2>
1000226a:	0000      	.short	0x0000
1000226c:	000003ff 	.word	0x000003ff

10002270 <ddiv_shim>:
10002270:	b5f0      	push	{r4, r5, r6, r7, lr}

10002272 <ddiv0>:
10002272:	0d1c      	lsrs	r4, r3, #20
10002274:	1e67      	subs	r7, r4, #1
10002276:	053f      	lsls	r7, r7, #20
10002278:	1bdb      	subs	r3, r3, r7
1000227a:	0ae7      	lsrs	r7, r4, #11
1000227c:	0564      	lsls	r4, r4, #21
1000227e:	0d64      	lsrs	r4, r4, #21
10002280:	d002      	beq.n	10002288 <l20_1>
10002282:	1c66      	adds	r6, r4, #1
10002284:	0af6      	lsrs	r6, r6, #11
10002286:	d004      	beq.n	10002292 <l20_2>

10002288 <l20_1>:
10002288:	2200      	movs	r2, #0
1000228a:	2301      	movs	r3, #1
1000228c:	051b      	lsls	r3, r3, #20
1000228e:	3c80      	subs	r4, #128	; 0x80
10002290:	0324      	lsls	r4, r4, #12

10002292 <l20_2>:
10002292:	25d0      	movs	r5, #208	; 0xd0
10002294:	062d      	lsls	r5, r5, #24
10002296:	2600      	movs	r6, #0
10002298:	43f6      	mvns	r6, r6
1000229a:	662e      	str	r6, [r5, #96]	; 0x60
1000229c:	091e      	lsrs	r6, r3, #4
1000229e:	666e      	str	r6, [r5, #100]	; 0x64
100022a0:	0fce      	lsrs	r6, r1, #31
100022a2:	19f6      	adds	r6, r6, r7
100022a4:	46b4      	mov	ip, r6
100022a6:	0049      	lsls	r1, r1, #1
100022a8:	0d4f      	lsrs	r7, r1, #21
100022aa:	d002      	beq.n	100022b2 <l20_2+0x20>
100022ac:	1c7e      	adds	r6, r7, #1
100022ae:	0af6      	lsrs	r6, r6, #11
100022b0:	d003      	beq.n	100022ba <l20_2+0x28>
100022b2:	2000      	movs	r0, #0
100022b4:	2100      	movs	r1, #0
100022b6:	3f40      	subs	r7, #64	; 0x40
100022b8:	033f      	lsls	r7, r7, #12
100022ba:	1b3e      	subs	r6, r7, r4
100022bc:	00b6      	lsls	r6, r6, #2
100022be:	44b4      	add	ip, r6
100022c0:	3f01      	subs	r7, #1
100022c2:	057f      	lsls	r7, r7, #21
100022c4:	1bc9      	subs	r1, r1, r7
100022c6:	0849      	lsrs	r1, r1, #1
100022c8:	6f2e      	ldr	r6, [r5, #112]	; 0x70
100022ca:	3601      	adds	r6, #1
100022cc:	0876      	lsrs	r6, r6, #1
100022ce:	029c      	lsls	r4, r3, #10
100022d0:	0d95      	lsrs	r5, r2, #22
100022d2:	4325      	orrs	r5, r4
100022d4:	4375      	muls	r5, r6
100022d6:	13ed      	asrs	r5, r5, #15
100022d8:	4375      	muls	r5, r6
100022da:	13ad      	asrs	r5, r5, #14
100022dc:	3501      	adds	r5, #1
100022de:	106d      	asrs	r5, r5, #1
100022e0:	03f6      	lsls	r6, r6, #15
100022e2:	1b76      	subs	r6, r6, r5
100022e4:	b40c      	push	{r2, r3}
100022e6:	02cc      	lsls	r4, r1, #11
100022e8:	0d45      	lsrs	r5, r0, #21
100022ea:	432c      	orrs	r4, r5
100022ec:	b2a2      	uxth	r2, r4
100022ee:	b2b3      	uxth	r3, r6
100022f0:	435a      	muls	r2, r3
100022f2:	0c27      	lsrs	r7, r4, #16
100022f4:	437b      	muls	r3, r7
100022f6:	0c35      	lsrs	r5, r6, #16
100022f8:	436f      	muls	r7, r5
100022fa:	b2a4      	uxth	r4, r4
100022fc:	436c      	muls	r4, r5
100022fe:	191b      	adds	r3, r3, r4
10002300:	d302      	bcc.n	10002308 <l21_1>
10002302:	2401      	movs	r4, #1
10002304:	0424      	lsls	r4, r4, #16
10002306:	193f      	adds	r7, r7, r4

10002308 <l21_1>:
10002308:	041c      	lsls	r4, r3, #16
1000230a:	0c1d      	lsrs	r5, r3, #16
1000230c:	18a4      	adds	r4, r4, r2
1000230e:	417d      	adcs	r5, r7
10002310:	1924      	adds	r4, r4, r4
10002312:	416d      	adcs	r5, r5
10002314:	9a00      	ldr	r2, [sp, #0]
10002316:	b291      	uxth	r1, r2
10002318:	b2ac      	uxth	r4, r5
1000231a:	4361      	muls	r1, r4
1000231c:	0c17      	lsrs	r7, r2, #16
1000231e:	437c      	muls	r4, r7
10002320:	0c2b      	lsrs	r3, r5, #16
10002322:	435f      	muls	r7, r3
10002324:	b292      	uxth	r2, r2
10002326:	435a      	muls	r2, r3
10002328:	18a4      	adds	r4, r4, r2
1000232a:	d302      	bcc.n	10002332 <l22_1>
1000232c:	2201      	movs	r2, #1
1000232e:	0412      	lsls	r2, r2, #16
10002330:	18bf      	adds	r7, r7, r2

10002332 <l22_1>:
10002332:	0422      	lsls	r2, r4, #16
10002334:	0c23      	lsrs	r3, r4, #16
10002336:	1852      	adds	r2, r2, r1
10002338:	417b      	adcs	r3, r7
1000233a:	9c01      	ldr	r4, [sp, #4]
1000233c:	436c      	muls	r4, r5
1000233e:	191b      	adds	r3, r3, r4
10002340:	0e52      	lsrs	r2, r2, #25
10002342:	01d9      	lsls	r1, r3, #7
10002344:	430a      	orrs	r2, r1
10002346:	0144      	lsls	r4, r0, #5
10002348:	1aa0      	subs	r0, r4, r2
1000234a:	b281      	uxth	r1, r0
1000234c:	b2b2      	uxth	r2, r6
1000234e:	4351      	muls	r1, r2
10002350:	1403      	asrs	r3, r0, #16
10002352:	435a      	muls	r2, r3
10002354:	0c36      	lsrs	r6, r6, #16
10002356:	4373      	muls	r3, r6
10002358:	b287      	uxth	r7, r0
1000235a:	4377      	muls	r7, r6
1000235c:	17d6      	asrs	r6, r2, #31
1000235e:	19d2      	adds	r2, r2, r7
10002360:	2700      	movs	r7, #0
10002362:	417e      	adcs	r6, r7
10002364:	0436      	lsls	r6, r6, #16
10002366:	199b      	adds	r3, r3, r6
10002368:	0417      	lsls	r7, r2, #16
1000236a:	0c16      	lsrs	r6, r2, #16
1000236c:	187f      	adds	r7, r7, r1
1000236e:	415e      	adcs	r6, r3
10002370:	1673      	asrs	r3, r6, #25
10002372:	18ed      	adds	r5, r5, r3
10002374:	01f3      	lsls	r3, r6, #7
10002376:	2600      	movs	r6, #0
10002378:	3380      	adds	r3, #128	; 0x80
1000237a:	4175      	adcs	r5, r6
1000237c:	0fa9      	lsrs	r1, r5, #30
1000237e:	d106      	bne.n	1000238e <dd_0>
10002380:	0064      	lsls	r4, r4, #1
10002382:	0a69      	lsrs	r1, r5, #9
10002384:	05e8      	lsls	r0, r5, #23
10002386:	0a5b      	lsrs	r3, r3, #9
10002388:	4318      	orrs	r0, r3
1000238a:	d209      	bcs.n	100023a0 <dd_1>
1000238c:	e02f      	b.n	100023ee <dd_2>

1000238e <dd_0>:
1000238e:	2204      	movs	r2, #4
10002390:	4494      	add	ip, r2
10002392:	3380      	adds	r3, #128	; 0x80
10002394:	4175      	adcs	r5, r6
10002396:	0aa9      	lsrs	r1, r5, #10
10002398:	05a8      	lsls	r0, r5, #22
1000239a:	0a9b      	lsrs	r3, r3, #10
1000239c:	4318      	orrs	r0, r3
1000239e:	d326      	bcc.n	100023ee <dd_2>

100023a0 <dd_1>:
100023a0:	4140      	adcs	r0, r0
100023a2:	4149      	adcs	r1, r1
100023a4:	0424      	lsls	r4, r4, #16
100023a6:	9a00      	ldr	r2, [sp, #0]
100023a8:	9b01      	ldr	r3, [sp, #4]
100023aa:	000d      	movs	r5, r1
100023ac:	4355      	muls	r5, r2
100023ae:	1b64      	subs	r4, r4, r5
100023b0:	4343      	muls	r3, r0
100023b2:	1ae4      	subs	r4, r4, r3
100023b4:	b295      	uxth	r5, r2
100023b6:	b286      	uxth	r6, r0
100023b8:	4375      	muls	r5, r6
100023ba:	0c17      	lsrs	r7, r2, #16
100023bc:	437e      	muls	r6, r7
100023be:	0c03      	lsrs	r3, r0, #16
100023c0:	435f      	muls	r7, r3
100023c2:	b292      	uxth	r2, r2
100023c4:	435a      	muls	r2, r3
100023c6:	18b6      	adds	r6, r6, r2
100023c8:	d302      	bcc.n	100023d0 <l24_1>
100023ca:	2201      	movs	r2, #1
100023cc:	0412      	lsls	r2, r2, #16
100023ce:	18bf      	adds	r7, r7, r2

100023d0 <l24_1>:
100023d0:	0432      	lsls	r2, r6, #16
100023d2:	0c33      	lsrs	r3, r6, #16
100023d4:	1952      	adds	r2, r2, r5
100023d6:	417b      	adcs	r3, r7
100023d8:	4252      	negs	r2, r2
100023da:	419c      	sbcs	r4, r3
100023dc:	2c00      	cmp	r4, #0
100023de:	d402      	bmi.n	100023e6 <l24_1+0x16>
100023e0:	2200      	movs	r2, #0
100023e2:	3001      	adds	r0, #1
100023e4:	4151      	adcs	r1, r2
100023e6:	0840      	lsrs	r0, r0, #1
100023e8:	07ca      	lsls	r2, r1, #31
100023ea:	4310      	orrs	r0, r2
100023ec:	0849      	lsrs	r1, r1, #1

100023ee <dd_2>:
100023ee:	b002      	add	sp, #8
100023f0:	4662      	mov	r2, ip
100023f2:	07d7      	lsls	r7, r2, #31
100023f4:	1092      	asrs	r2, r2, #2
100023f6:	4b08      	ldr	r3, [pc, #32]	; (10002418 <dd_4+0x6>)
100023f8:	18d2      	adds	r2, r2, r3
100023fa:	4b08      	ldr	r3, [pc, #32]	; (1000241c <dd_4+0xa>)
100023fc:	429a      	cmp	r2, r3
100023fe:	d203      	bcs.n	10002408 <dd_3>
10002400:	0512      	lsls	r2, r2, #20
10002402:	1889      	adds	r1, r1, r2

10002404 <dd_5>:
10002404:	19c9      	adds	r1, r1, r7
10002406:	bdf0      	pop	{r4, r5, r6, r7, pc}

10002408 <dd_3>:
10002408:	2000      	movs	r0, #0
1000240a:	2a00      	cmp	r2, #0
1000240c:	dc01      	bgt.n	10002412 <dd_4>
1000240e:	0039      	movs	r1, r7
10002410:	bdf0      	pop	{r4, r5, r6, r7, pc}

10002412 <dd_4>:
10002412:	3301      	adds	r3, #1
10002414:	0519      	lsls	r1, r3, #20
10002416:	e7f5      	b.n	10002404 <dd_5>
10002418:	000003fd 	.word	0x000003fd
1000241c:	000007fe 	.word	0x000007fe

10002420 <double2uint_shim>:
10002420:	2200      	movs	r2, #0

10002422 <double2ufix_shim>:
10002422:	b500      	push	{lr}
10002424:	3220      	adds	r2, #32
10002426:	f000 f804 	bl	10002432 <double2ufix64_shim>
1000242a:	0008      	movs	r0, r1
1000242c:	bd00      	pop	{pc}
	...

10002430 <double2uint64_shim>:
10002430:	2200      	movs	r2, #0

10002432 <double2ufix64_shim>:
10002432:	150b      	asrs	r3, r1, #20
10002434:	d40a      	bmi.n	1000244c <ret_dzero>

10002436 <d2fix>:
10002436:	b510      	push	{r4, lr}
10002438:	4694      	mov	ip, r2
1000243a:	f000 f831 	bl	100024a0 <dunpacks>
1000243e:	1414      	asrs	r4, r2, #16
10002440:	3401      	adds	r4, #1
10002442:	da00      	bge.n	10002446 <d2fix+0x10>
10002444:	2100      	movs	r1, #0
10002446:	17cb      	asrs	r3, r1, #31
10002448:	4c14      	ldr	r4, [pc, #80]	; (1000249c <d2fix_a+0x4a>)
1000244a:	4720      	bx	r4

1000244c <ret_dzero>:
1000244c:	2000      	movs	r0, #0
1000244e:	2100      	movs	r1, #0
10002450:	4770      	bx	lr

10002452 <d2fix_a>:
10002452:	4462      	add	r2, ip
10002454:	3a34      	subs	r2, #52	; 0x34
10002456:	d40c      	bmi.n	10002472 <d2fix_a+0x20>
10002458:	2a0c      	cmp	r2, #12
1000245a:	da07      	bge.n	1000246c <d2fix_a+0x1a>
1000245c:	0004      	movs	r4, r0
1000245e:	4091      	lsls	r1, r2
10002460:	4090      	lsls	r0, r2
10002462:	4252      	negs	r2, r2
10002464:	3220      	adds	r2, #32
10002466:	40d4      	lsrs	r4, r2
10002468:	4321      	orrs	r1, r4
1000246a:	bd10      	pop	{r4, pc}
1000246c:	43d8      	mvns	r0, r3
1000246e:	43d9      	mvns	r1, r3
10002470:	bd10      	pop	{r4, pc}
10002472:	3220      	adds	r2, #32
10002474:	d407      	bmi.n	10002486 <d2fix_a+0x34>
10002476:	460c      	mov	r4, r1
10002478:	4094      	lsls	r4, r2
1000247a:	4252      	negs	r2, r2
1000247c:	3220      	adds	r2, #32
1000247e:	4111      	asrs	r1, r2
10002480:	40d0      	lsrs	r0, r2
10002482:	4320      	orrs	r0, r4
10002484:	bd10      	pop	{r4, pc}
10002486:	0008      	movs	r0, r1
10002488:	17c9      	asrs	r1, r1, #31
1000248a:	3220      	adds	r2, #32
1000248c:	d403      	bmi.n	10002496 <d2fix_a+0x44>
1000248e:	4252      	negs	r2, r2
10002490:	3220      	adds	r2, #32
10002492:	4110      	asrs	r0, r2
10002494:	bd10      	pop	{r4, pc}
10002496:	0018      	movs	r0, r3
10002498:	0019      	movs	r1, r3
1000249a:	bd10      	pop	{r4, pc}
1000249c:	10002453 	.word	0x10002453

100024a0 <dunpacks>:
100024a0:	0d0a      	lsrs	r2, r1, #20
100024a2:	0fcc      	lsrs	r4, r1, #31
100024a4:	1e53      	subs	r3, r2, #1
100024a6:	051b      	lsls	r3, r3, #20
100024a8:	1ac9      	subs	r1, r1, r3
100024aa:	0552      	lsls	r2, r2, #21
100024ac:	d303      	bcc.n	100024b6 <l60_1>
100024ae:	43c9      	mvns	r1, r1
100024b0:	4240      	negs	r0, r0
100024b2:	d300      	bcc.n	100024b6 <l60_1>
100024b4:	3101      	adds	r1, #1

100024b6 <l60_1>:
100024b6:	0d52      	lsrs	r2, r2, #21
100024b8:	d003      	beq.n	100024c2 <l60_2>
100024ba:	1c53      	adds	r3, r2, #1
100024bc:	0adb      	lsrs	r3, r3, #11
100024be:	d007      	beq.n	100024d0 <l60_3>
100024c0:	1b12      	subs	r2, r2, r4

100024c2 <l60_2>:
100024c2:	2000      	movs	r0, #0
100024c4:	0064      	lsls	r4, r4, #1
100024c6:	1c61      	adds	r1, r4, #1
100024c8:	0789      	lsls	r1, r1, #30
100024ca:	1289      	asrs	r1, r1, #10
100024cc:	3a80      	subs	r2, #128	; 0x80
100024ce:	0312      	lsls	r2, r2, #12

100024d0 <l60_3>:
100024d0:	4b01      	ldr	r3, [pc, #4]	; (100024d8 <l60_3+0x8>)
100024d2:	1ad2      	subs	r2, r2, r3
100024d4:	4770      	bx	lr
100024d6:	0000      	.short	0x0000
100024d8:	000003ff 	.word	0x000003ff

100024dc <__wrap___aeabi_lmul>:
100024dc:	4351      	muls	r1, r2
100024de:	4343      	muls	r3, r0
100024e0:	18c9      	adds	r1, r1, r3
100024e2:	468c      	mov	ip, r1
100024e4:	0c11      	lsrs	r1, r2, #16
100024e6:	b283      	uxth	r3, r0
100024e8:	434b      	muls	r3, r1
100024ea:	b410      	push	{r4}
100024ec:	0c04      	lsrs	r4, r0, #16
100024ee:	4361      	muls	r1, r4
100024f0:	b292      	uxth	r2, r2
100024f2:	b280      	uxth	r0, r0
100024f4:	4350      	muls	r0, r2
100024f6:	4362      	muls	r2, r4
100024f8:	041c      	lsls	r4, r3, #16
100024fa:	0c1b      	lsrs	r3, r3, #16
100024fc:	1900      	adds	r0, r0, r4
100024fe:	bc10      	pop	{r4}
10002500:	4159      	adcs	r1, r3
10002502:	0413      	lsls	r3, r2, #16
10002504:	0c12      	lsrs	r2, r2, #16
10002506:	18c0      	adds	r0, r0, r3
10002508:	4151      	adcs	r1, r2
1000250a:	4461      	add	r1, ip
1000250c:	4770      	bx	lr
	...

10002510 <__aeabi_float_init>:
10002510:	2313      	movs	r3, #19
10002512:	b510      	push	{r4, lr}
10002514:	4812      	ldr	r0, [pc, #72]	; (10002560 <__aeabi_float_init+0x50>)
10002516:	781c      	ldrb	r4, [r3, #0]
10002518:	f7ff f864 	bl	100015e4 <rom_data_lookup>
1000251c:	0001      	movs	r1, r0
1000251e:	2c01      	cmp	r4, #1
10002520:	d00a      	beq.n	10002538 <__aeabi_float_init+0x28>
10002522:	dd03      	ble.n	1000252c <__aeabi_float_init+0x1c>
10002524:	2280      	movs	r2, #128	; 0x80
10002526:	480f      	ldr	r0, [pc, #60]	; (10002564 <__aeabi_float_init+0x54>)
10002528:	f000 f848 	bl	100025bc <__wrap___aeabi_memcpy>
1000252c:	480e      	ldr	r0, [pc, #56]	; (10002568 <__aeabi_float_init+0x58>)
1000252e:	f7ff f851 	bl	100015d4 <rom_func_lookup>
10002532:	4b0e      	ldr	r3, [pc, #56]	; (1000256c <__aeabi_float_init+0x5c>)
10002534:	6018      	str	r0, [r3, #0]
10002536:	bd10      	pop	{r4, pc}
10002538:	4c0a      	ldr	r4, [pc, #40]	; (10002564 <__aeabi_float_init+0x54>)
1000253a:	2254      	movs	r2, #84	; 0x54
1000253c:	0020      	movs	r0, r4
1000253e:	f000 f83d 	bl	100025bc <__wrap___aeabi_memcpy>
10002542:	4b0b      	ldr	r3, [pc, #44]	; (10002570 <__aeabi_float_init+0x60>)
10002544:	6563      	str	r3, [r4, #84]	; 0x54
10002546:	65a3      	str	r3, [r4, #88]	; 0x58
10002548:	65e3      	str	r3, [r4, #92]	; 0x5c
1000254a:	6623      	str	r3, [r4, #96]	; 0x60
1000254c:	6663      	str	r3, [r4, #100]	; 0x64
1000254e:	66a3      	str	r3, [r4, #104]	; 0x68
10002550:	66e3      	str	r3, [r4, #108]	; 0x6c
10002552:	6723      	str	r3, [r4, #112]	; 0x70
10002554:	6763      	str	r3, [r4, #116]	; 0x74
10002556:	67a3      	str	r3, [r4, #120]	; 0x78
10002558:	67e3      	str	r3, [r4, #124]	; 0x7c
1000255a:	6223      	str	r3, [r4, #32]
1000255c:	61e3      	str	r3, [r4, #28]
1000255e:	e7e5      	b.n	1000252c <__aeabi_float_init+0x1c>
10002560:	00004653 	.word	0x00004653
10002564:	20001318 	.word	0x20001318
10002568:	0000334c 	.word	0x0000334c
1000256c:	20001f64 	.word	0x20001f64
10002570:	10002575 	.word	0x10002575

10002574 <float_table_shim_on_use_helper>:
10002574:	b507      	push	{r0, r1, r2, lr}
10002576:	4660      	mov	r0, ip
10002578:	8801      	ldrh	r1, [r0, #0]
1000257a:	0a0a      	lsrs	r2, r1, #8
1000257c:	3002      	adds	r0, #2
1000257e:	2adf      	cmp	r2, #223	; 0xdf
10002580:	d1fa      	bne.n	10002578 <float_table_shim_on_use_helper+0x4>
10002582:	b2c9      	uxtb	r1, r1
10002584:	0882      	lsrs	r2, r0, #2
10002586:	d304      	bcc.n	10002592 <float_table_shim_on_use_helper+0x1e>
10002588:	8802      	ldrh	r2, [r0, #0]
1000258a:	8840      	ldrh	r0, [r0, #2]
1000258c:	0400      	lsls	r0, r0, #16
1000258e:	4310      	orrs	r0, r2
10002590:	e000      	b.n	10002594 <float_table_shim_on_use_helper+0x20>
10002592:	6800      	ldr	r0, [r0, #0]
10002594:	4a01      	ldr	r2, [pc, #4]	; (1000259c <float_table_shim_on_use_helper+0x28>)
10002596:	5050      	str	r0, [r2, r1]
10002598:	9003      	str	r0, [sp, #12]
1000259a:	bd07      	pop	{r0, r1, r2, pc}
1000259c:	20001318 	.word	0x20001318

100025a0 <__aeabi_mem_init>:
100025a0:	4801      	ldr	r0, [pc, #4]	; (100025a8 <__aeabi_mem_init+0x8>)
100025a2:	2104      	movs	r1, #4
100025a4:	4b01      	ldr	r3, [pc, #4]	; (100025ac <__aeabi_mem_init+0xc>)
100025a6:	4718      	bx	r3
100025a8:	20001040 	.word	0x20001040
100025ac:	100015f5 	.word	0x100015f5

100025b0 <__wrap_memset>:
100025b0:	4b01      	ldr	r3, [pc, #4]	; (100025b8 <__wrap_memset+0x8>)
100025b2:	681b      	ldr	r3, [r3, #0]
100025b4:	4718      	bx	r3
100025b6:	0000      	.short	0x0000
100025b8:	20001040 	.word	0x20001040

100025bc <__wrap___aeabi_memcpy>:
100025bc:	4b01      	ldr	r3, [pc, #4]	; (100025c4 <__wrap___aeabi_memcpy+0x8>)
100025be:	685b      	ldr	r3, [r3, #4]
100025c0:	4718      	bx	r3
100025c2:	0000      	.short	0x0000
100025c4:	20001040 	.word	0x20001040

100025c8 <_out_null>:
100025c8:	4770      	bx	lr
100025ca:	46c0      	nop			; (mov r8, r8)

100025cc <_out_rev>:
100025cc:	b5f8      	push	{r3, r4, r5, r6, r7, lr}
100025ce:	4657      	mov	r7, sl
100025d0:	464e      	mov	r6, r9
100025d2:	4645      	mov	r5, r8
100025d4:	46de      	mov	lr, fp
100025d6:	b5e0      	push	{r5, r6, r7, lr}
100025d8:	4699      	mov	r9, r3
100025da:	9b0a      	ldr	r3, [sp, #40]	; 0x28
100025dc:	0007      	movs	r7, r0
100025de:	469a      	mov	sl, r3
100025e0:	9b0d      	ldr	r3, [sp, #52]	; 0x34
100025e2:	4688      	mov	r8, r1
100025e4:	4693      	mov	fp, r2
100025e6:	0015      	movs	r5, r2
100025e8:	9e0b      	ldr	r6, [sp, #44]	; 0x2c
100025ea:	079b      	lsls	r3, r3, #30
100025ec:	d110      	bne.n	10002610 <_out_rev+0x44>
100025ee:	9b0c      	ldr	r3, [sp, #48]	; 0x30
100025f0:	429e      	cmp	r6, r3
100025f2:	d20d      	bcs.n	10002610 <_out_rev+0x44>
100025f4:	1b9d      	subs	r5, r3, r6
100025f6:	0014      	movs	r4, r2
100025f8:	000e      	movs	r6, r1
100025fa:	445d      	add	r5, fp
100025fc:	0022      	movs	r2, r4
100025fe:	464b      	mov	r3, r9
10002600:	3401      	adds	r4, #1
10002602:	0031      	movs	r1, r6
10002604:	2020      	movs	r0, #32
10002606:	47b8      	blx	r7
10002608:	42a5      	cmp	r5, r4
1000260a:	d1f7      	bne.n	100025fc <_out_rev+0x30>
1000260c:	46b0      	mov	r8, r6
1000260e:	9e0b      	ldr	r6, [sp, #44]	; 0x2c
10002610:	2e00      	cmp	r6, #0
10002612:	d027      	beq.n	10002664 <_out_rev+0x98>
10002614:	4644      	mov	r4, r8
10002616:	1975      	adds	r5, r6, r5
10002618:	4653      	mov	r3, sl
1000261a:	1baa      	subs	r2, r5, r6
1000261c:	3e01      	subs	r6, #1
1000261e:	5d98      	ldrb	r0, [r3, r6]
10002620:	0021      	movs	r1, r4
10002622:	464b      	mov	r3, r9
10002624:	47b8      	blx	r7
10002626:	2e00      	cmp	r6, #0
10002628:	d1f6      	bne.n	10002618 <_out_rev+0x4c>
1000262a:	0023      	movs	r3, r4
1000262c:	002c      	movs	r4, r5
1000262e:	4698      	mov	r8, r3
10002630:	9b0d      	ldr	r3, [sp, #52]	; 0x34
10002632:	079b      	lsls	r3, r3, #30
10002634:	d50f      	bpl.n	10002656 <_out_rev+0x8a>
10002636:	465b      	mov	r3, fp
10002638:	1ae5      	subs	r5, r4, r3
1000263a:	9b0c      	ldr	r3, [sp, #48]	; 0x30
1000263c:	42ab      	cmp	r3, r5
1000263e:	d90a      	bls.n	10002656 <_out_rev+0x8a>
10002640:	4646      	mov	r6, r8
10002642:	4698      	mov	r8, r3
10002644:	0022      	movs	r2, r4
10002646:	464b      	mov	r3, r9
10002648:	0031      	movs	r1, r6
1000264a:	2020      	movs	r0, #32
1000264c:	3501      	adds	r5, #1
1000264e:	47b8      	blx	r7
10002650:	3401      	adds	r4, #1
10002652:	45a8      	cmp	r8, r5
10002654:	d8f6      	bhi.n	10002644 <_out_rev+0x78>
10002656:	0020      	movs	r0, r4
10002658:	bcf0      	pop	{r4, r5, r6, r7}
1000265a:	46bb      	mov	fp, r7
1000265c:	46b2      	mov	sl, r6
1000265e:	46a9      	mov	r9, r5
10002660:	46a0      	mov	r8, r4
10002662:	bdf8      	pop	{r3, r4, r5, r6, r7, pc}
10002664:	002c      	movs	r4, r5
10002666:	e7e3      	b.n	10002630 <_out_rev+0x64>

10002668 <_ntoa_format>:
10002668:	b5f0      	push	{r4, r5, r6, r7, lr}
1000266a:	464f      	mov	r7, r9
1000266c:	4646      	mov	r6, r8
1000266e:	46d6      	mov	lr, sl
10002670:	b5c0      	push	{r6, r7, lr}
10002672:	b084      	sub	sp, #16
10002674:	4698      	mov	r8, r3
10002676:	ab0e      	add	r3, sp, #56	; 0x38
10002678:	781b      	ldrb	r3, [r3, #0]
1000267a:	9f12      	ldr	r7, [sp, #72]	; 0x48
1000267c:	4699      	mov	r9, r3
1000267e:	4694      	mov	ip, r2
10002680:	9c0d      	ldr	r4, [sp, #52]	; 0x34
10002682:	9b10      	ldr	r3, [sp, #64]	; 0x40
10002684:	9e11      	ldr	r6, [sp, #68]	; 0x44
10002686:	07ba      	lsls	r2, r7, #30
10002688:	d425      	bmi.n	100026d6 <_ntoa_format+0x6e>
1000268a:	2e00      	cmp	r6, #0
1000268c:	d14b      	bne.n	10002726 <_ntoa_format+0xbe>
1000268e:	429c      	cmp	r4, r3
10002690:	d300      	bcc.n	10002694 <_ntoa_format+0x2c>
10002692:	e0bf      	b.n	10002814 <_ntoa_format+0x1ac>
10002694:	2201      	movs	r2, #1
10002696:	403a      	ands	r2, r7
10002698:	4692      	mov	sl, r2
1000269a:	2c1f      	cmp	r4, #31
1000269c:	d900      	bls.n	100026a0 <_ntoa_format+0x38>
1000269e:	e0b8      	b.n	10002812 <_ntoa_format+0x1aa>
100026a0:	9a0c      	ldr	r2, [sp, #48]	; 0x30
100026a2:	1e55      	subs	r5, r2, #1
100026a4:	2230      	movs	r2, #48	; 0x30
100026a6:	e001      	b.n	100026ac <_ntoa_format+0x44>
100026a8:	2c20      	cmp	r4, #32
100026aa:	d003      	beq.n	100026b4 <_ntoa_format+0x4c>
100026ac:	3401      	adds	r4, #1
100026ae:	552a      	strb	r2, [r5, r4]
100026b0:	42a3      	cmp	r3, r4
100026b2:	d8f9      	bhi.n	100026a8 <_ntoa_format+0x40>
100026b4:	4652      	mov	r2, sl
100026b6:	2a00      	cmp	r2, #0
100026b8:	d00d      	beq.n	100026d6 <_ntoa_format+0x6e>
100026ba:	42a6      	cmp	r6, r4
100026bc:	d90b      	bls.n	100026d6 <_ntoa_format+0x6e>
100026be:	2c20      	cmp	r4, #32
100026c0:	d044      	beq.n	1000274c <_ntoa_format+0xe4>
100026c2:	9a0c      	ldr	r2, [sp, #48]	; 0x30
100026c4:	1e55      	subs	r5, r2, #1
100026c6:	2230      	movs	r2, #48	; 0x30
100026c8:	e001      	b.n	100026ce <_ntoa_format+0x66>
100026ca:	2c20      	cmp	r4, #32
100026cc:	d03e      	beq.n	1000274c <_ntoa_format+0xe4>
100026ce:	3401      	adds	r4, #1
100026d0:	552a      	strb	r2, [r5, r4]
100026d2:	42b4      	cmp	r4, r6
100026d4:	d1f9      	bne.n	100026ca <_ntoa_format+0x62>
100026d6:	06fa      	lsls	r2, r7, #27
100026d8:	d54d      	bpl.n	10002776 <_ntoa_format+0x10e>
100026da:	057a      	lsls	r2, r7, #21
100026dc:	d43f      	bmi.n	1000275e <_ntoa_format+0xf6>
100026de:	2c00      	cmp	r4, #0
100026e0:	d139      	bne.n	10002756 <_ntoa_format+0xee>
100026e2:	9b0f      	ldr	r3, [sp, #60]	; 0x3c
100026e4:	2b10      	cmp	r3, #16
100026e6:	d100      	bne.n	100026ea <_ntoa_format+0x82>
100026e8:	e079      	b.n	100027de <_ntoa_format+0x176>
100026ea:	9b0f      	ldr	r3, [sp, #60]	; 0x3c
100026ec:	2b02      	cmp	r3, #2
100026ee:	d100      	bne.n	100026f2 <_ntoa_format+0x8a>
100026f0:	e08a      	b.n	10002808 <_ntoa_format+0x1a0>
100026f2:	2330      	movs	r3, #48	; 0x30
100026f4:	9a0c      	ldr	r2, [sp, #48]	; 0x30
100026f6:	2401      	movs	r4, #1
100026f8:	7013      	strb	r3, [r2, #0]
100026fa:	464b      	mov	r3, r9
100026fc:	2b00      	cmp	r3, #0
100026fe:	d03f      	beq.n	10002780 <_ntoa_format+0x118>
10002700:	232d      	movs	r3, #45	; 0x2d
10002702:	9a0c      	ldr	r2, [sp, #48]	; 0x30
10002704:	5513      	strb	r3, [r2, r4]
10002706:	3401      	adds	r4, #1
10002708:	9b0c      	ldr	r3, [sp, #48]	; 0x30
1000270a:	4662      	mov	r2, ip
1000270c:	9300      	str	r3, [sp, #0]
1000270e:	9703      	str	r7, [sp, #12]
10002710:	4643      	mov	r3, r8
10002712:	9602      	str	r6, [sp, #8]
10002714:	9401      	str	r4, [sp, #4]
10002716:	f7ff ff59 	bl	100025cc <_out_rev>
1000271a:	b004      	add	sp, #16
1000271c:	bce0      	pop	{r5, r6, r7}
1000271e:	46ba      	mov	sl, r7
10002720:	46b1      	mov	r9, r6
10002722:	46a8      	mov	r8, r5
10002724:	bdf0      	pop	{r4, r5, r6, r7, pc}
10002726:	2201      	movs	r2, #1
10002728:	0015      	movs	r5, r2
1000272a:	403d      	ands	r5, r7
1000272c:	46aa      	mov	sl, r5
1000272e:	423a      	tst	r2, r7
10002730:	d02f      	beq.n	10002792 <_ntoa_format+0x12a>
10002732:	464a      	mov	r2, r9
10002734:	2a00      	cmp	r2, #0
10002736:	d102      	bne.n	1000273e <_ntoa_format+0xd6>
10002738:	320c      	adds	r2, #12
1000273a:	423a      	tst	r2, r7
1000273c:	d000      	beq.n	10002740 <_ntoa_format+0xd8>
1000273e:	3e01      	subs	r6, #1
10002740:	429c      	cmp	r4, r3
10002742:	d2ba      	bcs.n	100026ba <_ntoa_format+0x52>
10002744:	2c1f      	cmp	r4, #31
10002746:	d9ab      	bls.n	100026a0 <_ntoa_format+0x38>
10002748:	2e20      	cmp	r6, #32
1000274a:	d927      	bls.n	1000279c <_ntoa_format+0x134>
1000274c:	2420      	movs	r4, #32
1000274e:	06fa      	lsls	r2, r7, #27
10002750:	d5da      	bpl.n	10002708 <_ntoa_format+0xa0>
10002752:	057a      	lsls	r2, r7, #21
10002754:	d403      	bmi.n	1000275e <_ntoa_format+0xf6>
10002756:	42a3      	cmp	r3, r4
10002758:	d02d      	beq.n	100027b6 <_ntoa_format+0x14e>
1000275a:	42a6      	cmp	r6, r4
1000275c:	d02b      	beq.n	100027b6 <_ntoa_format+0x14e>
1000275e:	9b0f      	ldr	r3, [sp, #60]	; 0x3c
10002760:	2b10      	cmp	r3, #16
10002762:	d032      	beq.n	100027ca <_ntoa_format+0x162>
10002764:	2b02      	cmp	r3, #2
10002766:	d020      	beq.n	100027aa <_ntoa_format+0x142>
10002768:	2c20      	cmp	r4, #32
1000276a:	d0cd      	beq.n	10002708 <_ntoa_format+0xa0>
1000276c:	2230      	movs	r2, #48	; 0x30
1000276e:	9b0c      	ldr	r3, [sp, #48]	; 0x30
10002770:	191b      	adds	r3, r3, r4
10002772:	701a      	strb	r2, [r3, #0]
10002774:	3401      	adds	r4, #1
10002776:	2c20      	cmp	r4, #32
10002778:	d0c6      	beq.n	10002708 <_ntoa_format+0xa0>
1000277a:	464b      	mov	r3, r9
1000277c:	2b00      	cmp	r3, #0
1000277e:	d1bf      	bne.n	10002700 <_ntoa_format+0x98>
10002780:	077b      	lsls	r3, r7, #29
10002782:	d40d      	bmi.n	100027a0 <_ntoa_format+0x138>
10002784:	073b      	lsls	r3, r7, #28
10002786:	d5bf      	bpl.n	10002708 <_ntoa_format+0xa0>
10002788:	2320      	movs	r3, #32
1000278a:	9a0c      	ldr	r2, [sp, #48]	; 0x30
1000278c:	5513      	strb	r3, [r2, r4]
1000278e:	3401      	adds	r4, #1
10002790:	e7ba      	b.n	10002708 <_ntoa_format+0xa0>
10002792:	429c      	cmp	r4, r3
10002794:	d29f      	bcs.n	100026d6 <_ntoa_format+0x6e>
10002796:	2c1f      	cmp	r4, #31
10002798:	d800      	bhi.n	1000279c <_ntoa_format+0x134>
1000279a:	e781      	b.n	100026a0 <_ntoa_format+0x38>
1000279c:	2420      	movs	r4, #32
1000279e:	e79a      	b.n	100026d6 <_ntoa_format+0x6e>
100027a0:	232b      	movs	r3, #43	; 0x2b
100027a2:	9a0c      	ldr	r2, [sp, #48]	; 0x30
100027a4:	5513      	strb	r3, [r2, r4]
100027a6:	3401      	adds	r4, #1
100027a8:	e7ae      	b.n	10002708 <_ntoa_format+0xa0>
100027aa:	2c20      	cmp	r4, #32
100027ac:	d0ac      	beq.n	10002708 <_ntoa_format+0xa0>
100027ae:	9b0c      	ldr	r3, [sp, #48]	; 0x30
100027b0:	191b      	adds	r3, r3, r4
100027b2:	3401      	adds	r4, #1
100027b4:	e03a      	b.n	1000282c <_ntoa_format+0x1c4>
100027b6:	1e63      	subs	r3, r4, #1
100027b8:	2c01      	cmp	r4, #1
100027ba:	d092      	beq.n	100026e2 <_ntoa_format+0x7a>
100027bc:	9a0f      	ldr	r2, [sp, #60]	; 0x3c
100027be:	2a10      	cmp	r2, #16
100027c0:	d02a      	beq.n	10002818 <_ntoa_format+0x1b0>
100027c2:	2a02      	cmp	r2, #2
100027c4:	d02f      	beq.n	10002826 <_ntoa_format+0x1be>
100027c6:	001c      	movs	r4, r3
100027c8:	e7d0      	b.n	1000276c <_ntoa_format+0x104>
100027ca:	06bb      	lsls	r3, r7, #26
100027cc:	d40e      	bmi.n	100027ec <_ntoa_format+0x184>
100027ce:	2c20      	cmp	r4, #32
100027d0:	d09a      	beq.n	10002708 <_ntoa_format+0xa0>
100027d2:	9b0c      	ldr	r3, [sp, #48]	; 0x30
100027d4:	191a      	adds	r2, r3, r4
100027d6:	3401      	adds	r4, #1
100027d8:	2378      	movs	r3, #120	; 0x78
100027da:	7013      	strb	r3, [r2, #0]
100027dc:	e7c4      	b.n	10002768 <_ntoa_format+0x100>
100027de:	06bb      	lsls	r3, r7, #26
100027e0:	d40d      	bmi.n	100027fe <_ntoa_format+0x196>
100027e2:	2378      	movs	r3, #120	; 0x78
100027e4:	9a0c      	ldr	r2, [sp, #48]	; 0x30
100027e6:	2401      	movs	r4, #1
100027e8:	7013      	strb	r3, [r2, #0]
100027ea:	e7bf      	b.n	1000276c <_ntoa_format+0x104>
100027ec:	2c20      	cmp	r4, #32
100027ee:	d100      	bne.n	100027f2 <_ntoa_format+0x18a>
100027f0:	e78a      	b.n	10002708 <_ntoa_format+0xa0>
100027f2:	2258      	movs	r2, #88	; 0x58
100027f4:	9b0c      	ldr	r3, [sp, #48]	; 0x30
100027f6:	191b      	adds	r3, r3, r4
100027f8:	701a      	strb	r2, [r3, #0]
100027fa:	3401      	adds	r4, #1
100027fc:	e7b4      	b.n	10002768 <_ntoa_format+0x100>
100027fe:	2358      	movs	r3, #88	; 0x58
10002800:	9a0c      	ldr	r2, [sp, #48]	; 0x30
10002802:	2401      	movs	r4, #1
10002804:	7013      	strb	r3, [r2, #0]
10002806:	e7b1      	b.n	1000276c <_ntoa_format+0x104>
10002808:	9a0c      	ldr	r2, [sp, #48]	; 0x30
1000280a:	3360      	adds	r3, #96	; 0x60
1000280c:	2401      	movs	r4, #1
1000280e:	7013      	strb	r3, [r2, #0]
10002810:	e7ac      	b.n	1000276c <_ntoa_format+0x104>
10002812:	2420      	movs	r4, #32
10002814:	2600      	movs	r6, #0
10002816:	e75e      	b.n	100026d6 <_ntoa_format+0x6e>
10002818:	3c02      	subs	r4, #2
1000281a:	06ba      	lsls	r2, r7, #26
1000281c:	d4e9      	bmi.n	100027f2 <_ntoa_format+0x18a>
1000281e:	9a0c      	ldr	r2, [sp, #48]	; 0x30
10002820:	1912      	adds	r2, r2, r4
10002822:	001c      	movs	r4, r3
10002824:	e7d8      	b.n	100027d8 <_ntoa_format+0x170>
10002826:	9a0c      	ldr	r2, [sp, #48]	; 0x30
10002828:	4692      	mov	sl, r2
1000282a:	4453      	add	r3, sl
1000282c:	2262      	movs	r2, #98	; 0x62
1000282e:	701a      	strb	r2, [r3, #0]
10002830:	e79a      	b.n	10002768 <_ntoa_format+0x100>
10002832:	46c0      	nop			; (mov r8, r8)

10002834 <_out_char>:
10002834:	b510      	push	{r4, lr}
10002836:	2800      	cmp	r0, #0
10002838:	d100      	bne.n	1000283c <_out_char+0x8>
1000283a:	bd10      	pop	{r4, pc}
1000283c:	f001 faf2 	bl	10003e24 <__wrap_putchar>
10002840:	e7fb      	b.n	1000283a <_out_char+0x6>
10002842:	46c0      	nop			; (mov r8, r8)

10002844 <_out_fct>:
10002844:	000b      	movs	r3, r1
10002846:	b510      	push	{r4, lr}
10002848:	2800      	cmp	r0, #0
1000284a:	d002      	beq.n	10002852 <_out_fct+0xe>
1000284c:	6849      	ldr	r1, [r1, #4]
1000284e:	681b      	ldr	r3, [r3, #0]
10002850:	4798      	blx	r3
10002852:	bd10      	pop	{r4, pc}

10002854 <_etoa>:
10002854:	b5f0      	push	{r4, r5, r6, r7, lr}
10002856:	46de      	mov	lr, fp
10002858:	4657      	mov	r7, sl
1000285a:	464e      	mov	r6, r9
1000285c:	4645      	mov	r5, r8
1000285e:	b5e0      	push	{r5, r6, r7, lr}
10002860:	b09b      	sub	sp, #108	; 0x6c
10002862:	469b      	mov	fp, r3
10002864:	9b24      	ldr	r3, [sp, #144]	; 0x90
10002866:	4689      	mov	r9, r1
10002868:	4698      	mov	r8, r3
1000286a:	9b25      	ldr	r3, [sp, #148]	; 0x94
1000286c:	900b      	str	r0, [sp, #44]	; 0x2c
1000286e:	920c      	str	r2, [sp, #48]	; 0x30
10002870:	4640      	mov	r0, r8
10002872:	4642      	mov	r2, r8
10002874:	0019      	movs	r1, r3
10002876:	469a      	mov	sl, r3
10002878:	f7ff fad7 	bl	10001e2a <__wrap___aeabi_dcmpun>
1000287c:	2800      	cmp	r0, #0
1000287e:	d000      	beq.n	10002882 <_etoa+0x2e>
10002880:	e0d8      	b.n	10002a34 <_etoa+0x1e0>
10002882:	2201      	movs	r2, #1
10002884:	4640      	mov	r0, r8
10002886:	4651      	mov	r1, sl
10002888:	4b77      	ldr	r3, [pc, #476]	; (10002a68 <_etoa+0x214>)
1000288a:	4252      	negs	r2, r2
1000288c:	f7ff fac8 	bl	10001e20 <__wrap___aeabi_dcmpgt>
10002890:	2800      	cmp	r0, #0
10002892:	d000      	beq.n	10002896 <_etoa+0x42>
10002894:	e0ce      	b.n	10002a34 <_etoa+0x1e0>
10002896:	2201      	movs	r2, #1
10002898:	4640      	mov	r0, r8
1000289a:	4651      	mov	r1, sl
1000289c:	4b73      	ldr	r3, [pc, #460]	; (10002a6c <_etoa+0x218>)
1000289e:	4252      	negs	r2, r2
100028a0:	f7ff faa8 	bl	10001df4 <__wrap___aeabi_dcmplt>
100028a4:	2800      	cmp	r0, #0
100028a6:	d000      	beq.n	100028aa <_etoa+0x56>
100028a8:	e0c4      	b.n	10002a34 <_etoa+0x1e0>
100028aa:	2200      	movs	r2, #0
100028ac:	2300      	movs	r3, #0
100028ae:	4640      	mov	r0, r8
100028b0:	4651      	mov	r1, sl
100028b2:	f7ff fa9f 	bl	10001df4 <__wrap___aeabi_dcmplt>
100028b6:	2800      	cmp	r0, #0
100028b8:	d000      	beq.n	100028bc <_etoa+0x68>
100028ba:	e1b9      	b.n	10002c30 <_etoa+0x3dc>
100028bc:	4642      	mov	r2, r8
100028be:	4653      	mov	r3, sl
100028c0:	920a      	str	r2, [sp, #40]	; 0x28
100028c2:	9309      	str	r3, [sp, #36]	; 0x24
100028c4:	2380      	movs	r3, #128	; 0x80
100028c6:	9a28      	ldr	r2, [sp, #160]	; 0xa0
100028c8:	00db      	lsls	r3, r3, #3
100028ca:	401a      	ands	r2, r3
100028cc:	920e      	str	r2, [sp, #56]	; 0x38
100028ce:	9a28      	ldr	r2, [sp, #160]	; 0xa0
100028d0:	421a      	tst	r2, r3
100028d2:	d101      	bne.n	100028d8 <_etoa+0x84>
100028d4:	2306      	movs	r3, #6
100028d6:	9326      	str	r3, [sp, #152]	; 0x98
100028d8:	9a0a      	ldr	r2, [sp, #40]	; 0x28
100028da:	9b09      	ldr	r3, [sp, #36]	; 0x24
100028dc:	0016      	movs	r6, r2
100028de:	4313      	orrs	r3, r2
100028e0:	d000      	beq.n	100028e4 <_etoa+0x90>
100028e2:	e0c7      	b.n	10002a74 <_etoa+0x220>
100028e4:	9b28      	ldr	r3, [sp, #160]	; 0xa0
100028e6:	2500      	movs	r5, #0
100028e8:	2600      	movs	r6, #0
100028ea:	051b      	lsls	r3, r3, #20
100028ec:	d400      	bmi.n	100028f0 <_etoa+0x9c>
100028ee:	e19b      	b.n	10002c28 <_etoa+0x3d4>
100028f0:	2300      	movs	r3, #0
100028f2:	930d      	str	r3, [sp, #52]	; 0x34
100028f4:	9a26      	ldr	r2, [sp, #152]	; 0x98
100028f6:	9b0d      	ldr	r3, [sp, #52]	; 0x34
100028f8:	429a      	cmp	r2, r3
100028fa:	dc00      	bgt.n	100028fe <_etoa+0xaa>
100028fc:	e19f      	b.n	10002c3e <_etoa+0x3ea>
100028fe:	1ad0      	subs	r0, r2, r3
10002900:	1e43      	subs	r3, r0, #1
10002902:	9326      	str	r3, [sp, #152]	; 0x98
10002904:	2380      	movs	r3, #128	; 0x80
10002906:	9a28      	ldr	r2, [sp, #160]	; 0xa0
10002908:	00db      	lsls	r3, r3, #3
1000290a:	431a      	orrs	r2, r3
1000290c:	2300      	movs	r3, #0
1000290e:	2700      	movs	r7, #0
10002910:	9228      	str	r2, [sp, #160]	; 0xa0
10002912:	930d      	str	r3, [sp, #52]	; 0x34
10002914:	9b27      	ldr	r3, [sp, #156]	; 0x9c
10002916:	2400      	movs	r4, #0
10002918:	42bb      	cmp	r3, r7
1000291a:	d900      	bls.n	1000291e <_etoa+0xca>
1000291c:	1bdc      	subs	r4, r3, r7
1000291e:	2302      	movs	r3, #2
10002920:	9a28      	ldr	r2, [sp, #160]	; 0xa0
10002922:	401a      	ands	r2, r3
10002924:	920e      	str	r2, [sp, #56]	; 0x38
10002926:	9a28      	ldr	r2, [sp, #160]	; 0xa0
10002928:	4213      	tst	r3, r2
1000292a:	d003      	beq.n	10002934 <_etoa+0xe0>
1000292c:	427b      	negs	r3, r7
1000292e:	417b      	adcs	r3, r7
10002930:	425b      	negs	r3, r3
10002932:	401c      	ands	r4, r3
10002934:	9b0d      	ldr	r3, [sp, #52]	; 0x34
10002936:	2b00      	cmp	r3, #0
10002938:	d007      	beq.n	1000294a <_etoa+0xf6>
1000293a:	980a      	ldr	r0, [sp, #40]	; 0x28
1000293c:	9909      	ldr	r1, [sp, #36]	; 0x24
1000293e:	002a      	movs	r2, r5
10002940:	0033      	movs	r3, r6
10002942:	f7ff f9f6 	bl	10001d32 <__wrap___aeabi_ddiv>
10002946:	900a      	str	r0, [sp, #40]	; 0x28
10002948:	9109      	str	r1, [sp, #36]	; 0x24
1000294a:	2200      	movs	r2, #0
1000294c:	2300      	movs	r3, #0
1000294e:	4640      	mov	r0, r8
10002950:	4651      	mov	r1, sl
10002952:	f7ff fa4f 	bl	10001df4 <__wrap___aeabi_dcmplt>
10002956:	2800      	cmp	r0, #0
10002958:	d005      	beq.n	10002966 <_etoa+0x112>
1000295a:	2080      	movs	r0, #128	; 0x80
1000295c:	0600      	lsls	r0, r0, #24
1000295e:	4684      	mov	ip, r0
10002960:	9909      	ldr	r1, [sp, #36]	; 0x24
10002962:	4461      	add	r1, ip
10002964:	9109      	str	r1, [sp, #36]	; 0x24
10002966:	9a28      	ldr	r2, [sp, #160]	; 0xa0
10002968:	4b41      	ldr	r3, [pc, #260]	; (10002a70 <_etoa+0x21c>)
1000296a:	9d0b      	ldr	r5, [sp, #44]	; 0x2c
1000296c:	4013      	ands	r3, r2
1000296e:	9304      	str	r3, [sp, #16]
10002970:	9b26      	ldr	r3, [sp, #152]	; 0x98
10002972:	9a0a      	ldr	r2, [sp, #40]	; 0x28
10002974:	9302      	str	r3, [sp, #8]
10002976:	9b09      	ldr	r3, [sp, #36]	; 0x24
10002978:	9403      	str	r4, [sp, #12]
1000297a:	9200      	str	r2, [sp, #0]
1000297c:	9301      	str	r3, [sp, #4]
1000297e:	4649      	mov	r1, r9
10002980:	465b      	mov	r3, fp
10002982:	0028      	movs	r0, r5
10002984:	9a0c      	ldr	r2, [sp, #48]	; 0x30
10002986:	f000 f98b 	bl	10002ca0 <_ftoa>
1000298a:	0004      	movs	r4, r0
1000298c:	2f00      	cmp	r7, #0
1000298e:	d062      	beq.n	10002a56 <_etoa+0x202>
10002990:	9b28      	ldr	r3, [sp, #160]	; 0xa0
10002992:	0022      	movs	r2, r4
10002994:	0698      	lsls	r0, r3, #26
10002996:	231f      	movs	r3, #31
10002998:	17c0      	asrs	r0, r0, #31
1000299a:	4398      	bics	r0, r3
1000299c:	1c63      	adds	r3, r4, #1
1000299e:	4698      	mov	r8, r3
100029a0:	4649      	mov	r1, r9
100029a2:	465b      	mov	r3, fp
100029a4:	3065      	adds	r0, #101	; 0x65
100029a6:	47a8      	blx	r5
100029a8:	9b0d      	ldr	r3, [sp, #52]	; 0x34
100029aa:	2500      	movs	r5, #0
100029ac:	17da      	asrs	r2, r3, #31
100029ae:	189c      	adds	r4, r3, r2
100029b0:	0fdb      	lsrs	r3, r3, #31
100029b2:	469a      	mov	sl, r3
100029b4:	4054      	eors	r4, r2
100029b6:	3f01      	subs	r7, #1
100029b8:	e001      	b.n	100029be <_etoa+0x16a>
100029ba:	2d20      	cmp	r5, #32
100029bc:	d013      	beq.n	100029e6 <_etoa+0x192>
100029be:	aa0a      	add	r2, sp, #40	; 0x28
100029c0:	4694      	mov	ip, r2
100029c2:	231f      	movs	r3, #31
100029c4:	0020      	movs	r0, r4
100029c6:	4463      	add	r3, ip
100029c8:	210a      	movs	r1, #10
100029ca:	3501      	adds	r5, #1
100029cc:	195e      	adds	r6, r3, r5
100029ce:	f7fe ff63 	bl	10001898 <__wrap___aeabi_uidiv>
100029d2:	3130      	adds	r1, #48	; 0x30
100029d4:	7031      	strb	r1, [r6, #0]
100029d6:	0020      	movs	r0, r4
100029d8:	210a      	movs	r1, #10
100029da:	f7fe ff5d 	bl	10001898 <__wrap___aeabi_uidiv>
100029de:	0026      	movs	r6, r4
100029e0:	0004      	movs	r4, r0
100029e2:	2e09      	cmp	r6, #9
100029e4:	d8e9      	bhi.n	100029ba <_etoa+0x166>
100029e6:	2305      	movs	r3, #5
100029e8:	9306      	str	r3, [sp, #24]
100029ea:	2300      	movs	r3, #0
100029ec:	9304      	str	r3, [sp, #16]
100029ee:	330a      	adds	r3, #10
100029f0:	9303      	str	r3, [sp, #12]
100029f2:	4653      	mov	r3, sl
100029f4:	9705      	str	r7, [sp, #20]
100029f6:	9f0b      	ldr	r7, [sp, #44]	; 0x2c
100029f8:	9302      	str	r3, [sp, #8]
100029fa:	ab12      	add	r3, sp, #72	; 0x48
100029fc:	9300      	str	r3, [sp, #0]
100029fe:	4642      	mov	r2, r8
10002a00:	465b      	mov	r3, fp
10002a02:	4649      	mov	r1, r9
10002a04:	0038      	movs	r0, r7
10002a06:	9501      	str	r5, [sp, #4]
10002a08:	f7ff fe2e 	bl	10002668 <_ntoa_format>
10002a0c:	9b0e      	ldr	r3, [sp, #56]	; 0x38
10002a0e:	0004      	movs	r4, r0
10002a10:	2b00      	cmp	r3, #0
10002a12:	d020      	beq.n	10002a56 <_etoa+0x202>
10002a14:	9b0c      	ldr	r3, [sp, #48]	; 0x30
10002a16:	1ac5      	subs	r5, r0, r3
10002a18:	9b27      	ldr	r3, [sp, #156]	; 0x9c
10002a1a:	42ab      	cmp	r3, r5
10002a1c:	d91b      	bls.n	10002a56 <_etoa+0x202>
10002a1e:	001e      	movs	r6, r3
10002a20:	0022      	movs	r2, r4
10002a22:	465b      	mov	r3, fp
10002a24:	4649      	mov	r1, r9
10002a26:	2020      	movs	r0, #32
10002a28:	3501      	adds	r5, #1
10002a2a:	47b8      	blx	r7
10002a2c:	3401      	adds	r4, #1
10002a2e:	42ae      	cmp	r6, r5
10002a30:	d8f6      	bhi.n	10002a20 <_etoa+0x1cc>
10002a32:	e010      	b.n	10002a56 <_etoa+0x202>
10002a34:	9b28      	ldr	r3, [sp, #160]	; 0xa0
10002a36:	4642      	mov	r2, r8
10002a38:	9304      	str	r3, [sp, #16]
10002a3a:	9b27      	ldr	r3, [sp, #156]	; 0x9c
10002a3c:	4649      	mov	r1, r9
10002a3e:	9303      	str	r3, [sp, #12]
10002a40:	9b26      	ldr	r3, [sp, #152]	; 0x98
10002a42:	980b      	ldr	r0, [sp, #44]	; 0x2c
10002a44:	9302      	str	r3, [sp, #8]
10002a46:	4653      	mov	r3, sl
10002a48:	9200      	str	r2, [sp, #0]
10002a4a:	9301      	str	r3, [sp, #4]
10002a4c:	465b      	mov	r3, fp
10002a4e:	9a0c      	ldr	r2, [sp, #48]	; 0x30
10002a50:	f000 f926 	bl	10002ca0 <_ftoa>
10002a54:	0004      	movs	r4, r0
10002a56:	0020      	movs	r0, r4
10002a58:	b01b      	add	sp, #108	; 0x6c
10002a5a:	bcf0      	pop	{r4, r5, r6, r7}
10002a5c:	46bb      	mov	fp, r7
10002a5e:	46b2      	mov	sl, r6
10002a60:	46a9      	mov	r9, r5
10002a62:	46a0      	mov	r8, r4
10002a64:	bdf0      	pop	{r4, r5, r6, r7, pc}
10002a66:	46c0      	nop			; (mov r8, r8)
10002a68:	7fefffff 	.word	0x7fefffff
10002a6c:	ffefffff 	.word	0xffefffff
10002a70:	fffff7ff 	.word	0xfffff7ff
10002a74:	4b73      	ldr	r3, [pc, #460]	; (10002c44 <_etoa+0x3f0>)
10002a76:	9f09      	ldr	r7, [sp, #36]	; 0x24
10002a78:	469c      	mov	ip, r3
10002a7a:	0078      	lsls	r0, r7, #1
10002a7c:	0d40      	lsrs	r0, r0, #21
10002a7e:	4460      	add	r0, ip
10002a80:	f7ff f9e4 	bl	10001e4c <__wrap___aeabi_i2d>
10002a84:	4a70      	ldr	r2, [pc, #448]	; (10002c48 <_etoa+0x3f4>)
10002a86:	4b71      	ldr	r3, [pc, #452]	; (10002c4c <_etoa+0x3f8>)
10002a88:	f7ff f971 	bl	10001d6e <__wrap___aeabi_dmul>
10002a8c:	4a70      	ldr	r2, [pc, #448]	; (10002c50 <_etoa+0x3fc>)
10002a8e:	4b71      	ldr	r3, [pc, #452]	; (10002c54 <_etoa+0x400>)
10002a90:	f7ff f946 	bl	10001d20 <__wrap___aeabi_dadd>
10002a94:	033b      	lsls	r3, r7, #12
10002a96:	4a70      	ldr	r2, [pc, #448]	; (10002c58 <_etoa+0x404>)
10002a98:	0b1b      	lsrs	r3, r3, #12
10002a9a:	431a      	orrs	r2, r3
10002a9c:	0004      	movs	r4, r0
10002a9e:	000d      	movs	r5, r1
10002aa0:	0030      	movs	r0, r6
10002aa2:	0011      	movs	r1, r2
10002aa4:	4b6d      	ldr	r3, [pc, #436]	; (10002c5c <_etoa+0x408>)
10002aa6:	2200      	movs	r2, #0
10002aa8:	f7ff f931 	bl	10001d0e <__wrap___aeabi_dsub>
10002aac:	4a6c      	ldr	r2, [pc, #432]	; (10002c60 <_etoa+0x40c>)
10002aae:	4b6d      	ldr	r3, [pc, #436]	; (10002c64 <_etoa+0x410>)
10002ab0:	f7ff f95d 	bl	10001d6e <__wrap___aeabi_dmul>
10002ab4:	0002      	movs	r2, r0
10002ab6:	000b      	movs	r3, r1
10002ab8:	0020      	movs	r0, r4
10002aba:	0029      	movs	r1, r5
10002abc:	f7ff f930 	bl	10001d20 <__wrap___aeabi_dadd>
10002ac0:	f7ff f9dc 	bl	10001e7c <__wrap___aeabi_d2iz>
10002ac4:	900d      	str	r0, [sp, #52]	; 0x34
10002ac6:	f7ff f9c1 	bl	10001e4c <__wrap___aeabi_i2d>
10002aca:	4a67      	ldr	r2, [pc, #412]	; (10002c68 <_etoa+0x414>)
10002acc:	4b67      	ldr	r3, [pc, #412]	; (10002c6c <_etoa+0x418>)
10002ace:	0004      	movs	r4, r0
10002ad0:	000d      	movs	r5, r1
10002ad2:	f7ff f94c 	bl	10001d6e <__wrap___aeabi_dmul>
10002ad6:	2200      	movs	r2, #0
10002ad8:	4b65      	ldr	r3, [pc, #404]	; (10002c70 <_etoa+0x41c>)
10002ada:	f7ff f921 	bl	10001d20 <__wrap___aeabi_dadd>
10002ade:	f7ff f9cd 	bl	10001e7c <__wrap___aeabi_d2iz>
10002ae2:	4a64      	ldr	r2, [pc, #400]	; (10002c74 <_etoa+0x420>)
10002ae4:	0006      	movs	r6, r0
10002ae6:	4b64      	ldr	r3, [pc, #400]	; (10002c78 <_etoa+0x424>)
10002ae8:	0020      	movs	r0, r4
10002aea:	0029      	movs	r1, r5
10002aec:	f7ff f93f 	bl	10001d6e <__wrap___aeabi_dmul>
10002af0:	0004      	movs	r4, r0
10002af2:	0030      	movs	r0, r6
10002af4:	000d      	movs	r5, r1
10002af6:	960f      	str	r6, [sp, #60]	; 0x3c
10002af8:	f7ff f9a8 	bl	10001e4c <__wrap___aeabi_i2d>
10002afc:	4a5f      	ldr	r2, [pc, #380]	; (10002c7c <_etoa+0x428>)
10002afe:	4b60      	ldr	r3, [pc, #384]	; (10002c80 <_etoa+0x42c>)
10002b00:	f7ff f935 	bl	10001d6e <__wrap___aeabi_dmul>
10002b04:	0002      	movs	r2, r0
10002b06:	000b      	movs	r3, r1
10002b08:	0020      	movs	r0, r4
10002b0a:	0029      	movs	r1, r5
10002b0c:	f7ff f8ff 	bl	10001d0e <__wrap___aeabi_dsub>
10002b10:	0002      	movs	r2, r0
10002b12:	000b      	movs	r3, r1
10002b14:	0006      	movs	r6, r0
10002b16:	000f      	movs	r7, r1
10002b18:	f7ff f929 	bl	10001d6e <__wrap___aeabi_dmul>
10002b1c:	0032      	movs	r2, r6
10002b1e:	0004      	movs	r4, r0
10002b20:	000d      	movs	r5, r1
10002b22:	003b      	movs	r3, r7
10002b24:	0030      	movs	r0, r6
10002b26:	0039      	movs	r1, r7
10002b28:	f7ff f8fa 	bl	10001d20 <__wrap___aeabi_dadd>
10002b2c:	2200      	movs	r2, #0
10002b2e:	9010      	str	r0, [sp, #64]	; 0x40
10002b30:	9111      	str	r1, [sp, #68]	; 0x44
10002b32:	4b54      	ldr	r3, [pc, #336]	; (10002c84 <_etoa+0x430>)
10002b34:	0020      	movs	r0, r4
10002b36:	0029      	movs	r1, r5
10002b38:	f7ff f8fb 	bl	10001d32 <__wrap___aeabi_ddiv>
10002b3c:	2200      	movs	r2, #0
10002b3e:	4b52      	ldr	r3, [pc, #328]	; (10002c88 <_etoa+0x434>)
10002b40:	f7ff f8ee 	bl	10001d20 <__wrap___aeabi_dadd>
10002b44:	0002      	movs	r2, r0
10002b46:	000b      	movs	r3, r1
10002b48:	0020      	movs	r0, r4
10002b4a:	0029      	movs	r1, r5
10002b4c:	f7ff f8f1 	bl	10001d32 <__wrap___aeabi_ddiv>
10002b50:	2200      	movs	r2, #0
10002b52:	4b4e      	ldr	r3, [pc, #312]	; (10002c8c <_etoa+0x438>)
10002b54:	f7ff f8e4 	bl	10001d20 <__wrap___aeabi_dadd>
10002b58:	0002      	movs	r2, r0
10002b5a:	000b      	movs	r3, r1
10002b5c:	0020      	movs	r0, r4
10002b5e:	0029      	movs	r1, r5
10002b60:	f7ff f8e7 	bl	10001d32 <__wrap___aeabi_ddiv>
10002b64:	000d      	movs	r5, r1
10002b66:	2180      	movs	r1, #128	; 0x80
10002b68:	0004      	movs	r4, r0
10002b6a:	0032      	movs	r2, r6
10002b6c:	003b      	movs	r3, r7
10002b6e:	2000      	movs	r0, #0
10002b70:	05c9      	lsls	r1, r1, #23
10002b72:	f7ff f8cc 	bl	10001d0e <__wrap___aeabi_dsub>
10002b76:	0002      	movs	r2, r0
10002b78:	000b      	movs	r3, r1
10002b7a:	0020      	movs	r0, r4
10002b7c:	0029      	movs	r1, r5
10002b7e:	f7ff f8cf 	bl	10001d20 <__wrap___aeabi_dadd>
10002b82:	0002      	movs	r2, r0
10002b84:	000b      	movs	r3, r1
10002b86:	9810      	ldr	r0, [sp, #64]	; 0x40
10002b88:	9911      	ldr	r1, [sp, #68]	; 0x44
10002b8a:	f7ff f8d2 	bl	10001d32 <__wrap___aeabi_ddiv>
10002b8e:	2200      	movs	r2, #0
10002b90:	4b31      	ldr	r3, [pc, #196]	; (10002c58 <_etoa+0x404>)
10002b92:	f7ff f8c5 	bl	10001d20 <__wrap___aeabi_dadd>
10002b96:	4b3e      	ldr	r3, [pc, #248]	; (10002c90 <_etoa+0x43c>)
10002b98:	9c0f      	ldr	r4, [sp, #60]	; 0x3c
10002b9a:	469c      	mov	ip, r3
10002b9c:	4464      	add	r4, ip
10002b9e:	2200      	movs	r2, #0
10002ba0:	0523      	lsls	r3, r4, #20
10002ba2:	f7ff f8e4 	bl	10001d6e <__wrap___aeabi_dmul>
10002ba6:	0005      	movs	r5, r0
10002ba8:	000e      	movs	r6, r1
10002baa:	0002      	movs	r2, r0
10002bac:	000b      	movs	r3, r1
10002bae:	980a      	ldr	r0, [sp, #40]	; 0x28
10002bb0:	9909      	ldr	r1, [sp, #36]	; 0x24
10002bb2:	f7ff f91f 	bl	10001df4 <__wrap___aeabi_dcmplt>
10002bb6:	2800      	cmp	r0, #0
10002bb8:	d00a      	beq.n	10002bd0 <_etoa+0x37c>
10002bba:	9b0d      	ldr	r3, [sp, #52]	; 0x34
10002bbc:	0028      	movs	r0, r5
10002bbe:	3b01      	subs	r3, #1
10002bc0:	0031      	movs	r1, r6
10002bc2:	930d      	str	r3, [sp, #52]	; 0x34
10002bc4:	2200      	movs	r2, #0
10002bc6:	4b30      	ldr	r3, [pc, #192]	; (10002c88 <_etoa+0x434>)
10002bc8:	f7ff f8b3 	bl	10001d32 <__wrap___aeabi_ddiv>
10002bcc:	0005      	movs	r5, r0
10002bce:	000e      	movs	r6, r1
10002bd0:	27c6      	movs	r7, #198	; 0xc6
10002bd2:	990d      	ldr	r1, [sp, #52]	; 0x34
10002bd4:	002b      	movs	r3, r5
10002bd6:	3163      	adds	r1, #99	; 0x63
10002bd8:	428f      	cmp	r7, r1
10002bda:	41bf      	sbcs	r7, r7
10002bdc:	9928      	ldr	r1, [sp, #160]	; 0xa0
10002bde:	427f      	negs	r7, r7
10002be0:	3704      	adds	r7, #4
10002be2:	0509      	lsls	r1, r1, #20
10002be4:	d400      	bmi.n	10002be8 <_etoa+0x394>
10002be6:	e695      	b.n	10002914 <_etoa+0xc0>
10002be8:	4333      	orrs	r3, r6
10002bea:	d100      	bne.n	10002bee <_etoa+0x39a>
10002bec:	e682      	b.n	100028f4 <_etoa+0xa0>
10002bee:	9c09      	ldr	r4, [sp, #36]	; 0x24
10002bf0:	4a28      	ldr	r2, [pc, #160]	; (10002c94 <_etoa+0x440>)
10002bf2:	0021      	movs	r1, r4
10002bf4:	4b28      	ldr	r3, [pc, #160]	; (10002c98 <_etoa+0x444>)
10002bf6:	980a      	ldr	r0, [sp, #40]	; 0x28
10002bf8:	f7ff f90a 	bl	10001e10 <__wrap___aeabi_dcmpge>
10002bfc:	2800      	cmp	r0, #0
10002bfe:	d008      	beq.n	10002c12 <_etoa+0x3be>
10002c00:	2200      	movs	r2, #0
10002c02:	0021      	movs	r1, r4
10002c04:	4b25      	ldr	r3, [pc, #148]	; (10002c9c <_etoa+0x448>)
10002c06:	980a      	ldr	r0, [sp, #40]	; 0x28
10002c08:	f7ff f8f4 	bl	10001df4 <__wrap___aeabi_dcmplt>
10002c0c:	2800      	cmp	r0, #0
10002c0e:	d000      	beq.n	10002c12 <_etoa+0x3be>
10002c10:	e670      	b.n	100028f4 <_etoa+0xa0>
10002c12:	9b26      	ldr	r3, [sp, #152]	; 0x98
10002c14:	2b00      	cmp	r3, #0
10002c16:	d100      	bne.n	10002c1a <_etoa+0x3c6>
10002c18:	e67c      	b.n	10002914 <_etoa+0xc0>
10002c1a:	9b0e      	ldr	r3, [sp, #56]	; 0x38
10002c1c:	1e5a      	subs	r2, r3, #1
10002c1e:	4193      	sbcs	r3, r2
10002c20:	9a26      	ldr	r2, [sp, #152]	; 0x98
10002c22:	1ad3      	subs	r3, r2, r3
10002c24:	9326      	str	r3, [sp, #152]	; 0x98
10002c26:	e675      	b.n	10002914 <_etoa+0xc0>
10002c28:	2300      	movs	r3, #0
10002c2a:	2704      	movs	r7, #4
10002c2c:	930d      	str	r3, [sp, #52]	; 0x34
10002c2e:	e671      	b.n	10002914 <_etoa+0xc0>
10002c30:	4643      	mov	r3, r8
10002c32:	930a      	str	r3, [sp, #40]	; 0x28
10002c34:	2380      	movs	r3, #128	; 0x80
10002c36:	061b      	lsls	r3, r3, #24
10002c38:	4453      	add	r3, sl
10002c3a:	9309      	str	r3, [sp, #36]	; 0x24
10002c3c:	e642      	b.n	100028c4 <_etoa+0x70>
10002c3e:	2300      	movs	r3, #0
10002c40:	9326      	str	r3, [sp, #152]	; 0x98
10002c42:	e65f      	b.n	10002904 <_etoa+0xb0>
10002c44:	fffffc01 	.word	0xfffffc01
10002c48:	509f79fb 	.word	0x509f79fb
10002c4c:	3fd34413 	.word	0x3fd34413
10002c50:	8b60c8b3 	.word	0x8b60c8b3
10002c54:	3fc68a28 	.word	0x3fc68a28
10002c58:	3ff00000 	.word	0x3ff00000
10002c5c:	3ff80000 	.word	0x3ff80000
10002c60:	636f4361 	.word	0x636f4361
10002c64:	3fd287a7 	.word	0x3fd287a7
10002c68:	0979a371 	.word	0x0979a371
10002c6c:	400a934f 	.word	0x400a934f
10002c70:	3fe00000 	.word	0x3fe00000
10002c74:	bbb55516 	.word	0xbbb55516
10002c78:	40026bb1 	.word	0x40026bb1
10002c7c:	fefa39ef 	.word	0xfefa39ef
10002c80:	3fe62e42 	.word	0x3fe62e42
10002c84:	402c0000 	.word	0x402c0000
10002c88:	40240000 	.word	0x40240000
10002c8c:	40180000 	.word	0x40180000
10002c90:	000003ff 	.word	0x000003ff
10002c94:	eb1c432d 	.word	0xeb1c432d
10002c98:	3f1a36e2 	.word	0x3f1a36e2
10002c9c:	412e8480 	.word	0x412e8480

10002ca0 <_ftoa>:
10002ca0:	b5f0      	push	{r4, r5, r6, r7, lr}
10002ca2:	464e      	mov	r6, r9
10002ca4:	46de      	mov	lr, fp
10002ca6:	4657      	mov	r7, sl
10002ca8:	4645      	mov	r5, r8
10002caa:	b5e0      	push	{r5, r6, r7, lr}
10002cac:	b097      	sub	sp, #92	; 0x5c
10002cae:	4699      	mov	r9, r3
10002cb0:	9e20      	ldr	r6, [sp, #128]	; 0x80
10002cb2:	9f21      	ldr	r7, [sp, #132]	; 0x84
10002cb4:	9b22      	ldr	r3, [sp, #136]	; 0x88
10002cb6:	4683      	mov	fp, r0
10002cb8:	4698      	mov	r8, r3
10002cba:	9107      	str	r1, [sp, #28]
10002cbc:	920c      	str	r2, [sp, #48]	; 0x30
10002cbe:	003b      	movs	r3, r7
10002cc0:	0032      	movs	r2, r6
10002cc2:	0030      	movs	r0, r6
10002cc4:	0039      	movs	r1, r7
10002cc6:	f7ff f8b0 	bl	10001e2a <__wrap___aeabi_dcmpun>
10002cca:	2800      	cmp	r0, #0
10002ccc:	d000      	beq.n	10002cd0 <_ftoa+0x30>
10002cce:	e1a9      	b.n	10003024 <_ftoa+0x384>
10002cd0:	2201      	movs	r2, #1
10002cd2:	0030      	movs	r0, r6
10002cd4:	0039      	movs	r1, r7
10002cd6:	4bca      	ldr	r3, [pc, #808]	; (10003000 <_ftoa+0x360>)
10002cd8:	4252      	negs	r2, r2
10002cda:	f7ff f88b 	bl	10001df4 <__wrap___aeabi_dcmplt>
10002cde:	2800      	cmp	r0, #0
10002ce0:	d000      	beq.n	10002ce4 <_ftoa+0x44>
10002ce2:	e0e1      	b.n	10002ea8 <_ftoa+0x208>
10002ce4:	2201      	movs	r2, #1
10002ce6:	0030      	movs	r0, r6
10002ce8:	0039      	movs	r1, r7
10002cea:	4bc6      	ldr	r3, [pc, #792]	; (10003004 <_ftoa+0x364>)
10002cec:	4252      	negs	r2, r2
10002cee:	f7ff f897 	bl	10001e20 <__wrap___aeabi_dcmpgt>
10002cf2:	2800      	cmp	r0, #0
10002cf4:	d000      	beq.n	10002cf8 <_ftoa+0x58>
10002cf6:	e0b7      	b.n	10002e68 <_ftoa+0x1c8>
10002cf8:	2200      	movs	r2, #0
10002cfa:	0030      	movs	r0, r6
10002cfc:	0039      	movs	r1, r7
10002cfe:	4bc2      	ldr	r3, [pc, #776]	; (10003008 <_ftoa+0x368>)
10002d00:	f7ff f88e 	bl	10001e20 <__wrap___aeabi_dcmpgt>
10002d04:	2800      	cmp	r0, #0
10002d06:	d000      	beq.n	10002d0a <_ftoa+0x6a>
10002d08:	e099      	b.n	10002e3e <_ftoa+0x19e>
10002d0a:	2200      	movs	r2, #0
10002d0c:	0030      	movs	r0, r6
10002d0e:	0039      	movs	r1, r7
10002d10:	4bbe      	ldr	r3, [pc, #760]	; (1000300c <_ftoa+0x36c>)
10002d12:	f7ff f86f 	bl	10001df4 <__wrap___aeabi_dcmplt>
10002d16:	2800      	cmp	r0, #0
10002d18:	d000      	beq.n	10002d1c <_ftoa+0x7c>
10002d1a:	e090      	b.n	10002e3e <_ftoa+0x19e>
10002d1c:	2200      	movs	r2, #0
10002d1e:	2300      	movs	r3, #0
10002d20:	0030      	movs	r0, r6
10002d22:	0039      	movs	r1, r7
10002d24:	f7ff f866 	bl	10001df4 <__wrap___aeabi_dcmplt>
10002d28:	2800      	cmp	r0, #0
10002d2a:	d000      	beq.n	10002d2e <_ftoa+0x8e>
10002d2c:	e0b1      	b.n	10002e92 <_ftoa+0x1f2>
10002d2e:	2300      	movs	r3, #0
10002d30:	930d      	str	r3, [sp, #52]	; 0x34
10002d32:	9b24      	ldr	r3, [sp, #144]	; 0x90
10002d34:	055b      	lsls	r3, r3, #21
10002d36:	d401      	bmi.n	10002d3c <_ftoa+0x9c>
10002d38:	2306      	movs	r3, #6
10002d3a:	4698      	mov	r8, r3
10002d3c:	ab08      	add	r3, sp, #32
10002d3e:	469c      	mov	ip, r3
10002d40:	2217      	movs	r2, #23
10002d42:	2400      	movs	r4, #0
10002d44:	2330      	movs	r3, #48	; 0x30
10002d46:	4641      	mov	r1, r8
10002d48:	4462      	add	r2, ip
10002d4a:	e004      	b.n	10002d56 <_ftoa+0xb6>
10002d4c:	3401      	adds	r4, #1
10002d4e:	5513      	strb	r3, [r2, r4]
10002d50:	3901      	subs	r1, #1
10002d52:	2c20      	cmp	r4, #32
10002d54:	d001      	beq.n	10002d5a <_ftoa+0xba>
10002d56:	2909      	cmp	r1, #9
10002d58:	d8f8      	bhi.n	10002d4c <_ftoa+0xac>
10002d5a:	4688      	mov	r8, r1
10002d5c:	0030      	movs	r0, r6
10002d5e:	0039      	movs	r1, r7
10002d60:	f7ff f88c 	bl	10001e7c <__wrap___aeabi_d2iz>
10002d64:	4643      	mov	r3, r8
10002d66:	00da      	lsls	r2, r3, #3
10002d68:	4ba9      	ldr	r3, [pc, #676]	; (10003010 <_ftoa+0x370>)
10002d6a:	0005      	movs	r5, r0
10002d6c:	189b      	adds	r3, r3, r2
10002d6e:	681a      	ldr	r2, [r3, #0]
10002d70:	685b      	ldr	r3, [r3, #4]
10002d72:	9208      	str	r2, [sp, #32]
10002d74:	9309      	str	r3, [sp, #36]	; 0x24
10002d76:	f7ff f869 	bl	10001e4c <__wrap___aeabi_i2d>
10002d7a:	0002      	movs	r2, r0
10002d7c:	000b      	movs	r3, r1
10002d7e:	0030      	movs	r0, r6
10002d80:	0039      	movs	r1, r7
10002d82:	f7fe ffc4 	bl	10001d0e <__wrap___aeabi_dsub>
10002d86:	9a08      	ldr	r2, [sp, #32]
10002d88:	9b09      	ldr	r3, [sp, #36]	; 0x24
10002d8a:	f7fe fff0 	bl	10001d6e <__wrap___aeabi_dmul>
10002d8e:	900a      	str	r0, [sp, #40]	; 0x28
10002d90:	910b      	str	r1, [sp, #44]	; 0x2c
10002d92:	f7ff f897 	bl	10001ec4 <__wrap___aeabi_d2uiz>
10002d96:	4682      	mov	sl, r0
10002d98:	f7ff f854 	bl	10001e44 <__wrap___aeabi_ui2d>
10002d9c:	0002      	movs	r2, r0
10002d9e:	000b      	movs	r3, r1
10002da0:	980a      	ldr	r0, [sp, #40]	; 0x28
10002da2:	990b      	ldr	r1, [sp, #44]	; 0x2c
10002da4:	f7fe ffb3 	bl	10001d0e <__wrap___aeabi_dsub>
10002da8:	2200      	movs	r2, #0
10002daa:	4b9a      	ldr	r3, [pc, #616]	; (10003014 <_ftoa+0x374>)
10002dac:	900a      	str	r0, [sp, #40]	; 0x28
10002dae:	910b      	str	r1, [sp, #44]	; 0x2c
10002db0:	f7ff f836 	bl	10001e20 <__wrap___aeabi_dcmpgt>
10002db4:	2800      	cmp	r0, #0
10002db6:	d100      	bne.n	10002dba <_ftoa+0x11a>
10002db8:	e0c0      	b.n	10002f3c <_ftoa+0x29c>
10002dba:	2301      	movs	r3, #1
10002dbc:	469c      	mov	ip, r3
10002dbe:	44e2      	add	sl, ip
10002dc0:	4650      	mov	r0, sl
10002dc2:	f7ff f83f 	bl	10001e44 <__wrap___aeabi_ui2d>
10002dc6:	0002      	movs	r2, r0
10002dc8:	000b      	movs	r3, r1
10002dca:	9808      	ldr	r0, [sp, #32]
10002dcc:	9909      	ldr	r1, [sp, #36]	; 0x24
10002dce:	f7ff f817 	bl	10001e00 <__wrap___aeabi_dcmple>
10002dd2:	2800      	cmp	r0, #0
10002dd4:	d002      	beq.n	10002ddc <_ftoa+0x13c>
10002dd6:	2300      	movs	r3, #0
10002dd8:	469a      	mov	sl, r3
10002dda:	3501      	adds	r5, #1
10002ddc:	4643      	mov	r3, r8
10002dde:	2b00      	cmp	r3, #0
10002de0:	d06a      	beq.n	10002eb8 <_ftoa+0x218>
10002de2:	ab08      	add	r3, sp, #32
10002de4:	2617      	movs	r6, #23
10002de6:	469c      	mov	ip, r3
10002de8:	9508      	str	r5, [sp, #32]
10002dea:	4466      	add	r6, ip
10002dec:	4655      	mov	r5, sl
10002dee:	e014      	b.n	10002e1a <_ftoa+0x17a>
10002df0:	2301      	movs	r3, #1
10002df2:	425b      	negs	r3, r3
10002df4:	4443      	add	r3, r8
10002df6:	210a      	movs	r1, #10
10002df8:	0028      	movs	r0, r5
10002dfa:	469a      	mov	sl, r3
10002dfc:	f7fe fd4c 	bl	10001898 <__wrap___aeabi_uidiv>
10002e00:	3401      	adds	r4, #1
10002e02:	3130      	adds	r1, #48	; 0x30
10002e04:	1937      	adds	r7, r6, r4
10002e06:	7039      	strb	r1, [r7, #0]
10002e08:	0028      	movs	r0, r5
10002e0a:	210a      	movs	r1, #10
10002e0c:	f7fe fd44 	bl	10001898 <__wrap___aeabi_uidiv>
10002e10:	2d09      	cmp	r5, #9
10002e12:	d800      	bhi.n	10002e16 <_ftoa+0x176>
10002e14:	e0d0      	b.n	10002fb8 <_ftoa+0x318>
10002e16:	46d0      	mov	r8, sl
10002e18:	0005      	movs	r5, r0
10002e1a:	2c20      	cmp	r4, #32
10002e1c:	d1e8      	bne.n	10002df0 <_ftoa+0x150>
10002e1e:	ab0e      	add	r3, sp, #56	; 0x38
10002e20:	4698      	mov	r8, r3
10002e22:	2303      	movs	r3, #3
10002e24:	9a24      	ldr	r2, [sp, #144]	; 0x90
10002e26:	4013      	ands	r3, r2
10002e28:	2b01      	cmp	r3, #1
10002e2a:	d100      	bne.n	10002e2e <_ftoa+0x18e>
10002e2c:	e096      	b.n	10002f5c <_ftoa+0x2bc>
10002e2e:	2320      	movs	r3, #32
10002e30:	9a24      	ldr	r2, [sp, #144]	; 0x90
10002e32:	9301      	str	r3, [sp, #4]
10002e34:	9203      	str	r2, [sp, #12]
10002e36:	9a23      	ldr	r2, [sp, #140]	; 0x8c
10002e38:	4643      	mov	r3, r8
10002e3a:	9202      	str	r2, [sp, #8]
10002e3c:	e01e      	b.n	10002e7c <_ftoa+0x1dc>
10002e3e:	9b24      	ldr	r3, [sp, #144]	; 0x90
10002e40:	4658      	mov	r0, fp
10002e42:	9304      	str	r3, [sp, #16]
10002e44:	9b23      	ldr	r3, [sp, #140]	; 0x8c
10002e46:	9600      	str	r6, [sp, #0]
10002e48:	9701      	str	r7, [sp, #4]
10002e4a:	9303      	str	r3, [sp, #12]
10002e4c:	4643      	mov	r3, r8
10002e4e:	9a0c      	ldr	r2, [sp, #48]	; 0x30
10002e50:	9302      	str	r3, [sp, #8]
10002e52:	9907      	ldr	r1, [sp, #28]
10002e54:	464b      	mov	r3, r9
10002e56:	f7ff fcfd 	bl	10002854 <_etoa>
10002e5a:	b017      	add	sp, #92	; 0x5c
10002e5c:	bcf0      	pop	{r4, r5, r6, r7}
10002e5e:	46bb      	mov	fp, r7
10002e60:	46b2      	mov	sl, r6
10002e62:	46a9      	mov	r9, r5
10002e64:	46a0      	mov	r8, r4
10002e66:	bdf0      	pop	{r4, r5, r6, r7, pc}
10002e68:	9b24      	ldr	r3, [sp, #144]	; 0x90
10002e6a:	075b      	lsls	r3, r3, #29
10002e6c:	d40e      	bmi.n	10002e8c <_ftoa+0x1ec>
10002e6e:	2203      	movs	r2, #3
10002e70:	4b69      	ldr	r3, [pc, #420]	; (10003018 <_ftoa+0x378>)
10002e72:	9924      	ldr	r1, [sp, #144]	; 0x90
10002e74:	9201      	str	r2, [sp, #4]
10002e76:	9103      	str	r1, [sp, #12]
10002e78:	9923      	ldr	r1, [sp, #140]	; 0x8c
10002e7a:	9102      	str	r1, [sp, #8]
10002e7c:	9300      	str	r3, [sp, #0]
10002e7e:	4658      	mov	r0, fp
10002e80:	464b      	mov	r3, r9
10002e82:	9a0c      	ldr	r2, [sp, #48]	; 0x30
10002e84:	9907      	ldr	r1, [sp, #28]
10002e86:	f7ff fba1 	bl	100025cc <_out_rev>
10002e8a:	e7e6      	b.n	10002e5a <_ftoa+0x1ba>
10002e8c:	2204      	movs	r2, #4
10002e8e:	4b63      	ldr	r3, [pc, #396]	; (1000301c <_ftoa+0x37c>)
10002e90:	e7ef      	b.n	10002e72 <_ftoa+0x1d2>
10002e92:	003b      	movs	r3, r7
10002e94:	0032      	movs	r2, r6
10002e96:	2000      	movs	r0, #0
10002e98:	2100      	movs	r1, #0
10002e9a:	f7fe ff38 	bl	10001d0e <__wrap___aeabi_dsub>
10002e9e:	2301      	movs	r3, #1
10002ea0:	0006      	movs	r6, r0
10002ea2:	000f      	movs	r7, r1
10002ea4:	930d      	str	r3, [sp, #52]	; 0x34
10002ea6:	e744      	b.n	10002d32 <_ftoa+0x92>
10002ea8:	9b24      	ldr	r3, [sp, #144]	; 0x90
10002eaa:	9303      	str	r3, [sp, #12]
10002eac:	9b23      	ldr	r3, [sp, #140]	; 0x8c
10002eae:	9302      	str	r3, [sp, #8]
10002eb0:	2304      	movs	r3, #4
10002eb2:	9301      	str	r3, [sp, #4]
10002eb4:	4b5a      	ldr	r3, [pc, #360]	; (10003020 <_ftoa+0x380>)
10002eb6:	e7e1      	b.n	10002e7c <_ftoa+0x1dc>
10002eb8:	0028      	movs	r0, r5
10002eba:	f7fe ffc7 	bl	10001e4c <__wrap___aeabi_i2d>
10002ebe:	0002      	movs	r2, r0
10002ec0:	000b      	movs	r3, r1
10002ec2:	0030      	movs	r0, r6
10002ec4:	0039      	movs	r1, r7
10002ec6:	f7fe ff22 	bl	10001d0e <__wrap___aeabi_dsub>
10002eca:	4b52      	ldr	r3, [pc, #328]	; (10003014 <_ftoa+0x374>)
10002ecc:	2200      	movs	r2, #0
10002ece:	0006      	movs	r6, r0
10002ed0:	000f      	movs	r7, r1
10002ed2:	f7fe ff8f 	bl	10001df4 <__wrap___aeabi_dcmplt>
10002ed6:	ab0e      	add	r3, sp, #56	; 0x38
10002ed8:	4698      	mov	r8, r3
10002eda:	2800      	cmp	r0, #0
10002edc:	d10a      	bne.n	10002ef4 <_ftoa+0x254>
10002ede:	2200      	movs	r2, #0
10002ee0:	0030      	movs	r0, r6
10002ee2:	0039      	movs	r1, r7
10002ee4:	4b4b      	ldr	r3, [pc, #300]	; (10003014 <_ftoa+0x374>)
10002ee6:	f7fe ff9b 	bl	10001e20 <__wrap___aeabi_dcmpgt>
10002eea:	2800      	cmp	r0, #0
10002eec:	d102      	bne.n	10002ef4 <_ftoa+0x254>
10002eee:	07eb      	lsls	r3, r5, #31
10002ef0:	d500      	bpl.n	10002ef4 <_ftoa+0x254>
10002ef2:	3501      	adds	r5, #1
10002ef4:	2c20      	cmp	r4, #32
10002ef6:	d094      	beq.n	10002e22 <_ftoa+0x182>
10002ef8:	aa08      	add	r2, sp, #32
10002efa:	4694      	mov	ip, r2
10002efc:	2317      	movs	r3, #23
10002efe:	0028      	movs	r0, r5
10002f00:	4463      	add	r3, ip
10002f02:	210a      	movs	r1, #10
10002f04:	3401      	adds	r4, #1
10002f06:	191e      	adds	r6, r3, r4
10002f08:	f7fe fc9e 	bl	10001848 <__wrap___aeabi_idiv>
10002f0c:	3130      	adds	r1, #48	; 0x30
10002f0e:	0028      	movs	r0, r5
10002f10:	7031      	strb	r1, [r6, #0]
10002f12:	210a      	movs	r1, #10
10002f14:	f7fe fc98 	bl	10001848 <__wrap___aeabi_idiv>
10002f18:	1e05      	subs	r5, r0, #0
10002f1a:	d1eb      	bne.n	10002ef4 <_ftoa+0x254>
10002f1c:	2303      	movs	r3, #3
10002f1e:	9a24      	ldr	r2, [sp, #144]	; 0x90
10002f20:	4013      	ands	r3, r2
10002f22:	2b01      	cmp	r3, #1
10002f24:	d01b      	beq.n	10002f5e <_ftoa+0x2be>
10002f26:	2c20      	cmp	r4, #32
10002f28:	d100      	bne.n	10002f2c <_ftoa+0x28c>
10002f2a:	e780      	b.n	10002e2e <_ftoa+0x18e>
10002f2c:	9b0d      	ldr	r3, [sp, #52]	; 0x34
10002f2e:	2b00      	cmp	r3, #0
10002f30:	d035      	beq.n	10002f9e <_ftoa+0x2fe>
10002f32:	222d      	movs	r2, #45	; 0x2d
10002f34:	4641      	mov	r1, r8
10002f36:	1c63      	adds	r3, r4, #1
10002f38:	550a      	strb	r2, [r1, r4]
10002f3a:	e779      	b.n	10002e30 <_ftoa+0x190>
10002f3c:	2200      	movs	r2, #0
10002f3e:	980a      	ldr	r0, [sp, #40]	; 0x28
10002f40:	990b      	ldr	r1, [sp, #44]	; 0x2c
10002f42:	4b34      	ldr	r3, [pc, #208]	; (10003014 <_ftoa+0x374>)
10002f44:	f7fe ff56 	bl	10001df4 <__wrap___aeabi_dcmplt>
10002f48:	2800      	cmp	r0, #0
10002f4a:	d000      	beq.n	10002f4e <_ftoa+0x2ae>
10002f4c:	e746      	b.n	10002ddc <_ftoa+0x13c>
10002f4e:	4653      	mov	r3, sl
10002f50:	2b00      	cmp	r3, #0
10002f52:	d151      	bne.n	10002ff8 <_ftoa+0x358>
10002f54:	2301      	movs	r3, #1
10002f56:	469c      	mov	ip, r3
10002f58:	44e2      	add	sl, ip
10002f5a:	e73f      	b.n	10002ddc <_ftoa+0x13c>
10002f5c:	2420      	movs	r4, #32
10002f5e:	9b23      	ldr	r3, [sp, #140]	; 0x8c
10002f60:	2b00      	cmp	r3, #0
10002f62:	d0e0      	beq.n	10002f26 <_ftoa+0x286>
10002f64:	9b0d      	ldr	r3, [sp, #52]	; 0x34
10002f66:	2b00      	cmp	r3, #0
10002f68:	d103      	bne.n	10002f72 <_ftoa+0x2d2>
10002f6a:	9a24      	ldr	r2, [sp, #144]	; 0x90
10002f6c:	330c      	adds	r3, #12
10002f6e:	4213      	tst	r3, r2
10002f70:	d002      	beq.n	10002f78 <_ftoa+0x2d8>
10002f72:	9b23      	ldr	r3, [sp, #140]	; 0x8c
10002f74:	3b01      	subs	r3, #1
10002f76:	9323      	str	r3, [sp, #140]	; 0x8c
10002f78:	9b23      	ldr	r3, [sp, #140]	; 0x8c
10002f7a:	42a3      	cmp	r3, r4
10002f7c:	d9d3      	bls.n	10002f26 <_ftoa+0x286>
10002f7e:	ab08      	add	r3, sp, #32
10002f80:	469c      	mov	ip, r3
10002f82:	2217      	movs	r2, #23
10002f84:	2330      	movs	r3, #48	; 0x30
10002f86:	4462      	add	r2, ip
10002f88:	2c20      	cmp	r4, #32
10002f8a:	d100      	bne.n	10002f8e <_ftoa+0x2ee>
10002f8c:	e74f      	b.n	10002e2e <_ftoa+0x18e>
10002f8e:	9923      	ldr	r1, [sp, #140]	; 0x8c
10002f90:	3401      	adds	r4, #1
10002f92:	5513      	strb	r3, [r2, r4]
10002f94:	428c      	cmp	r4, r1
10002f96:	d0c6      	beq.n	10002f26 <_ftoa+0x286>
10002f98:	2c20      	cmp	r4, #32
10002f9a:	d1f8      	bne.n	10002f8e <_ftoa+0x2ee>
10002f9c:	e747      	b.n	10002e2e <_ftoa+0x18e>
10002f9e:	9b24      	ldr	r3, [sp, #144]	; 0x90
10002fa0:	075b      	lsls	r3, r3, #29
10002fa2:	d424      	bmi.n	10002fee <_ftoa+0x34e>
10002fa4:	9a24      	ldr	r2, [sp, #144]	; 0x90
10002fa6:	0023      	movs	r3, r4
10002fa8:	0712      	lsls	r2, r2, #28
10002faa:	d400      	bmi.n	10002fae <_ftoa+0x30e>
10002fac:	e740      	b.n	10002e30 <_ftoa+0x190>
10002fae:	2220      	movs	r2, #32
10002fb0:	4641      	mov	r1, r8
10002fb2:	3301      	adds	r3, #1
10002fb4:	550a      	strb	r2, [r1, r4]
10002fb6:	e73b      	b.n	10002e30 <_ftoa+0x190>
10002fb8:	4657      	mov	r7, sl
10002fba:	9d08      	ldr	r5, [sp, #32]
10002fbc:	2c20      	cmp	r4, #32
10002fbe:	d100      	bne.n	10002fc2 <_ftoa+0x322>
10002fc0:	e72d      	b.n	10002e1e <_ftoa+0x17e>
10002fc2:	0022      	movs	r2, r4
10002fc4:	2130      	movs	r1, #48	; 0x30
10002fc6:	4640      	mov	r0, r8
10002fc8:	2f00      	cmp	r7, #0
10002fca:	d009      	beq.n	10002fe0 <_ftoa+0x340>
10002fcc:	3201      	adds	r2, #1
10002fce:	54b1      	strb	r1, [r6, r2]
10002fd0:	2a20      	cmp	r2, #32
10002fd2:	d100      	bne.n	10002fd6 <_ftoa+0x336>
10002fd4:	e723      	b.n	10002e1e <_ftoa+0x17e>
10002fd6:	43d3      	mvns	r3, r2
10002fd8:	191b      	adds	r3, r3, r4
10002fda:	181b      	adds	r3, r3, r0
10002fdc:	2b00      	cmp	r3, #0
10002fde:	d1f5      	bne.n	10002fcc <_ftoa+0x32c>
10002fe0:	ab0e      	add	r3, sp, #56	; 0x38
10002fe2:	4698      	mov	r8, r3
10002fe4:	232e      	movs	r3, #46	; 0x2e
10002fe6:	4641      	mov	r1, r8
10002fe8:	1c54      	adds	r4, r2, #1
10002fea:	548b      	strb	r3, [r1, r2]
10002fec:	e782      	b.n	10002ef4 <_ftoa+0x254>
10002fee:	222b      	movs	r2, #43	; 0x2b
10002ff0:	4641      	mov	r1, r8
10002ff2:	1c63      	adds	r3, r4, #1
10002ff4:	550a      	strb	r2, [r1, r4]
10002ff6:	e71b      	b.n	10002e30 <_ftoa+0x190>
10002ff8:	07db      	lsls	r3, r3, #31
10002ffa:	d400      	bmi.n	10002ffe <_ftoa+0x35e>
10002ffc:	e6ee      	b.n	10002ddc <_ftoa+0x13c>
10002ffe:	e7a9      	b.n	10002f54 <_ftoa+0x2b4>
10003000:	ffefffff 	.word	0xffefffff
10003004:	7fefffff 	.word	0x7fefffff
10003008:	41cdcd65 	.word	0x41cdcd65
1000300c:	c1cdcd65 	.word	0xc1cdcd65
10003010:	10006c78 	.word	0x10006c78
10003014:	3fe00000 	.word	0x3fe00000
10003018:	10006a80 	.word	0x10006a80
1000301c:	10006a84 	.word	0x10006a84
10003020:	10006a90 	.word	0x10006a90
10003024:	9b24      	ldr	r3, [sp, #144]	; 0x90
10003026:	9303      	str	r3, [sp, #12]
10003028:	9b23      	ldr	r3, [sp, #140]	; 0x8c
1000302a:	9302      	str	r3, [sp, #8]
1000302c:	2303      	movs	r3, #3
1000302e:	9301      	str	r3, [sp, #4]
10003030:	4b00      	ldr	r3, [pc, #0]	; (10003034 <_ftoa+0x394>)
10003032:	e723      	b.n	10002e7c <_ftoa+0x1dc>
10003034:	10006a8c 	.word	0x10006a8c

10003038 <_vsnprintf>:
10003038:	b5f0      	push	{r4, r5, r6, r7, lr}
1000303a:	46de      	mov	lr, fp
1000303c:	464e      	mov	r6, r9
1000303e:	4657      	mov	r7, sl
10003040:	4645      	mov	r5, r8
10003042:	b5e0      	push	{r5, r6, r7, lr}
10003044:	b09f      	sub	sp, #124	; 0x7c
10003046:	001c      	movs	r4, r3
10003048:	9b28      	ldr	r3, [sp, #160]	; 0xa0
1000304a:	4691      	mov	r9, r2
1000304c:	9309      	str	r3, [sp, #36]	; 0x24
1000304e:	4ac9      	ldr	r2, [pc, #804]	; (10003374 <_vsnprintf+0x33c>)
10003050:	4bc9      	ldr	r3, [pc, #804]	; (10003378 <_vsnprintf+0x340>)
10003052:	468b      	mov	fp, r1
10003054:	9008      	str	r0, [sp, #32]
10003056:	601a      	str	r2, [r3, #0]
10003058:	2900      	cmp	r1, #0
1000305a:	d100      	bne.n	1000305e <_vsnprintf+0x26>
1000305c:	e218      	b.n	10003490 <_vsnprintf+0x458>
1000305e:	2300      	movs	r3, #0
10003060:	7820      	ldrb	r0, [r4, #0]
10003062:	469a      	mov	sl, r3
10003064:	2800      	cmp	r0, #0
10003066:	d100      	bne.n	1000306a <_vsnprintf+0x32>
10003068:	e21a      	b.n	100034a0 <_vsnprintf+0x468>
1000306a:	0026      	movs	r6, r4
1000306c:	001d      	movs	r5, r3
1000306e:	465c      	mov	r4, fp
10003070:	e00a      	b.n	10003088 <_vsnprintf+0x50>
10003072:	002a      	movs	r2, r5
10003074:	1c6f      	adds	r7, r5, #1
10003076:	464b      	mov	r3, r9
10003078:	9d08      	ldr	r5, [sp, #32]
1000307a:	0021      	movs	r1, r4
1000307c:	47a8      	blx	r5
1000307e:	003d      	movs	r5, r7
10003080:	3601      	adds	r6, #1
10003082:	7830      	ldrb	r0, [r6, #0]
10003084:	2800      	cmp	r0, #0
10003086:	d070      	beq.n	1000316a <_vsnprintf+0x132>
10003088:	2825      	cmp	r0, #37	; 0x25
1000308a:	d1f2      	bne.n	10003072 <_vsnprintf+0x3a>
1000308c:	2310      	movs	r3, #16
1000308e:	469b      	mov	fp, r3
10003090:	3b08      	subs	r3, #8
10003092:	469a      	mov	sl, r3
10003094:	3b04      	subs	r3, #4
10003096:	4698      	mov	r8, r3
10003098:	3b02      	subs	r3, #2
1000309a:	2100      	movs	r1, #0
1000309c:	469c      	mov	ip, r3
1000309e:	1c72      	adds	r2, r6, #1
100030a0:	7810      	ldrb	r0, [r2, #0]
100030a2:	0016      	movs	r6, r2
100030a4:	0003      	movs	r3, r0
100030a6:	3b20      	subs	r3, #32
100030a8:	b2db      	uxtb	r3, r3
100030aa:	2b10      	cmp	r3, #16
100030ac:	d803      	bhi.n	100030b6 <_vsnprintf+0x7e>
100030ae:	4fb3      	ldr	r7, [pc, #716]	; (1000337c <_vsnprintf+0x344>)
100030b0:	009b      	lsls	r3, r3, #2
100030b2:	58fb      	ldr	r3, [r7, r3]
100030b4:	469f      	mov	pc, r3
100030b6:	0003      	movs	r3, r0
100030b8:	3b30      	subs	r3, #48	; 0x30
100030ba:	2b09      	cmp	r3, #9
100030bc:	d932      	bls.n	10003124 <_vsnprintf+0xec>
100030be:	2300      	movs	r3, #0
100030c0:	930a      	str	r3, [sp, #40]	; 0x28
100030c2:	282a      	cmp	r0, #42	; 0x2a
100030c4:	d068      	beq.n	10003198 <_vsnprintf+0x160>
100030c6:	2300      	movs	r3, #0
100030c8:	4698      	mov	r8, r3
100030ca:	282e      	cmp	r0, #46	; 0x2e
100030cc:	d03e      	beq.n	1000314c <_vsnprintf+0x114>
100030ce:	0003      	movs	r3, r0
100030d0:	3b68      	subs	r3, #104	; 0x68
100030d2:	b2db      	uxtb	r3, r3
100030d4:	2b12      	cmp	r3, #18
100030d6:	d81c      	bhi.n	10003112 <_vsnprintf+0xda>
100030d8:	4aa9      	ldr	r2, [pc, #676]	; (10003380 <_vsnprintf+0x348>)
100030da:	009b      	lsls	r3, r3, #2
100030dc:	58d3      	ldr	r3, [r2, r3]
100030de:	469f      	mov	pc, r3
100030e0:	2301      	movs	r3, #1
100030e2:	3201      	adds	r2, #1
100030e4:	4319      	orrs	r1, r3
100030e6:	e7db      	b.n	100030a0 <_vsnprintf+0x68>
100030e8:	4663      	mov	r3, ip
100030ea:	3201      	adds	r2, #1
100030ec:	4319      	orrs	r1, r3
100030ee:	e7d7      	b.n	100030a0 <_vsnprintf+0x68>
100030f0:	4643      	mov	r3, r8
100030f2:	3201      	adds	r2, #1
100030f4:	4319      	orrs	r1, r3
100030f6:	e7d3      	b.n	100030a0 <_vsnprintf+0x68>
100030f8:	465b      	mov	r3, fp
100030fa:	3201      	adds	r2, #1
100030fc:	4319      	orrs	r1, r3
100030fe:	e7cf      	b.n	100030a0 <_vsnprintf+0x68>
10003100:	4653      	mov	r3, sl
10003102:	3201      	adds	r2, #1
10003104:	4319      	orrs	r1, r3
10003106:	e7cb      	b.n	100030a0 <_vsnprintf+0x68>
10003108:	2380      	movs	r3, #128	; 0x80
1000310a:	005b      	lsls	r3, r3, #1
1000310c:	7870      	ldrb	r0, [r6, #1]
1000310e:	4319      	orrs	r1, r3
10003110:	3601      	adds	r6, #1
10003112:	0003      	movs	r3, r0
10003114:	3b25      	subs	r3, #37	; 0x25
10003116:	b2db      	uxtb	r3, r3
10003118:	2b53      	cmp	r3, #83	; 0x53
1000311a:	d8aa      	bhi.n	10003072 <_vsnprintf+0x3a>
1000311c:	4a99      	ldr	r2, [pc, #612]	; (10003384 <_vsnprintf+0x34c>)
1000311e:	009b      	lsls	r3, r3, #2
10003120:	58d3      	ldr	r3, [r2, r3]
10003122:	469f      	mov	pc, r3
10003124:	2700      	movs	r7, #0
10003126:	0003      	movs	r3, r0
10003128:	00b8      	lsls	r0, r7, #2
1000312a:	19c0      	adds	r0, r0, r7
1000312c:	3601      	adds	r6, #1
1000312e:	0040      	lsls	r0, r0, #1
10003130:	18c0      	adds	r0, r0, r3
10003132:	7833      	ldrb	r3, [r6, #0]
10003134:	3830      	subs	r0, #48	; 0x30
10003136:	001a      	movs	r2, r3
10003138:	3a30      	subs	r2, #48	; 0x30
1000313a:	0007      	movs	r7, r0
1000313c:	2a09      	cmp	r2, #9
1000313e:	d9f3      	bls.n	10003128 <_vsnprintf+0xf0>
10003140:	900a      	str	r0, [sp, #40]	; 0x28
10003142:	0018      	movs	r0, r3
10003144:	2300      	movs	r3, #0
10003146:	4698      	mov	r8, r3
10003148:	282e      	cmp	r0, #46	; 0x2e
1000314a:	d1c0      	bne.n	100030ce <_vsnprintf+0x96>
1000314c:	2380      	movs	r3, #128	; 0x80
1000314e:	7870      	ldrb	r0, [r6, #1]
10003150:	00db      	lsls	r3, r3, #3
10003152:	4319      	orrs	r1, r3
10003154:	0003      	movs	r3, r0
10003156:	3b30      	subs	r3, #48	; 0x30
10003158:	1c72      	adds	r2, r6, #1
1000315a:	2b09      	cmp	r3, #9
1000315c:	d800      	bhi.n	10003160 <_vsnprintf+0x128>
1000315e:	e1a1      	b.n	100034a4 <_vsnprintf+0x46c>
10003160:	282a      	cmp	r0, #42	; 0x2a
10003162:	d100      	bne.n	10003166 <_vsnprintf+0x12e>
10003164:	e1b2      	b.n	100034cc <_vsnprintf+0x494>
10003166:	0016      	movs	r6, r2
10003168:	e7b1      	b.n	100030ce <_vsnprintf+0x96>
1000316a:	46a3      	mov	fp, r4
1000316c:	46aa      	mov	sl, r5
1000316e:	002c      	movs	r4, r5
10003170:	45d1      	cmp	r9, sl
10003172:	d803      	bhi.n	1000317c <_vsnprintf+0x144>
10003174:	2301      	movs	r3, #1
10003176:	425b      	negs	r3, r3
10003178:	444b      	add	r3, r9
1000317a:	469a      	mov	sl, r3
1000317c:	464b      	mov	r3, r9
1000317e:	4652      	mov	r2, sl
10003180:	4659      	mov	r1, fp
10003182:	2000      	movs	r0, #0
10003184:	9d08      	ldr	r5, [sp, #32]
10003186:	47a8      	blx	r5
10003188:	0020      	movs	r0, r4
1000318a:	b01f      	add	sp, #124	; 0x7c
1000318c:	bcf0      	pop	{r4, r5, r6, r7}
1000318e:	46bb      	mov	fp, r7
10003190:	46b2      	mov	sl, r6
10003192:	46a9      	mov	r9, r5
10003194:	46a0      	mov	r8, r4
10003196:	bdf0      	pop	{r4, r5, r6, r7, pc}
10003198:	9b09      	ldr	r3, [sp, #36]	; 0x24
1000319a:	cb40      	ldmia	r3!, {r6}
1000319c:	960a      	str	r6, [sp, #40]	; 0x28
1000319e:	2e00      	cmp	r6, #0
100031a0:	db03      	blt.n	100031aa <_vsnprintf+0x172>
100031a2:	7850      	ldrb	r0, [r2, #1]
100031a4:	9309      	str	r3, [sp, #36]	; 0x24
100031a6:	1c56      	adds	r6, r2, #1
100031a8:	e78d      	b.n	100030c6 <_vsnprintf+0x8e>
100031aa:	3828      	subs	r0, #40	; 0x28
100031ac:	4301      	orrs	r1, r0
100031ae:	4270      	negs	r0, r6
100031b0:	900a      	str	r0, [sp, #40]	; 0x28
100031b2:	9309      	str	r3, [sp, #36]	; 0x24
100031b4:	7850      	ldrb	r0, [r2, #1]
100031b6:	1c56      	adds	r6, r2, #1
100031b8:	e785      	b.n	100030c6 <_vsnprintf+0x8e>
100031ba:	2878      	cmp	r0, #120	; 0x78
100031bc:	d100      	bne.n	100031c0 <_vsnprintf+0x188>
100031be:	e1df      	b.n	10003580 <_vsnprintf+0x548>
100031c0:	2858      	cmp	r0, #88	; 0x58
100031c2:	d100      	bne.n	100031c6 <_vsnprintf+0x18e>
100031c4:	e24c      	b.n	10003660 <_vsnprintf+0x628>
100031c6:	286f      	cmp	r0, #111	; 0x6f
100031c8:	d100      	bne.n	100031cc <_vsnprintf+0x194>
100031ca:	e34f      	b.n	1000386c <_vsnprintf+0x834>
100031cc:	2862      	cmp	r0, #98	; 0x62
100031ce:	d101      	bne.n	100031d4 <_vsnprintf+0x19c>
100031d0:	f000 fc30 	bl	10003a34 <_vsnprintf+0x9fc>
100031d4:	2310      	movs	r3, #16
100031d6:	000a      	movs	r2, r1
100031d8:	439a      	bics	r2, r3
100031da:	920b      	str	r2, [sp, #44]	; 0x2c
100031dc:	2869      	cmp	r0, #105	; 0x69
100031de:	d001      	beq.n	100031e4 <_vsnprintf+0x1ac>
100031e0:	f000 fca9 	bl	10003b36 <_vsnprintf+0xafe>
100031e4:	230a      	movs	r3, #10
100031e6:	930c      	str	r3, [sp, #48]	; 0x30
100031e8:	054b      	lsls	r3, r1, #21
100031ea:	d500      	bpl.n	100031ee <_vsnprintf+0x1b6>
100031ec:	e1d0      	b.n	10003590 <_vsnprintf+0x558>
100031ee:	9a0b      	ldr	r2, [sp, #44]	; 0x2c
100031f0:	2380      	movs	r3, #128	; 0x80
100031f2:	0011      	movs	r1, r2
100031f4:	009b      	lsls	r3, r3, #2
100031f6:	4019      	ands	r1, r3
100031f8:	468b      	mov	fp, r1
100031fa:	421a      	tst	r2, r3
100031fc:	d000      	beq.n	10003200 <_vsnprintf+0x1c8>
100031fe:	e2a1      	b.n	10003744 <_vsnprintf+0x70c>
10003200:	2380      	movs	r3, #128	; 0x80
10003202:	0011      	movs	r1, r2
10003204:	005b      	lsls	r3, r3, #1
10003206:	4019      	ands	r1, r3
10003208:	468a      	mov	sl, r1
1000320a:	421a      	tst	r2, r3
1000320c:	d000      	beq.n	10003210 <_vsnprintf+0x1d8>
1000320e:	e3b6      	b.n	1000397e <_vsnprintf+0x946>
10003210:	0013      	movs	r3, r2
10003212:	065b      	lsls	r3, r3, #25
10003214:	d500      	bpl.n	10003218 <_vsnprintf+0x1e0>
10003216:	e2ed      	b.n	100037f4 <_vsnprintf+0x7bc>
10003218:	0013      	movs	r3, r2
1000321a:	9909      	ldr	r1, [sp, #36]	; 0x24
1000321c:	061b      	lsls	r3, r3, #24
1000321e:	d401      	bmi.n	10003224 <_vsnprintf+0x1ec>
10003220:	f000 fc76 	bl	10003b10 <_vsnprintf+0xad8>
10003224:	c908      	ldmia	r1!, {r3}
10003226:	b21b      	sxth	r3, r3
10003228:	17d8      	asrs	r0, r3, #31
1000322a:	181a      	adds	r2, r3, r0
1000322c:	4042      	eors	r2, r0
1000322e:	b292      	uxth	r2, r2
10003230:	9109      	str	r1, [sp, #36]	; 0x24
10003232:	4693      	mov	fp, r2
10003234:	0fda      	lsrs	r2, r3, #31
10003236:	9212      	str	r2, [sp, #72]	; 0x48
10003238:	2b00      	cmp	r3, #0
1000323a:	d109      	bne.n	10003250 <_vsnprintf+0x218>
1000323c:	2380      	movs	r3, #128	; 0x80
1000323e:	2210      	movs	r2, #16
10003240:	990b      	ldr	r1, [sp, #44]	; 0x2c
10003242:	00db      	lsls	r3, r3, #3
10003244:	400b      	ands	r3, r1
10003246:	4391      	bics	r1, r2
10003248:	910b      	str	r1, [sp, #44]	; 0x2c
1000324a:	2b00      	cmp	r3, #0
1000324c:	d000      	beq.n	10003250 <_vsnprintf+0x218>
1000324e:	e2e4      	b.n	1000381a <_vsnprintf+0x7e2>
10003250:	9a0b      	ldr	r2, [sp, #44]	; 0x2c
10003252:	2361      	movs	r3, #97	; 0x61
10003254:	0692      	lsls	r2, r2, #26
10003256:	d500      	bpl.n	1000325a <_vsnprintf+0x222>
10003258:	2341      	movs	r3, #65	; 0x41
1000325a:	a90e      	add	r1, sp, #56	; 0x38
1000325c:	221f      	movs	r2, #31
1000325e:	468c      	mov	ip, r1
10003260:	b2db      	uxtb	r3, r3
10003262:	4462      	add	r2, ip
10003264:	3b0a      	subs	r3, #10
10003266:	465f      	mov	r7, fp
10003268:	9513      	str	r5, [sp, #76]	; 0x4c
1000326a:	46a3      	mov	fp, r4
1000326c:	4655      	mov	r5, sl
1000326e:	9c0c      	ldr	r4, [sp, #48]	; 0x30
10003270:	46b2      	mov	sl, r6
10003272:	930d      	str	r3, [sp, #52]	; 0x34
10003274:	0016      	movs	r6, r2
10003276:	e00a      	b.n	1000328e <_vsnprintf+0x256>
10003278:	3330      	adds	r3, #48	; 0x30
1000327a:	b2db      	uxtb	r3, r3
1000327c:	3501      	adds	r5, #1
1000327e:	5573      	strb	r3, [r6, r5]
10003280:	42a7      	cmp	r7, r4
10003282:	d200      	bcs.n	10003286 <_vsnprintf+0x24e>
10003284:	e2ed      	b.n	10003862 <_vsnprintf+0x82a>
10003286:	2d20      	cmp	r5, #32
10003288:	d100      	bne.n	1000328c <_vsnprintf+0x254>
1000328a:	e2ea      	b.n	10003862 <_vsnprintf+0x82a>
1000328c:	0007      	movs	r7, r0
1000328e:	0021      	movs	r1, r4
10003290:	0038      	movs	r0, r7
10003292:	f7fe fb01 	bl	10001898 <__wrap___aeabi_uidiv>
10003296:	b2cb      	uxtb	r3, r1
10003298:	2909      	cmp	r1, #9
1000329a:	d9ed      	bls.n	10003278 <_vsnprintf+0x240>
1000329c:	9a0d      	ldr	r2, [sp, #52]	; 0x34
1000329e:	4694      	mov	ip, r2
100032a0:	4463      	add	r3, ip
100032a2:	b2db      	uxtb	r3, r3
100032a4:	e7ea      	b.n	1000327c <_vsnprintf+0x244>
100032a6:	2380      	movs	r3, #128	; 0x80
100032a8:	009b      	lsls	r3, r3, #2
100032aa:	7870      	ldrb	r0, [r6, #1]
100032ac:	4319      	orrs	r1, r3
100032ae:	3601      	adds	r6, #1
100032b0:	e72f      	b.n	10003112 <_vsnprintf+0xda>
100032b2:	7870      	ldrb	r0, [r6, #1]
100032b4:	2868      	cmp	r0, #104	; 0x68
100032b6:	d100      	bne.n	100032ba <_vsnprintf+0x282>
100032b8:	e1cd      	b.n	10003656 <_vsnprintf+0x61e>
100032ba:	2380      	movs	r3, #128	; 0x80
100032bc:	3601      	adds	r6, #1
100032be:	4319      	orrs	r1, r3
100032c0:	e727      	b.n	10003112 <_vsnprintf+0xda>
100032c2:	7870      	ldrb	r0, [r6, #1]
100032c4:	286c      	cmp	r0, #108	; 0x6c
100032c6:	d100      	bne.n	100032ca <_vsnprintf+0x292>
100032c8:	e1bf      	b.n	1000364a <_vsnprintf+0x612>
100032ca:	2380      	movs	r3, #128	; 0x80
100032cc:	005b      	lsls	r3, r3, #1
100032ce:	4319      	orrs	r1, r3
100032d0:	3601      	adds	r6, #1
100032d2:	e71e      	b.n	10003112 <_vsnprintf+0xda>
100032d4:	2846      	cmp	r0, #70	; 0x46
100032d6:	d100      	bne.n	100032da <_vsnprintf+0x2a2>
100032d8:	e19b      	b.n	10003612 <_vsnprintf+0x5da>
100032da:	2207      	movs	r2, #7
100032dc:	9b09      	ldr	r3, [sp, #36]	; 0x24
100032de:	9104      	str	r1, [sp, #16]
100032e0:	3307      	adds	r3, #7
100032e2:	4393      	bics	r3, r2
100032e4:	9a0a      	ldr	r2, [sp, #40]	; 0x28
100032e6:	0019      	movs	r1, r3
100032e8:	9203      	str	r2, [sp, #12]
100032ea:	4642      	mov	r2, r8
100032ec:	9202      	str	r2, [sp, #8]
100032ee:	c90c      	ldmia	r1!, {r2, r3}
100032f0:	9808      	ldr	r0, [sp, #32]
100032f2:	9200      	str	r2, [sp, #0]
100032f4:	9301      	str	r3, [sp, #4]
100032f6:	9109      	str	r1, [sp, #36]	; 0x24
100032f8:	002a      	movs	r2, r5
100032fa:	464b      	mov	r3, r9
100032fc:	0021      	movs	r1, r4
100032fe:	f7ff fccf 	bl	10002ca0 <_ftoa>
10003302:	3601      	adds	r6, #1
10003304:	0005      	movs	r5, r0
10003306:	e6bc      	b.n	10003082 <_vsnprintf+0x4a>
10003308:	002a      	movs	r2, r5
1000330a:	1c6f      	adds	r7, r5, #1
1000330c:	464b      	mov	r3, r9
1000330e:	9d08      	ldr	r5, [sp, #32]
10003310:	0021      	movs	r1, r4
10003312:	2025      	movs	r0, #37	; 0x25
10003314:	47a8      	blx	r5
10003316:	3601      	adds	r6, #1
10003318:	003d      	movs	r5, r7
1000331a:	e6b2      	b.n	10003082 <_vsnprintf+0x4a>
1000331c:	078b      	lsls	r3, r1, #30
1000331e:	d400      	bmi.n	10003322 <_vsnprintf+0x2ea>
10003320:	e1ad      	b.n	1000367e <_vsnprintf+0x646>
10003322:	9b09      	ldr	r3, [sp, #36]	; 0x24
10003324:	002a      	movs	r2, r5
10003326:	469a      	mov	sl, r3
10003328:	1c6b      	adds	r3, r5, #1
1000332a:	4698      	mov	r8, r3
1000332c:	4653      	mov	r3, sl
1000332e:	cb01      	ldmia	r3!, {r0}
10003330:	0021      	movs	r1, r4
10003332:	469a      	mov	sl, r3
10003334:	9f08      	ldr	r7, [sp, #32]
10003336:	464b      	mov	r3, r9
10003338:	b2c0      	uxtb	r0, r0
1000333a:	47b8      	blx	r7
1000333c:	9b0a      	ldr	r3, [sp, #40]	; 0x28
1000333e:	469c      	mov	ip, r3
10003340:	4465      	add	r5, ip
10003342:	2b01      	cmp	r3, #1
10003344:	d800      	bhi.n	10003348 <_vsnprintf+0x310>
10003346:	e286      	b.n	10003856 <_vsnprintf+0x81e>
10003348:	9b08      	ldr	r3, [sp, #32]
1000334a:	4647      	mov	r7, r8
1000334c:	46b0      	mov	r8, r6
1000334e:	0026      	movs	r6, r4
10003350:	464c      	mov	r4, r9
10003352:	4699      	mov	r9, r3
10003354:	003a      	movs	r2, r7
10003356:	0023      	movs	r3, r4
10003358:	3701      	adds	r7, #1
1000335a:	0031      	movs	r1, r6
1000335c:	2020      	movs	r0, #32
1000335e:	47c8      	blx	r9
10003360:	42af      	cmp	r7, r5
10003362:	d1f7      	bne.n	10003354 <_vsnprintf+0x31c>
10003364:	46a1      	mov	r9, r4
10003366:	4653      	mov	r3, sl
10003368:	0034      	movs	r4, r6
1000336a:	4646      	mov	r6, r8
1000336c:	9309      	str	r3, [sp, #36]	; 0x24
1000336e:	3601      	adds	r6, #1
10003370:	e687      	b.n	10003082 <_vsnprintf+0x4a>
10003372:	46c0      	nop			; (mov r8, r8)
10003374:	10003039 	.word	0x10003039
10003378:	20001f38 	.word	0x20001f38
1000337c:	10006a98 	.word	0x10006a98
10003380:	10006adc 	.word	0x10006adc
10003384:	10006b28 	.word	0x10006b28
10003388:	9b09      	ldr	r3, [sp, #36]	; 0x24
1000338a:	cb04      	ldmia	r3!, {r2}
1000338c:	469b      	mov	fp, r3
1000338e:	4643      	mov	r3, r8
10003390:	9209      	str	r2, [sp, #36]	; 0x24
10003392:	2b00      	cmp	r3, #0
10003394:	d100      	bne.n	10003398 <_vsnprintf+0x360>
10003396:	e0c6      	b.n	10003526 <_vsnprintf+0x4ee>
10003398:	7813      	ldrb	r3, [r2, #0]
1000339a:	469c      	mov	ip, r3
1000339c:	2b00      	cmp	r3, #0
1000339e:	d100      	bne.n	100033a2 <_vsnprintf+0x36a>
100033a0:	e3bd      	b.n	10003b1e <_vsnprintf+0xae6>
100033a2:	4643      	mov	r3, r8
100033a4:	3b01      	subs	r3, #1
100033a6:	9a09      	ldr	r2, [sp, #36]	; 0x24
100033a8:	3301      	adds	r3, #1
100033aa:	18d0      	adds	r0, r2, r3
100033ac:	9f0a      	ldr	r7, [sp, #40]	; 0x28
100033ae:	0013      	movs	r3, r2
100033b0:	e001      	b.n	100033b6 <_vsnprintf+0x37e>
100033b2:	4283      	cmp	r3, r0
100033b4:	d003      	beq.n	100033be <_vsnprintf+0x386>
100033b6:	785a      	ldrb	r2, [r3, #1]
100033b8:	3301      	adds	r3, #1
100033ba:	2a00      	cmp	r2, #0
100033bc:	d1f9      	bne.n	100033b2 <_vsnprintf+0x37a>
100033be:	9a09      	ldr	r2, [sp, #36]	; 0x24
100033c0:	970a      	str	r7, [sp, #40]	; 0x28
100033c2:	1a9b      	subs	r3, r3, r2
100033c4:	930b      	str	r3, [sp, #44]	; 0x2c
100033c6:	2380      	movs	r3, #128	; 0x80
100033c8:	000a      	movs	r2, r1
100033ca:	00db      	lsls	r3, r3, #3
100033cc:	401a      	ands	r2, r3
100033ce:	920c      	str	r2, [sp, #48]	; 0x30
100033d0:	4219      	tst	r1, r3
100033d2:	d004      	beq.n	100033de <_vsnprintf+0x3a6>
100033d4:	9b0b      	ldr	r3, [sp, #44]	; 0x2c
100033d6:	4543      	cmp	r3, r8
100033d8:	d901      	bls.n	100033de <_vsnprintf+0x3a6>
100033da:	4643      	mov	r3, r8
100033dc:	930b      	str	r3, [sp, #44]	; 0x2c
100033de:	2302      	movs	r3, #2
100033e0:	001a      	movs	r2, r3
100033e2:	400a      	ands	r2, r1
100033e4:	920d      	str	r2, [sp, #52]	; 0x34
100033e6:	420b      	tst	r3, r1
100033e8:	d100      	bne.n	100033ec <_vsnprintf+0x3b4>
100033ea:	e187      	b.n	100036fc <_vsnprintf+0x6c4>
100033ec:	4660      	mov	r0, ip
100033ee:	2800      	cmp	r0, #0
100033f0:	d100      	bne.n	100033f4 <_vsnprintf+0x3bc>
100033f2:	e168      	b.n	100036c6 <_vsnprintf+0x68e>
100033f4:	9b0c      	ldr	r3, [sp, #48]	; 0x30
100033f6:	2b00      	cmp	r3, #0
100033f8:	d100      	bne.n	100033fc <_vsnprintf+0x3c4>
100033fa:	e10d      	b.n	10003618 <_vsnprintf+0x5e0>
100033fc:	44a8      	add	r8, r5
100033fe:	46c2      	mov	sl, r8
10003400:	9b09      	ldr	r3, [sp, #36]	; 0x24
10003402:	4657      	mov	r7, sl
10003404:	1b5b      	subs	r3, r3, r5
10003406:	4698      	mov	r8, r3
10003408:	9b08      	ldr	r3, [sp, #32]
1000340a:	46b2      	mov	sl, r6
1000340c:	002a      	movs	r2, r5
1000340e:	0026      	movs	r6, r4
10003410:	464c      	mov	r4, r9
10003412:	4699      	mov	r9, r3
10003414:	e009      	b.n	1000342a <_vsnprintf+0x3f2>
10003416:	0023      	movs	r3, r4
10003418:	0031      	movs	r1, r6
1000341a:	1c55      	adds	r5, r2, #1
1000341c:	47c8      	blx	r9
1000341e:	4643      	mov	r3, r8
10003420:	5d58      	ldrb	r0, [r3, r5]
10003422:	2800      	cmp	r0, #0
10003424:	d100      	bne.n	10003428 <_vsnprintf+0x3f0>
10003426:	e126      	b.n	10003676 <_vsnprintf+0x63e>
10003428:	002a      	movs	r2, r5
1000342a:	4297      	cmp	r7, r2
1000342c:	d1f3      	bne.n	10003416 <_vsnprintf+0x3de>
1000342e:	46a1      	mov	r9, r4
10003430:	003d      	movs	r5, r7
10003432:	0034      	movs	r4, r6
10003434:	4656      	mov	r6, sl
10003436:	9b0d      	ldr	r3, [sp, #52]	; 0x34
10003438:	2b00      	cmp	r3, #0
1000343a:	d000      	beq.n	1000343e <_vsnprintf+0x406>
1000343c:	e143      	b.n	100036c6 <_vsnprintf+0x68e>
1000343e:	465b      	mov	r3, fp
10003440:	3601      	adds	r6, #1
10003442:	9309      	str	r3, [sp, #36]	; 0x24
10003444:	e61d      	b.n	10003082 <_vsnprintf+0x4a>
10003446:	9b09      	ldr	r3, [sp, #36]	; 0x24
10003448:	001a      	movs	r2, r3
1000344a:	ca08      	ldmia	r2!, {r3}
1000344c:	4692      	mov	sl, r2
1000344e:	2b00      	cmp	r3, #0
10003450:	d048      	beq.n	100034e4 <_vsnprintf+0x4ac>
10003452:	2221      	movs	r2, #33	; 0x21
10003454:	4311      	orrs	r1, r2
10003456:	468b      	mov	fp, r1
10003458:	a80e      	add	r0, sp, #56	; 0x38
1000345a:	4684      	mov	ip, r0
1000345c:	211f      	movs	r1, #31
1000345e:	4461      	add	r1, ip
10003460:	9509      	str	r5, [sp, #36]	; 0x24
10003462:	2200      	movs	r2, #0
10003464:	270f      	movs	r7, #15
10003466:	46a4      	mov	ip, r4
10003468:	000d      	movs	r5, r1
1000346a:	e002      	b.n	10003472 <_vsnprintf+0x43a>
1000346c:	2a20      	cmp	r2, #32
1000346e:	d00c      	beq.n	1000348a <_vsnprintf+0x452>
10003470:	000b      	movs	r3, r1
10003472:	003c      	movs	r4, r7
10003474:	401c      	ands	r4, r3
10003476:	0020      	movs	r0, r4
10003478:	3037      	adds	r0, #55	; 0x37
1000347a:	2c09      	cmp	r4, #9
1000347c:	d800      	bhi.n	10003480 <_vsnprintf+0x448>
1000347e:	3807      	subs	r0, #7
10003480:	3201      	adds	r2, #1
10003482:	54a8      	strb	r0, [r5, r2]
10003484:	0919      	lsrs	r1, r3, #4
10003486:	2b0f      	cmp	r3, #15
10003488:	d8f0      	bhi.n	1000346c <_vsnprintf+0x434>
1000348a:	4664      	mov	r4, ip
1000348c:	9d09      	ldr	r5, [sp, #36]	; 0x24
1000348e:	e032      	b.n	100034f6 <_vsnprintf+0x4be>
10003490:	4bdc      	ldr	r3, [pc, #880]	; (10003804 <_vsnprintf+0x7cc>)
10003492:	7820      	ldrb	r0, [r4, #0]
10003494:	9308      	str	r3, [sp, #32]
10003496:	2300      	movs	r3, #0
10003498:	469a      	mov	sl, r3
1000349a:	2800      	cmp	r0, #0
1000349c:	d000      	beq.n	100034a0 <_vsnprintf+0x468>
1000349e:	e5e4      	b.n	1000306a <_vsnprintf+0x32>
100034a0:	2400      	movs	r4, #0
100034a2:	e665      	b.n	10003170 <_vsnprintf+0x138>
100034a4:	4643      	mov	r3, r8
100034a6:	0006      	movs	r6, r0
100034a8:	9f0a      	ldr	r7, [sp, #40]	; 0x28
100034aa:	0098      	lsls	r0, r3, #2
100034ac:	18c0      	adds	r0, r0, r3
100034ae:	3201      	adds	r2, #1
100034b0:	0040      	lsls	r0, r0, #1
100034b2:	1980      	adds	r0, r0, r6
100034b4:	7816      	ldrb	r6, [r2, #0]
100034b6:	0003      	movs	r3, r0
100034b8:	0030      	movs	r0, r6
100034ba:	3830      	subs	r0, #48	; 0x30
100034bc:	3b30      	subs	r3, #48	; 0x30
100034be:	2809      	cmp	r0, #9
100034c0:	d9f3      	bls.n	100034aa <_vsnprintf+0x472>
100034c2:	0030      	movs	r0, r6
100034c4:	4698      	mov	r8, r3
100034c6:	0016      	movs	r6, r2
100034c8:	970a      	str	r7, [sp, #40]	; 0x28
100034ca:	e600      	b.n	100030ce <_vsnprintf+0x96>
100034cc:	9b09      	ldr	r3, [sp, #36]	; 0x24
100034ce:	3602      	adds	r6, #2
100034d0:	cb04      	ldmia	r3!, {r2}
100034d2:	4690      	mov	r8, r2
100034d4:	43d2      	mvns	r2, r2
100034d6:	4640      	mov	r0, r8
100034d8:	17d2      	asrs	r2, r2, #31
100034da:	4010      	ands	r0, r2
100034dc:	4680      	mov	r8, r0
100034de:	9309      	str	r3, [sp, #36]	; 0x24
100034e0:	7830      	ldrb	r0, [r6, #0]
100034e2:	e5f4      	b.n	100030ce <_vsnprintf+0x96>
100034e4:	2210      	movs	r2, #16
100034e6:	0008      	movs	r0, r1
100034e8:	4390      	bics	r0, r2
100034ea:	3211      	adds	r2, #17
100034ec:	4310      	orrs	r0, r2
100034ee:	4683      	mov	fp, r0
100034f0:	2200      	movs	r2, #0
100034f2:	0549      	lsls	r1, r1, #21
100034f4:	d5b0      	bpl.n	10003458 <_vsnprintf+0x420>
100034f6:	465b      	mov	r3, fp
100034f8:	9306      	str	r3, [sp, #24]
100034fa:	2308      	movs	r3, #8
100034fc:	9305      	str	r3, [sp, #20]
100034fe:	4643      	mov	r3, r8
10003500:	9304      	str	r3, [sp, #16]
10003502:	2310      	movs	r3, #16
10003504:	9303      	str	r3, [sp, #12]
10003506:	2300      	movs	r3, #0
10003508:	9302      	str	r3, [sp, #8]
1000350a:	ab16      	add	r3, sp, #88	; 0x58
1000350c:	9201      	str	r2, [sp, #4]
1000350e:	9300      	str	r3, [sp, #0]
10003510:	002a      	movs	r2, r5
10003512:	464b      	mov	r3, r9
10003514:	0021      	movs	r1, r4
10003516:	9808      	ldr	r0, [sp, #32]
10003518:	f7ff f8a6 	bl	10002668 <_ntoa_format>
1000351c:	4653      	mov	r3, sl
1000351e:	0005      	movs	r5, r0
10003520:	3601      	adds	r6, #1
10003522:	9309      	str	r3, [sp, #36]	; 0x24
10003524:	e5ad      	b.n	10003082 <_vsnprintf+0x4a>
10003526:	7813      	ldrb	r3, [r2, #0]
10003528:	469c      	mov	ip, r3
1000352a:	2b00      	cmp	r3, #0
1000352c:	d100      	bne.n	10003530 <_vsnprintf+0x4f8>
1000352e:	e2f7      	b.n	10003b20 <_vsnprintf+0xae8>
10003530:	2302      	movs	r3, #2
10003532:	425b      	negs	r3, r3
10003534:	e737      	b.n	100033a6 <_vsnprintf+0x36e>
10003536:	2320      	movs	r3, #32
10003538:	0002      	movs	r2, r0
1000353a:	439a      	bics	r2, r3
1000353c:	2a47      	cmp	r2, #71	; 0x47
1000353e:	d104      	bne.n	1000354a <_vsnprintf+0x512>
10003540:	2380      	movs	r3, #128	; 0x80
10003542:	011b      	lsls	r3, r3, #4
10003544:	4319      	orrs	r1, r3
10003546:	2302      	movs	r3, #2
10003548:	4398      	bics	r0, r3
1000354a:	2845      	cmp	r0, #69	; 0x45
1000354c:	d101      	bne.n	10003552 <_vsnprintf+0x51a>
1000354e:	2320      	movs	r3, #32
10003550:	4319      	orrs	r1, r3
10003552:	2207      	movs	r2, #7
10003554:	9b09      	ldr	r3, [sp, #36]	; 0x24
10003556:	9104      	str	r1, [sp, #16]
10003558:	3307      	adds	r3, #7
1000355a:	4393      	bics	r3, r2
1000355c:	9a0a      	ldr	r2, [sp, #40]	; 0x28
1000355e:	0019      	movs	r1, r3
10003560:	9203      	str	r2, [sp, #12]
10003562:	4642      	mov	r2, r8
10003564:	9202      	str	r2, [sp, #8]
10003566:	c90c      	ldmia	r1!, {r2, r3}
10003568:	9808      	ldr	r0, [sp, #32]
1000356a:	9200      	str	r2, [sp, #0]
1000356c:	9301      	str	r3, [sp, #4]
1000356e:	9109      	str	r1, [sp, #36]	; 0x24
10003570:	002a      	movs	r2, r5
10003572:	464b      	mov	r3, r9
10003574:	0021      	movs	r1, r4
10003576:	f7ff f96d 	bl	10002854 <_etoa>
1000357a:	3601      	adds	r6, #1
1000357c:	0005      	movs	r5, r0
1000357e:	e580      	b.n	10003082 <_vsnprintf+0x4a>
10003580:	2310      	movs	r3, #16
10003582:	930c      	str	r3, [sp, #48]	; 0x30
10003584:	230c      	movs	r3, #12
10003586:	000a      	movs	r2, r1
10003588:	439a      	bics	r2, r3
1000358a:	920b      	str	r2, [sp, #44]	; 0x2c
1000358c:	054b      	lsls	r3, r1, #21
1000358e:	d503      	bpl.n	10003598 <_vsnprintf+0x560>
10003590:	2301      	movs	r3, #1
10003592:	9a0b      	ldr	r2, [sp, #44]	; 0x2c
10003594:	439a      	bics	r2, r3
10003596:	920b      	str	r2, [sp, #44]	; 0x2c
10003598:	2869      	cmp	r0, #105	; 0x69
1000359a:	d100      	bne.n	1000359e <_vsnprintf+0x566>
1000359c:	e627      	b.n	100031ee <_vsnprintf+0x1b6>
1000359e:	2864      	cmp	r0, #100	; 0x64
100035a0:	d100      	bne.n	100035a4 <_vsnprintf+0x56c>
100035a2:	e624      	b.n	100031ee <_vsnprintf+0x1b6>
100035a4:	9a0b      	ldr	r2, [sp, #44]	; 0x2c
100035a6:	2380      	movs	r3, #128	; 0x80
100035a8:	0011      	movs	r1, r2
100035aa:	009b      	lsls	r3, r3, #2
100035ac:	4019      	ands	r1, r3
100035ae:	468b      	mov	fp, r1
100035b0:	421a      	tst	r2, r3
100035b2:	d000      	beq.n	100035b6 <_vsnprintf+0x57e>
100035b4:	e166      	b.n	10003884 <_vsnprintf+0x84c>
100035b6:	2380      	movs	r3, #128	; 0x80
100035b8:	0011      	movs	r1, r2
100035ba:	005b      	lsls	r3, r3, #1
100035bc:	4019      	ands	r1, r3
100035be:	468a      	mov	sl, r1
100035c0:	421a      	tst	r2, r3
100035c2:	d000      	beq.n	100035c6 <_vsnprintf+0x58e>
100035c4:	e239      	b.n	10003a3a <_vsnprintf+0xa02>
100035c6:	0013      	movs	r3, r2
100035c8:	065b      	lsls	r3, r3, #25
100035ca:	d500      	bpl.n	100035ce <_vsnprintf+0x596>
100035cc:	e13c      	b.n	10003848 <_vsnprintf+0x810>
100035ce:	0013      	movs	r3, r2
100035d0:	061b      	lsls	r3, r3, #24
100035d2:	d400      	bmi.n	100035d6 <_vsnprintf+0x59e>
100035d4:	e2a6      	b.n	10003b24 <_vsnprintf+0xaec>
100035d6:	9b09      	ldr	r3, [sp, #36]	; 0x24
100035d8:	cb04      	ldmia	r3!, {r2}
100035da:	0412      	lsls	r2, r2, #16
100035dc:	0c12      	lsrs	r2, r2, #16
100035de:	4693      	mov	fp, r2
100035e0:	9309      	str	r3, [sp, #36]	; 0x24
100035e2:	465b      	mov	r3, fp
100035e4:	2b00      	cmp	r3, #0
100035e6:	d000      	beq.n	100035ea <_vsnprintf+0x5b2>
100035e8:	e19a      	b.n	10003920 <_vsnprintf+0x8e8>
100035ea:	9a0b      	ldr	r2, [sp, #44]	; 0x2c
100035ec:	3310      	adds	r3, #16
100035ee:	0011      	movs	r1, r2
100035f0:	4399      	bics	r1, r3
100035f2:	910b      	str	r1, [sp, #44]	; 0x2c
100035f4:	0552      	lsls	r2, r2, #21
100035f6:	d400      	bmi.n	100035fa <_vsnprintf+0x5c2>
100035f8:	e192      	b.n	10003920 <_vsnprintf+0x8e8>
100035fa:	2300      	movs	r3, #0
100035fc:	469a      	mov	sl, r3
100035fe:	9b0b      	ldr	r3, [sp, #44]	; 0x2c
10003600:	9306      	str	r3, [sp, #24]
10003602:	9b0a      	ldr	r3, [sp, #40]	; 0x28
10003604:	9305      	str	r3, [sp, #20]
10003606:	4643      	mov	r3, r8
10003608:	9304      	str	r3, [sp, #16]
1000360a:	9b0c      	ldr	r3, [sp, #48]	; 0x30
1000360c:	9303      	str	r3, [sp, #12]
1000360e:	2300      	movs	r3, #0
10003610:	e10c      	b.n	1000382c <_vsnprintf+0x7f4>
10003612:	2320      	movs	r3, #32
10003614:	4319      	orrs	r1, r3
10003616:	e660      	b.n	100032da <_vsnprintf+0x2a2>
10003618:	9b09      	ldr	r3, [sp, #36]	; 0x24
1000361a:	9a0a      	ldr	r2, [sp, #40]	; 0x28
1000361c:	1b5b      	subs	r3, r3, r5
1000361e:	4698      	mov	r8, r3
10003620:	464b      	mov	r3, r9
10003622:	4691      	mov	r9, r2
10003624:	001f      	movs	r7, r3
10003626:	46b2      	mov	sl, r6
10003628:	0026      	movs	r6, r4
1000362a:	9c08      	ldr	r4, [sp, #32]
1000362c:	002a      	movs	r2, r5
1000362e:	003b      	movs	r3, r7
10003630:	0031      	movs	r1, r6
10003632:	47a0      	blx	r4
10003634:	4643      	mov	r3, r8
10003636:	3501      	adds	r5, #1
10003638:	5d58      	ldrb	r0, [r3, r5]
1000363a:	2800      	cmp	r0, #0
1000363c:	d1f6      	bne.n	1000362c <_vsnprintf+0x5f4>
1000363e:	464a      	mov	r2, r9
10003640:	0034      	movs	r4, r6
10003642:	46b9      	mov	r9, r7
10003644:	4656      	mov	r6, sl
10003646:	920a      	str	r2, [sp, #40]	; 0x28
10003648:	e6f5      	b.n	10003436 <_vsnprintf+0x3fe>
1000364a:	23c0      	movs	r3, #192	; 0xc0
1000364c:	009b      	lsls	r3, r3, #2
1000364e:	78b0      	ldrb	r0, [r6, #2]
10003650:	4319      	orrs	r1, r3
10003652:	3602      	adds	r6, #2
10003654:	e55d      	b.n	10003112 <_vsnprintf+0xda>
10003656:	23c0      	movs	r3, #192	; 0xc0
10003658:	78b0      	ldrb	r0, [r6, #2]
1000365a:	4319      	orrs	r1, r3
1000365c:	3602      	adds	r6, #2
1000365e:	e558      	b.n	10003112 <_vsnprintf+0xda>
10003660:	230c      	movs	r3, #12
10003662:	000a      	movs	r2, r1
10003664:	439a      	bics	r2, r3
10003666:	3314      	adds	r3, #20
10003668:	431a      	orrs	r2, r3
1000366a:	3b10      	subs	r3, #16
1000366c:	920b      	str	r2, [sp, #44]	; 0x2c
1000366e:	930c      	str	r3, [sp, #48]	; 0x30
10003670:	054b      	lsls	r3, r1, #21
10003672:	d48d      	bmi.n	10003590 <_vsnprintf+0x558>
10003674:	e796      	b.n	100035a4 <_vsnprintf+0x56c>
10003676:	46a1      	mov	r9, r4
10003678:	0034      	movs	r4, r6
1000367a:	4656      	mov	r6, sl
1000367c:	e6db      	b.n	10003436 <_vsnprintf+0x3fe>
1000367e:	9a0a      	ldr	r2, [sp, #40]	; 0x28
10003680:	2a01      	cmp	r2, #1
10003682:	d800      	bhi.n	10003686 <_vsnprintf+0x64e>
10003684:	e253      	b.n	10003b2e <_vsnprintf+0xaf6>
10003686:	1e6b      	subs	r3, r5, #1
10003688:	189f      	adds	r7, r3, r2
1000368a:	9b08      	ldr	r3, [sp, #32]
1000368c:	46b0      	mov	r8, r6
1000368e:	0026      	movs	r6, r4
10003690:	464c      	mov	r4, r9
10003692:	4699      	mov	r9, r3
10003694:	002a      	movs	r2, r5
10003696:	0023      	movs	r3, r4
10003698:	3501      	adds	r5, #1
1000369a:	0031      	movs	r1, r6
1000369c:	2020      	movs	r0, #32
1000369e:	47c8      	blx	r9
100036a0:	42bd      	cmp	r5, r7
100036a2:	d1f7      	bne.n	10003694 <_vsnprintf+0x65c>
100036a4:	46a1      	mov	r9, r4
100036a6:	0034      	movs	r4, r6
100036a8:	4646      	mov	r6, r8
100036aa:	9b09      	ldr	r3, [sp, #36]	; 0x24
100036ac:	003a      	movs	r2, r7
100036ae:	cb01      	ldmia	r3!, {r0}
100036b0:	0021      	movs	r1, r4
100036b2:	4698      	mov	r8, r3
100036b4:	1c7d      	adds	r5, r7, #1
100036b6:	464b      	mov	r3, r9
100036b8:	9f08      	ldr	r7, [sp, #32]
100036ba:	b2c0      	uxtb	r0, r0
100036bc:	47b8      	blx	r7
100036be:	4643      	mov	r3, r8
100036c0:	3601      	adds	r6, #1
100036c2:	9309      	str	r3, [sp, #36]	; 0x24
100036c4:	e4dd      	b.n	10003082 <_vsnprintf+0x4a>
100036c6:	9b0b      	ldr	r3, [sp, #44]	; 0x2c
100036c8:	9a0a      	ldr	r2, [sp, #40]	; 0x28
100036ca:	46a8      	mov	r8, r5
100036cc:	429a      	cmp	r2, r3
100036ce:	d800      	bhi.n	100036d2 <_vsnprintf+0x69a>
100036d0:	e6b5      	b.n	1000343e <_vsnprintf+0x406>
100036d2:	4694      	mov	ip, r2
100036d4:	4465      	add	r5, ip
100036d6:	1aed      	subs	r5, r5, r3
100036d8:	9b08      	ldr	r3, [sp, #32]
100036da:	4647      	mov	r7, r8
100036dc:	46b0      	mov	r8, r6
100036de:	0026      	movs	r6, r4
100036e0:	464c      	mov	r4, r9
100036e2:	4699      	mov	r9, r3
100036e4:	003a      	movs	r2, r7
100036e6:	0023      	movs	r3, r4
100036e8:	3701      	adds	r7, #1
100036ea:	0031      	movs	r1, r6
100036ec:	2020      	movs	r0, #32
100036ee:	47c8      	blx	r9
100036f0:	42af      	cmp	r7, r5
100036f2:	d1f7      	bne.n	100036e4 <_vsnprintf+0x6ac>
100036f4:	46a1      	mov	r9, r4
100036f6:	0034      	movs	r4, r6
100036f8:	4646      	mov	r6, r8
100036fa:	e6a0      	b.n	1000343e <_vsnprintf+0x406>
100036fc:	9a0b      	ldr	r2, [sp, #44]	; 0x2c
100036fe:	990a      	ldr	r1, [sp, #40]	; 0x28
10003700:	1c53      	adds	r3, r2, #1
10003702:	4291      	cmp	r1, r2
10003704:	d800      	bhi.n	10003708 <_vsnprintf+0x6d0>
10003706:	e214      	b.n	10003b32 <_vsnprintf+0xafa>
10003708:	194b      	adds	r3, r1, r5
1000370a:	1a9b      	subs	r3, r3, r2
1000370c:	001f      	movs	r7, r3
1000370e:	9b08      	ldr	r3, [sp, #32]
10003710:	46b2      	mov	sl, r6
10003712:	0026      	movs	r6, r4
10003714:	464c      	mov	r4, r9
10003716:	4699      	mov	r9, r3
10003718:	002a      	movs	r2, r5
1000371a:	0023      	movs	r3, r4
1000371c:	3501      	adds	r5, #1
1000371e:	0031      	movs	r1, r6
10003720:	2020      	movs	r0, #32
10003722:	47c8      	blx	r9
10003724:	42bd      	cmp	r5, r7
10003726:	d1f7      	bne.n	10003718 <_vsnprintf+0x6e0>
10003728:	9b0a      	ldr	r3, [sp, #40]	; 0x28
1000372a:	46a1      	mov	r9, r4
1000372c:	3301      	adds	r3, #1
1000372e:	930b      	str	r3, [sp, #44]	; 0x2c
10003730:	9b09      	ldr	r3, [sp, #36]	; 0x24
10003732:	0034      	movs	r4, r6
10003734:	781b      	ldrb	r3, [r3, #0]
10003736:	4656      	mov	r6, sl
10003738:	469c      	mov	ip, r3
1000373a:	4660      	mov	r0, ip
1000373c:	2800      	cmp	r0, #0
1000373e:	d000      	beq.n	10003742 <_vsnprintf+0x70a>
10003740:	e658      	b.n	100033f4 <_vsnprintf+0x3bc>
10003742:	e67c      	b.n	1000343e <_vsnprintf+0x406>
10003744:	2207      	movs	r2, #7
10003746:	9b09      	ldr	r3, [sp, #36]	; 0x24
10003748:	3307      	adds	r3, #7
1000374a:	4393      	bics	r3, r2
1000374c:	3201      	adds	r2, #1
1000374e:	4694      	mov	ip, r2
10003750:	449c      	add	ip, r3
10003752:	4662      	mov	r2, ip
10003754:	685f      	ldr	r7, [r3, #4]
10003756:	9209      	str	r2, [sp, #36]	; 0x24
10003758:	681a      	ldr	r2, [r3, #0]
1000375a:	17fb      	asrs	r3, r7, #31
1000375c:	9310      	str	r3, [sp, #64]	; 0x40
1000375e:	9311      	str	r3, [sp, #68]	; 0x44
10003760:	9810      	ldr	r0, [sp, #64]	; 0x40
10003762:	9911      	ldr	r1, [sp, #68]	; 0x44
10003764:	0003      	movs	r3, r0
10003766:	4053      	eors	r3, r2
10003768:	930e      	str	r3, [sp, #56]	; 0x38
1000376a:	000b      	movs	r3, r1
1000376c:	407b      	eors	r3, r7
1000376e:	930f      	str	r3, [sp, #60]	; 0x3c
10003770:	4694      	mov	ip, r2
10003772:	9a0e      	ldr	r2, [sp, #56]	; 0x38
10003774:	9b0f      	ldr	r3, [sp, #60]	; 0x3c
10003776:	1a12      	subs	r2, r2, r0
10003778:	418b      	sbcs	r3, r1
1000377a:	920e      	str	r2, [sp, #56]	; 0x38
1000377c:	930f      	str	r3, [sp, #60]	; 0x3c
1000377e:	0ffb      	lsrs	r3, r7, #31
10003780:	4662      	mov	r2, ip
10003782:	9312      	str	r3, [sp, #72]	; 0x48
10003784:	2300      	movs	r3, #0
10003786:	433a      	orrs	r2, r7
10003788:	469b      	mov	fp, r3
1000378a:	d03d      	beq.n	10003808 <_vsnprintf+0x7d0>
1000378c:	9a0b      	ldr	r2, [sp, #44]	; 0x2c
1000378e:	2361      	movs	r3, #97	; 0x61
10003790:	0692      	lsls	r2, r2, #26
10003792:	d500      	bpl.n	10003796 <_vsnprintf+0x75e>
10003794:	2341      	movs	r3, #65	; 0x41
10003796:	2200      	movs	r2, #0
10003798:	b2db      	uxtb	r3, r3
1000379a:	a90e      	add	r1, sp, #56	; 0x38
1000379c:	3b0a      	subs	r3, #10
1000379e:	468c      	mov	ip, r1
100037a0:	4692      	mov	sl, r2
100037a2:	930d      	str	r3, [sp, #52]	; 0x34
100037a4:	4643      	mov	r3, r8
100037a6:	321f      	adds	r2, #31
100037a8:	4462      	add	r2, ip
100037aa:	9513      	str	r5, [sp, #76]	; 0x4c
100037ac:	9615      	str	r6, [sp, #84]	; 0x54
100037ae:	4655      	mov	r5, sl
100037b0:	9e0e      	ldr	r6, [sp, #56]	; 0x38
100037b2:	9f0f      	ldr	r7, [sp, #60]	; 0x3c
100037b4:	46a2      	mov	sl, r4
100037b6:	4690      	mov	r8, r2
100037b8:	9c0c      	ldr	r4, [sp, #48]	; 0x30
100037ba:	9314      	str	r3, [sp, #80]	; 0x50
100037bc:	e00c      	b.n	100037d8 <_vsnprintf+0x7a0>
100037be:	3230      	adds	r2, #48	; 0x30
100037c0:	b2d2      	uxtb	r2, r2
100037c2:	4643      	mov	r3, r8
100037c4:	3501      	adds	r5, #1
100037c6:	555a      	strb	r2, [r3, r5]
100037c8:	45bb      	cmp	fp, r7
100037ca:	d100      	bne.n	100037ce <_vsnprintf+0x796>
100037cc:	e18a      	b.n	10003ae4 <_vsnprintf+0xaac>
100037ce:	2d20      	cmp	r5, #32
100037d0:	d100      	bne.n	100037d4 <_vsnprintf+0x79c>
100037d2:	e18a      	b.n	10003aea <_vsnprintf+0xab2>
100037d4:	0006      	movs	r6, r0
100037d6:	000f      	movs	r7, r1
100037d8:	0022      	movs	r2, r4
100037da:	2300      	movs	r3, #0
100037dc:	0030      	movs	r0, r6
100037de:	0039      	movs	r1, r7
100037e0:	f7fe f898 	bl	10001914 <__wrap___aeabi_uldivmod>
100037e4:	b2d2      	uxtb	r2, r2
100037e6:	2a09      	cmp	r2, #9
100037e8:	d9e9      	bls.n	100037be <_vsnprintf+0x786>
100037ea:	9b0d      	ldr	r3, [sp, #52]	; 0x34
100037ec:	469c      	mov	ip, r3
100037ee:	4462      	add	r2, ip
100037f0:	b2d2      	uxtb	r2, r2
100037f2:	e7e6      	b.n	100037c2 <_vsnprintf+0x78a>
100037f4:	23ff      	movs	r3, #255	; 0xff
100037f6:	9909      	ldr	r1, [sp, #36]	; 0x24
100037f8:	c904      	ldmia	r1!, {r2}
100037fa:	4013      	ands	r3, r2
100037fc:	001a      	movs	r2, r3
100037fe:	9109      	str	r1, [sp, #36]	; 0x24
10003800:	e517      	b.n	10003232 <_vsnprintf+0x1fa>
10003802:	46c0      	nop			; (mov r8, r8)
10003804:	100025c9 	.word	0x100025c9
10003808:	9a0b      	ldr	r2, [sp, #44]	; 0x2c
1000380a:	3310      	adds	r3, #16
1000380c:	0011      	movs	r1, r2
1000380e:	4399      	bics	r1, r3
10003810:	910b      	str	r1, [sp, #44]	; 0x2c
10003812:	0552      	lsls	r2, r2, #21
10003814:	d5ba      	bpl.n	1000378c <_vsnprintf+0x754>
10003816:	2300      	movs	r3, #0
10003818:	469a      	mov	sl, r3
1000381a:	9b0b      	ldr	r3, [sp, #44]	; 0x2c
1000381c:	9306      	str	r3, [sp, #24]
1000381e:	9b0a      	ldr	r3, [sp, #40]	; 0x28
10003820:	9305      	str	r3, [sp, #20]
10003822:	4643      	mov	r3, r8
10003824:	9304      	str	r3, [sp, #16]
10003826:	9b0c      	ldr	r3, [sp, #48]	; 0x30
10003828:	9303      	str	r3, [sp, #12]
1000382a:	9b12      	ldr	r3, [sp, #72]	; 0x48
1000382c:	9302      	str	r3, [sp, #8]
1000382e:	4653      	mov	r3, sl
10003830:	9301      	str	r3, [sp, #4]
10003832:	ab16      	add	r3, sp, #88	; 0x58
10003834:	002a      	movs	r2, r5
10003836:	9300      	str	r3, [sp, #0]
10003838:	0021      	movs	r1, r4
1000383a:	464b      	mov	r3, r9
1000383c:	9808      	ldr	r0, [sp, #32]
1000383e:	f7fe ff13 	bl	10002668 <_ntoa_format>
10003842:	3601      	adds	r6, #1
10003844:	0005      	movs	r5, r0
10003846:	e41c      	b.n	10003082 <_vsnprintf+0x4a>
10003848:	22ff      	movs	r2, #255	; 0xff
1000384a:	9b09      	ldr	r3, [sp, #36]	; 0x24
1000384c:	cb02      	ldmia	r3!, {r1}
1000384e:	4011      	ands	r1, r2
10003850:	468b      	mov	fp, r1
10003852:	9309      	str	r3, [sp, #36]	; 0x24
10003854:	e6c5      	b.n	100035e2 <_vsnprintf+0x5aa>
10003856:	4653      	mov	r3, sl
10003858:	4645      	mov	r5, r8
1000385a:	9309      	str	r3, [sp, #36]	; 0x24
1000385c:	3601      	adds	r6, #1
1000385e:	f7ff fc10 	bl	10003082 <_vsnprintf+0x4a>
10003862:	4656      	mov	r6, sl
10003864:	465c      	mov	r4, fp
10003866:	46aa      	mov	sl, r5
10003868:	9d13      	ldr	r5, [sp, #76]	; 0x4c
1000386a:	e7d6      	b.n	1000381a <_vsnprintf+0x7e2>
1000386c:	2308      	movs	r3, #8
1000386e:	930c      	str	r3, [sp, #48]	; 0x30
10003870:	910b      	str	r1, [sp, #44]	; 0x2c
10003872:	990b      	ldr	r1, [sp, #44]	; 0x2c
10003874:	2864      	cmp	r0, #100	; 0x64
10003876:	d000      	beq.n	1000387a <_vsnprintf+0x842>
10003878:	e684      	b.n	10003584 <_vsnprintf+0x54c>
1000387a:	9b0b      	ldr	r3, [sp, #44]	; 0x2c
1000387c:	055b      	lsls	r3, r3, #21
1000387e:	d500      	bpl.n	10003882 <_vsnprintf+0x84a>
10003880:	e686      	b.n	10003590 <_vsnprintf+0x558>
10003882:	e4b4      	b.n	100031ee <_vsnprintf+0x1b6>
10003884:	2207      	movs	r2, #7
10003886:	9b09      	ldr	r3, [sp, #36]	; 0x24
10003888:	3307      	adds	r3, #7
1000388a:	4393      	bics	r3, r2
1000388c:	3201      	adds	r2, #1
1000388e:	4694      	mov	ip, r2
10003890:	449c      	add	ip, r3
10003892:	4662      	mov	r2, ip
10003894:	9209      	str	r2, [sp, #36]	; 0x24
10003896:	681a      	ldr	r2, [r3, #0]
10003898:	685b      	ldr	r3, [r3, #4]
1000389a:	0010      	movs	r0, r2
1000389c:	469b      	mov	fp, r3
1000389e:	0013      	movs	r3, r2
100038a0:	465a      	mov	r2, fp
100038a2:	4313      	orrs	r3, r2
100038a4:	d107      	bne.n	100038b6 <_vsnprintf+0x87e>
100038a6:	9a0b      	ldr	r2, [sp, #44]	; 0x2c
100038a8:	3310      	adds	r3, #16
100038aa:	0011      	movs	r1, r2
100038ac:	4399      	bics	r1, r3
100038ae:	910b      	str	r1, [sp, #44]	; 0x2c
100038b0:	0552      	lsls	r2, r2, #21
100038b2:	d500      	bpl.n	100038b6 <_vsnprintf+0x87e>
100038b4:	e6a1      	b.n	100035fa <_vsnprintf+0x5c2>
100038b6:	9a0b      	ldr	r2, [sp, #44]	; 0x2c
100038b8:	2361      	movs	r3, #97	; 0x61
100038ba:	0692      	lsls	r2, r2, #26
100038bc:	d500      	bpl.n	100038c0 <_vsnprintf+0x888>
100038be:	2341      	movs	r3, #65	; 0x41
100038c0:	2200      	movs	r2, #0
100038c2:	b2db      	uxtb	r3, r3
100038c4:	a90e      	add	r1, sp, #56	; 0x38
100038c6:	3b0a      	subs	r3, #10
100038c8:	468c      	mov	ip, r1
100038ca:	4692      	mov	sl, r2
100038cc:	930d      	str	r3, [sp, #52]	; 0x34
100038ce:	4643      	mov	r3, r8
100038d0:	321f      	adds	r2, #31
100038d2:	4462      	add	r2, ip
100038d4:	465f      	mov	r7, fp
100038d6:	9512      	str	r5, [sp, #72]	; 0x48
100038d8:	46a3      	mov	fp, r4
100038da:	4655      	mov	r5, sl
100038dc:	0004      	movs	r4, r0
100038de:	46b2      	mov	sl, r6
100038e0:	4690      	mov	r8, r2
100038e2:	9e0c      	ldr	r6, [sp, #48]	; 0x30
100038e4:	9313      	str	r3, [sp, #76]	; 0x4c
100038e6:	e00d      	b.n	10003904 <_vsnprintf+0x8cc>
100038e8:	3230      	adds	r2, #48	; 0x30
100038ea:	b2d2      	uxtb	r2, r2
100038ec:	4643      	mov	r3, r8
100038ee:	3501      	adds	r5, #1
100038f0:	555a      	strb	r2, [r3, r5]
100038f2:	2300      	movs	r3, #0
100038f4:	42bb      	cmp	r3, r7
100038f6:	d100      	bne.n	100038fa <_vsnprintf+0x8c2>
100038f8:	e100      	b.n	10003afc <_vsnprintf+0xac4>
100038fa:	2d20      	cmp	r5, #32
100038fc:	d100      	bne.n	10003900 <_vsnprintf+0x8c8>
100038fe:	e100      	b.n	10003b02 <_vsnprintf+0xaca>
10003900:	0004      	movs	r4, r0
10003902:	000f      	movs	r7, r1
10003904:	0032      	movs	r2, r6
10003906:	2300      	movs	r3, #0
10003908:	0020      	movs	r0, r4
1000390a:	0039      	movs	r1, r7
1000390c:	f7fe f802 	bl	10001914 <__wrap___aeabi_uldivmod>
10003910:	b2d2      	uxtb	r2, r2
10003912:	2a09      	cmp	r2, #9
10003914:	d9e8      	bls.n	100038e8 <_vsnprintf+0x8b0>
10003916:	9b0d      	ldr	r3, [sp, #52]	; 0x34
10003918:	469c      	mov	ip, r3
1000391a:	4462      	add	r2, ip
1000391c:	b2d2      	uxtb	r2, r2
1000391e:	e7e5      	b.n	100038ec <_vsnprintf+0x8b4>
10003920:	9a0b      	ldr	r2, [sp, #44]	; 0x2c
10003922:	2361      	movs	r3, #97	; 0x61
10003924:	0692      	lsls	r2, r2, #26
10003926:	d500      	bpl.n	1000392a <_vsnprintf+0x8f2>
10003928:	2341      	movs	r3, #65	; 0x41
1000392a:	b2db      	uxtb	r3, r3
1000392c:	a90e      	add	r1, sp, #56	; 0x38
1000392e:	3b0a      	subs	r3, #10
10003930:	221f      	movs	r2, #31
10003932:	468c      	mov	ip, r1
10003934:	930d      	str	r3, [sp, #52]	; 0x34
10003936:	0023      	movs	r3, r4
10003938:	4462      	add	r2, ip
1000393a:	465c      	mov	r4, fp
1000393c:	9512      	str	r5, [sp, #72]	; 0x48
1000393e:	0017      	movs	r7, r2
10003940:	4655      	mov	r5, sl
10003942:	469b      	mov	fp, r3
10003944:	46b2      	mov	sl, r6
10003946:	9e0c      	ldr	r6, [sp, #48]	; 0x30
10003948:	e008      	b.n	1000395c <_vsnprintf+0x924>
1000394a:	3330      	adds	r3, #48	; 0x30
1000394c:	b2db      	uxtb	r3, r3
1000394e:	3501      	adds	r5, #1
10003950:	557b      	strb	r3, [r7, r5]
10003952:	42b4      	cmp	r4, r6
10003954:	d30e      	bcc.n	10003974 <_vsnprintf+0x93c>
10003956:	2d20      	cmp	r5, #32
10003958:	d00c      	beq.n	10003974 <_vsnprintf+0x93c>
1000395a:	0004      	movs	r4, r0
1000395c:	0031      	movs	r1, r6
1000395e:	0020      	movs	r0, r4
10003960:	f7fd ff9a 	bl	10001898 <__wrap___aeabi_uidiv>
10003964:	b2cb      	uxtb	r3, r1
10003966:	2909      	cmp	r1, #9
10003968:	d9ef      	bls.n	1000394a <_vsnprintf+0x912>
1000396a:	9a0d      	ldr	r2, [sp, #52]	; 0x34
1000396c:	4694      	mov	ip, r2
1000396e:	4463      	add	r3, ip
10003970:	b2db      	uxtb	r3, r3
10003972:	e7ec      	b.n	1000394e <_vsnprintf+0x916>
10003974:	4656      	mov	r6, sl
10003976:	465c      	mov	r4, fp
10003978:	46aa      	mov	sl, r5
1000397a:	9d12      	ldr	r5, [sp, #72]	; 0x48
1000397c:	e63f      	b.n	100035fe <_vsnprintf+0x5c6>
1000397e:	9b09      	ldr	r3, [sp, #36]	; 0x24
10003980:	001a      	movs	r2, r3
10003982:	ca08      	ldmia	r2!, {r3}
10003984:	17d9      	asrs	r1, r3, #31
10003986:	9213      	str	r2, [sp, #76]	; 0x4c
10003988:	185a      	adds	r2, r3, r1
1000398a:	404a      	eors	r2, r1
1000398c:	4692      	mov	sl, r2
1000398e:	0fda      	lsrs	r2, r3, #31
10003990:	9212      	str	r2, [sp, #72]	; 0x48
10003992:	2b00      	cmp	r3, #0
10003994:	d108      	bne.n	100039a8 <_vsnprintf+0x970>
10003996:	2380      	movs	r3, #128	; 0x80
10003998:	2210      	movs	r2, #16
1000399a:	990b      	ldr	r1, [sp, #44]	; 0x2c
1000399c:	00db      	lsls	r3, r3, #3
1000399e:	400b      	ands	r3, r1
100039a0:	4391      	bics	r1, r2
100039a2:	910b      	str	r1, [sp, #44]	; 0x2c
100039a4:	2b00      	cmp	r3, #0
100039a6:	d12b      	bne.n	10003a00 <_vsnprintf+0x9c8>
100039a8:	9a0b      	ldr	r2, [sp, #44]	; 0x2c
100039aa:	2361      	movs	r3, #97	; 0x61
100039ac:	0692      	lsls	r2, r2, #26
100039ae:	d500      	bpl.n	100039b2 <_vsnprintf+0x97a>
100039b0:	2341      	movs	r3, #65	; 0x41
100039b2:	aa0e      	add	r2, sp, #56	; 0x38
100039b4:	271f      	movs	r7, #31
100039b6:	4694      	mov	ip, r2
100039b8:	b2db      	uxtb	r3, r3
100039ba:	3b0a      	subs	r3, #10
100039bc:	950d      	str	r5, [sp, #52]	; 0x34
100039be:	4467      	add	r7, ip
100039c0:	465d      	mov	r5, fp
100039c2:	9309      	str	r3, [sp, #36]	; 0x24
100039c4:	46a3      	mov	fp, r4
100039c6:	4654      	mov	r4, sl
100039c8:	46b2      	mov	sl, r6
100039ca:	9e0c      	ldr	r6, [sp, #48]	; 0x30
100039cc:	e008      	b.n	100039e0 <_vsnprintf+0x9a8>
100039ce:	3330      	adds	r3, #48	; 0x30
100039d0:	b2db      	uxtb	r3, r3
100039d2:	3501      	adds	r5, #1
100039d4:	557b      	strb	r3, [r7, r5]
100039d6:	42b4      	cmp	r4, r6
100039d8:	d30e      	bcc.n	100039f8 <_vsnprintf+0x9c0>
100039da:	2d20      	cmp	r5, #32
100039dc:	d00c      	beq.n	100039f8 <_vsnprintf+0x9c0>
100039de:	0004      	movs	r4, r0
100039e0:	0031      	movs	r1, r6
100039e2:	0020      	movs	r0, r4
100039e4:	f7fd ff58 	bl	10001898 <__wrap___aeabi_uidiv>
100039e8:	b2cb      	uxtb	r3, r1
100039ea:	2909      	cmp	r1, #9
100039ec:	d9ef      	bls.n	100039ce <_vsnprintf+0x996>
100039ee:	9a09      	ldr	r2, [sp, #36]	; 0x24
100039f0:	4694      	mov	ip, r2
100039f2:	4463      	add	r3, ip
100039f4:	b2db      	uxtb	r3, r3
100039f6:	e7ec      	b.n	100039d2 <_vsnprintf+0x99a>
100039f8:	4656      	mov	r6, sl
100039fa:	465c      	mov	r4, fp
100039fc:	46ab      	mov	fp, r5
100039fe:	9d0d      	ldr	r5, [sp, #52]	; 0x34
10003a00:	9b0b      	ldr	r3, [sp, #44]	; 0x2c
10003a02:	002a      	movs	r2, r5
10003a04:	9306      	str	r3, [sp, #24]
10003a06:	9b0a      	ldr	r3, [sp, #40]	; 0x28
10003a08:	0021      	movs	r1, r4
10003a0a:	9305      	str	r3, [sp, #20]
10003a0c:	4643      	mov	r3, r8
10003a0e:	9304      	str	r3, [sp, #16]
10003a10:	9b0c      	ldr	r3, [sp, #48]	; 0x30
10003a12:	9808      	ldr	r0, [sp, #32]
10003a14:	9303      	str	r3, [sp, #12]
10003a16:	9b12      	ldr	r3, [sp, #72]	; 0x48
10003a18:	3601      	adds	r6, #1
10003a1a:	9302      	str	r3, [sp, #8]
10003a1c:	465b      	mov	r3, fp
10003a1e:	9301      	str	r3, [sp, #4]
10003a20:	ab16      	add	r3, sp, #88	; 0x58
10003a22:	9300      	str	r3, [sp, #0]
10003a24:	464b      	mov	r3, r9
10003a26:	f7fe fe1f 	bl	10002668 <_ntoa_format>
10003a2a:	9b13      	ldr	r3, [sp, #76]	; 0x4c
10003a2c:	0005      	movs	r5, r0
10003a2e:	9309      	str	r3, [sp, #36]	; 0x24
10003a30:	f7ff fb27 	bl	10003082 <_vsnprintf+0x4a>
10003a34:	2302      	movs	r3, #2
10003a36:	930c      	str	r3, [sp, #48]	; 0x30
10003a38:	e71a      	b.n	10003870 <_vsnprintf+0x838>
10003a3a:	9b09      	ldr	r3, [sp, #36]	; 0x24
10003a3c:	cb04      	ldmia	r3!, {r2}
10003a3e:	4692      	mov	sl, r2
10003a40:	9312      	str	r3, [sp, #72]	; 0x48
10003a42:	2a00      	cmp	r2, #0
10003a44:	d108      	bne.n	10003a58 <_vsnprintf+0xa20>
10003a46:	2380      	movs	r3, #128	; 0x80
10003a48:	2210      	movs	r2, #16
10003a4a:	990b      	ldr	r1, [sp, #44]	; 0x2c
10003a4c:	00db      	lsls	r3, r3, #3
10003a4e:	400b      	ands	r3, r1
10003a50:	4391      	bics	r1, r2
10003a52:	910b      	str	r1, [sp, #44]	; 0x2c
10003a54:	2b00      	cmp	r3, #0
10003a56:	d12b      	bne.n	10003ab0 <_vsnprintf+0xa78>
10003a58:	9a0b      	ldr	r2, [sp, #44]	; 0x2c
10003a5a:	2361      	movs	r3, #97	; 0x61
10003a5c:	0692      	lsls	r2, r2, #26
10003a5e:	d500      	bpl.n	10003a62 <_vsnprintf+0xa2a>
10003a60:	2341      	movs	r3, #65	; 0x41
10003a62:	aa0e      	add	r2, sp, #56	; 0x38
10003a64:	271f      	movs	r7, #31
10003a66:	4694      	mov	ip, r2
10003a68:	b2db      	uxtb	r3, r3
10003a6a:	3b0a      	subs	r3, #10
10003a6c:	950d      	str	r5, [sp, #52]	; 0x34
10003a6e:	4467      	add	r7, ip
10003a70:	465d      	mov	r5, fp
10003a72:	9309      	str	r3, [sp, #36]	; 0x24
10003a74:	46a3      	mov	fp, r4
10003a76:	4654      	mov	r4, sl
10003a78:	46b2      	mov	sl, r6
10003a7a:	9e0c      	ldr	r6, [sp, #48]	; 0x30
10003a7c:	e008      	b.n	10003a90 <_vsnprintf+0xa58>
10003a7e:	3330      	adds	r3, #48	; 0x30
10003a80:	b2db      	uxtb	r3, r3
10003a82:	3501      	adds	r5, #1
10003a84:	557b      	strb	r3, [r7, r5]
10003a86:	42b4      	cmp	r4, r6
10003a88:	d30e      	bcc.n	10003aa8 <_vsnprintf+0xa70>
10003a8a:	2d20      	cmp	r5, #32
10003a8c:	d00c      	beq.n	10003aa8 <_vsnprintf+0xa70>
10003a8e:	0004      	movs	r4, r0
10003a90:	0031      	movs	r1, r6
10003a92:	0020      	movs	r0, r4
10003a94:	f7fd ff00 	bl	10001898 <__wrap___aeabi_uidiv>
10003a98:	b2cb      	uxtb	r3, r1
10003a9a:	2909      	cmp	r1, #9
10003a9c:	d9ef      	bls.n	10003a7e <_vsnprintf+0xa46>
10003a9e:	9a09      	ldr	r2, [sp, #36]	; 0x24
10003aa0:	4694      	mov	ip, r2
10003aa2:	4463      	add	r3, ip
10003aa4:	b2db      	uxtb	r3, r3
10003aa6:	e7ec      	b.n	10003a82 <_vsnprintf+0xa4a>
10003aa8:	4656      	mov	r6, sl
10003aaa:	465c      	mov	r4, fp
10003aac:	46ab      	mov	fp, r5
10003aae:	9d0d      	ldr	r5, [sp, #52]	; 0x34
10003ab0:	9b0b      	ldr	r3, [sp, #44]	; 0x2c
10003ab2:	002a      	movs	r2, r5
10003ab4:	9306      	str	r3, [sp, #24]
10003ab6:	9b0a      	ldr	r3, [sp, #40]	; 0x28
10003ab8:	0021      	movs	r1, r4
10003aba:	9305      	str	r3, [sp, #20]
10003abc:	4643      	mov	r3, r8
10003abe:	9304      	str	r3, [sp, #16]
10003ac0:	9b0c      	ldr	r3, [sp, #48]	; 0x30
10003ac2:	9808      	ldr	r0, [sp, #32]
10003ac4:	9303      	str	r3, [sp, #12]
10003ac6:	2300      	movs	r3, #0
10003ac8:	9302      	str	r3, [sp, #8]
10003aca:	465b      	mov	r3, fp
10003acc:	9301      	str	r3, [sp, #4]
10003ace:	ab16      	add	r3, sp, #88	; 0x58
10003ad0:	9300      	str	r3, [sp, #0]
10003ad2:	464b      	mov	r3, r9
10003ad4:	f7fe fdc8 	bl	10002668 <_ntoa_format>
10003ad8:	9b12      	ldr	r3, [sp, #72]	; 0x48
10003ada:	0005      	movs	r5, r0
10003adc:	9309      	str	r3, [sp, #36]	; 0x24
10003ade:	3601      	adds	r6, #1
10003ae0:	f7ff facf 	bl	10003082 <_vsnprintf+0x4a>
10003ae4:	42b4      	cmp	r4, r6
10003ae6:	d800      	bhi.n	10003aea <_vsnprintf+0xab2>
10003ae8:	e671      	b.n	100037ce <_vsnprintf+0x796>
10003aea:	9b14      	ldr	r3, [sp, #80]	; 0x50
10003aec:	4654      	mov	r4, sl
10003aee:	960e      	str	r6, [sp, #56]	; 0x38
10003af0:	970f      	str	r7, [sp, #60]	; 0x3c
10003af2:	46aa      	mov	sl, r5
10003af4:	4698      	mov	r8, r3
10003af6:	9e15      	ldr	r6, [sp, #84]	; 0x54
10003af8:	9d13      	ldr	r5, [sp, #76]	; 0x4c
10003afa:	e68e      	b.n	1000381a <_vsnprintf+0x7e2>
10003afc:	42a6      	cmp	r6, r4
10003afe:	d800      	bhi.n	10003b02 <_vsnprintf+0xaca>
10003b00:	e6fb      	b.n	100038fa <_vsnprintf+0x8c2>
10003b02:	9b13      	ldr	r3, [sp, #76]	; 0x4c
10003b04:	4656      	mov	r6, sl
10003b06:	4698      	mov	r8, r3
10003b08:	46aa      	mov	sl, r5
10003b0a:	465c      	mov	r4, fp
10003b0c:	9d12      	ldr	r5, [sp, #72]	; 0x48
10003b0e:	e576      	b.n	100035fe <_vsnprintf+0x5c6>
10003b10:	c908      	ldmia	r1!, {r3}
10003b12:	17d8      	asrs	r0, r3, #31
10003b14:	181a      	adds	r2, r3, r0
10003b16:	4042      	eors	r2, r0
10003b18:	9109      	str	r1, [sp, #36]	; 0x24
10003b1a:	f7ff fb8a 	bl	10003232 <_vsnprintf+0x1fa>
10003b1e:	2300      	movs	r3, #0
10003b20:	930b      	str	r3, [sp, #44]	; 0x2c
10003b22:	e450      	b.n	100033c6 <_vsnprintf+0x38e>
10003b24:	9b09      	ldr	r3, [sp, #36]	; 0x24
10003b26:	cb04      	ldmia	r3!, {r2}
10003b28:	4693      	mov	fp, r2
10003b2a:	9309      	str	r3, [sp, #36]	; 0x24
10003b2c:	e559      	b.n	100035e2 <_vsnprintf+0x5aa>
10003b2e:	002f      	movs	r7, r5
10003b30:	e5bb      	b.n	100036aa <_vsnprintf+0x672>
10003b32:	930b      	str	r3, [sp, #44]	; 0x2c
10003b34:	e601      	b.n	1000373a <_vsnprintf+0x702>
10003b36:	3b06      	subs	r3, #6
10003b38:	930c      	str	r3, [sp, #48]	; 0x30
10003b3a:	e69a      	b.n	10003872 <_vsnprintf+0x83a>

10003b3c <vfctprintf>:
10003b3c:	b500      	push	{lr}
10003b3e:	b085      	sub	sp, #20
10003b40:	9103      	str	r1, [sp, #12]
10003b42:	2101      	movs	r1, #1
10003b44:	9002      	str	r0, [sp, #8]
10003b46:	9300      	str	r3, [sp, #0]
10003b48:	4803      	ldr	r0, [pc, #12]	; (10003b58 <vfctprintf+0x1c>)
10003b4a:	0013      	movs	r3, r2
10003b4c:	424a      	negs	r2, r1
10003b4e:	a902      	add	r1, sp, #8
10003b50:	f7ff fa72 	bl	10003038 <_vsnprintf>
10003b54:	b005      	add	sp, #20
10003b56:	bd00      	pop	{pc}
10003b58:	10002845 	.word	0x10002845

10003b5c <weak_raw_vprintf>:
10003b5c:	b510      	push	{r4, lr}
10003b5e:	4a09      	ldr	r2, [pc, #36]	; (10003b84 <weak_raw_vprintf+0x28>)
10003b60:	0003      	movs	r3, r0
10003b62:	6814      	ldr	r4, [r2, #0]
10003b64:	b084      	sub	sp, #16
10003b66:	2c00      	cmp	r4, #0
10003b68:	d008      	beq.n	10003b7c <weak_raw_vprintf+0x20>
10003b6a:	2201      	movs	r2, #1
10003b6c:	9100      	str	r1, [sp, #0]
10003b6e:	4806      	ldr	r0, [pc, #24]	; (10003b88 <weak_raw_vprintf+0x2c>)
10003b70:	4252      	negs	r2, r2
10003b72:	a903      	add	r1, sp, #12
10003b74:	47a0      	blx	r4
10003b76:	2001      	movs	r0, #1
10003b78:	b004      	add	sp, #16
10003b7a:	bd10      	pop	{r4, pc}
10003b7c:	f000 f99e 	bl	10003ebc <__wrap_puts>
10003b80:	2000      	movs	r0, #0
10003b82:	e7f9      	b.n	10003b78 <weak_raw_vprintf+0x1c>
10003b84:	20001f38 	.word	0x20001f38
10003b88:	10002835 	.word	0x10002835

10003b8c <_exit>:
10003b8c:	be00      	bkpt	0x0000
10003b8e:	e7fd      	b.n	10003b8c <_exit>

10003b90 <exit>:
10003b90:	b510      	push	{r4, lr}
10003b92:	f7ff fffb 	bl	10003b8c <_exit>
10003b96:	46c0      	nop			; (mov r8, r8)

10003b98 <runtime_init>:
10003b98:	b570      	push	{r4, r5, r6, lr}
10003b9a:	f7fd fd7d 	bl	10001698 <runtime_run_initializers>
10003b9e:	4d07      	ldr	r5, [pc, #28]	; (10003bbc <runtime_init+0x24>)
10003ba0:	4e07      	ldr	r6, [pc, #28]	; (10003bc0 <runtime_init+0x28>)
10003ba2:	42b5      	cmp	r5, r6
10003ba4:	d209      	bcs.n	10003bba <runtime_init+0x22>
10003ba6:	2400      	movs	r4, #0
10003ba8:	3e01      	subs	r6, #1
10003baa:	1b76      	subs	r6, r6, r5
10003bac:	08b6      	lsrs	r6, r6, #2
10003bae:	cd08      	ldmia	r5!, {r3}
10003bb0:	4798      	blx	r3
10003bb2:	0023      	movs	r3, r4
10003bb4:	3401      	adds	r4, #1
10003bb6:	42b3      	cmp	r3, r6
10003bb8:	d1f9      	bne.n	10003bae <runtime_init+0x16>
10003bba:	bd70      	pop	{r4, r5, r6, pc}
10003bbc:	10006954 	.word	0x10006954
10003bc0:	1000695c 	.word	0x1000695c

10003bc4 <stdio_out_chars_no_crlf>:
10003bc4:	0003      	movs	r3, r0
10003bc6:	b510      	push	{r4, lr}
10003bc8:	0008      	movs	r0, r1
10003bca:	0011      	movs	r1, r2
10003bcc:	681b      	ldr	r3, [r3, #0]
10003bce:	4798      	blx	r3
10003bd0:	bd10      	pop	{r4, pc}
10003bd2:	46c0      	nop			; (mov r8, r8)

10003bd4 <stdio_out_chars_crlf>:
10003bd4:	b5f0      	push	{r4, r5, r6, r7, lr}
10003bd6:	4646      	mov	r6, r8
10003bd8:	464f      	mov	r7, r9
10003bda:	46d6      	mov	lr, sl
10003bdc:	b5c0      	push	{r6, r7, lr}
10003bde:	7d43      	ldrb	r3, [r0, #21]
10003be0:	4680      	mov	r8, r0
10003be2:	000e      	movs	r6, r1
10003be4:	0017      	movs	r7, r2
10003be6:	2b00      	cmp	r3, #0
10003be8:	d046      	beq.n	10003c78 <stdio_out_chars_crlf+0xa4>
10003bea:	2a00      	cmp	r2, #0
10003bec:	dd3f      	ble.n	10003c6e <stdio_out_chars_crlf+0x9a>
10003bee:	1e4b      	subs	r3, r1, #1
10003bf0:	4699      	mov	r9, r3
10003bf2:	4b24      	ldr	r3, [pc, #144]	; (10003c84 <stdio_out_chars_crlf+0xb0>)
10003bf4:	2501      	movs	r5, #1
10003bf6:	2400      	movs	r4, #0
10003bf8:	2000      	movs	r0, #0
10003bfa:	469a      	mov	sl, r3
10003bfc:	e00d      	b.n	10003c1a <stdio_out_chars_crlf+0x46>
10003bfe:	464b      	mov	r3, r9
10003c00:	5d1b      	ldrb	r3, [r3, r4]
10003c02:	3b0d      	subs	r3, #13
10003c04:	425a      	negs	r2, r3
10003c06:	4153      	adcs	r3, r2
10003c08:	5d32      	ldrb	r2, [r6, r4]
10003c0a:	b2db      	uxtb	r3, r3
10003c0c:	2a0a      	cmp	r2, #10
10003c0e:	d00b      	beq.n	10003c28 <stdio_out_chars_crlf+0x54>
10003c10:	002b      	movs	r3, r5
10003c12:	3401      	adds	r4, #1
10003c14:	3501      	adds	r5, #1
10003c16:	429f      	cmp	r7, r3
10003c18:	dd1a      	ble.n	10003c50 <stdio_out_chars_crlf+0x7c>
10003c1a:	2c00      	cmp	r4, #0
10003c1c:	d1ef      	bne.n	10003bfe <stdio_out_chars_crlf+0x2a>
10003c1e:	4643      	mov	r3, r8
10003c20:	5d32      	ldrb	r2, [r6, r4]
10003c22:	7d1b      	ldrb	r3, [r3, #20]
10003c24:	2a0a      	cmp	r2, #10
10003c26:	d1f3      	bne.n	10003c10 <stdio_out_chars_crlf+0x3c>
10003c28:	2b00      	cmp	r3, #0
10003c2a:	d1f1      	bne.n	10003c10 <stdio_out_chars_crlf+0x3c>
10003c2c:	42a0      	cmp	r0, r4
10003c2e:	da04      	bge.n	10003c3a <stdio_out_chars_crlf+0x66>
10003c30:	4643      	mov	r3, r8
10003c32:	1a21      	subs	r1, r4, r0
10003c34:	681b      	ldr	r3, [r3, #0]
10003c36:	1830      	adds	r0, r6, r0
10003c38:	4798      	blx	r3
10003c3a:	4643      	mov	r3, r8
10003c3c:	4650      	mov	r0, sl
10003c3e:	681b      	ldr	r3, [r3, #0]
10003c40:	2102      	movs	r1, #2
10003c42:	4798      	blx	r3
10003c44:	3401      	adds	r4, #1
10003c46:	0028      	movs	r0, r5
10003c48:	002b      	movs	r3, r5
10003c4a:	3501      	adds	r5, #1
10003c4c:	429f      	cmp	r7, r3
10003c4e:	dce4      	bgt.n	10003c1a <stdio_out_chars_crlf+0x46>
10003c50:	4287      	cmp	r7, r0
10003c52:	dd04      	ble.n	10003c5e <stdio_out_chars_crlf+0x8a>
10003c54:	4643      	mov	r3, r8
10003c56:	1a39      	subs	r1, r7, r0
10003c58:	681b      	ldr	r3, [r3, #0]
10003c5a:	1830      	adds	r0, r6, r0
10003c5c:	4798      	blx	r3
10003c5e:	19f6      	adds	r6, r6, r7
10003c60:	3e01      	subs	r6, #1
10003c62:	7833      	ldrb	r3, [r6, #0]
10003c64:	3b0d      	subs	r3, #13
10003c66:	425a      	negs	r2, r3
10003c68:	4153      	adcs	r3, r2
10003c6a:	4642      	mov	r2, r8
10003c6c:	7513      	strb	r3, [r2, #20]
10003c6e:	bce0      	pop	{r5, r6, r7}
10003c70:	46ba      	mov	sl, r7
10003c72:	46b1      	mov	r9, r6
10003c74:	46a8      	mov	r8, r5
10003c76:	bdf0      	pop	{r4, r5, r6, r7, pc}
10003c78:	6803      	ldr	r3, [r0, #0]
10003c7a:	0011      	movs	r1, r2
10003c7c:	0030      	movs	r0, r6
10003c7e:	4798      	blx	r3
10003c80:	e7f5      	b.n	10003c6e <stdio_out_chars_crlf+0x9a>
10003c82:	46c0      	nop			; (mov r8, r8)
10003c84:	10006cc8 	.word	0x10006cc8

10003c88 <stdio_buffered_printer>:
10003c88:	b5f0      	push	{r4, r5, r6, r7, lr}
10003c8a:	46c6      	mov	lr, r8
10003c8c:	000c      	movs	r4, r1
10003c8e:	6809      	ldr	r1, [r1, #0]
10003c90:	0006      	movs	r6, r0
10003c92:	b500      	push	{lr}
10003c94:	2980      	cmp	r1, #128	; 0x80
10003c96:	d006      	beq.n	10003ca6 <stdio_buffered_printer+0x1e>
10003c98:	1c4b      	adds	r3, r1, #1
10003c9a:	6023      	str	r3, [r4, #0]
10003c9c:	1864      	adds	r4, r4, r1
10003c9e:	7126      	strb	r6, [r4, #4]
10003ca0:	bc80      	pop	{r7}
10003ca2:	46b8      	mov	r8, r7
10003ca4:	bdf0      	pop	{r4, r5, r6, r7, pc}
10003ca6:	4b0f      	ldr	r3, [pc, #60]	; (10003ce4 <stdio_buffered_printer+0x5c>)
10003ca8:	681d      	ldr	r5, [r3, #0]
10003caa:	2d00      	cmp	r5, #0
10003cac:	d016      	beq.n	10003cdc <stdio_buffered_printer+0x54>
10003cae:	1d23      	adds	r3, r4, #4
10003cb0:	4698      	mov	r8, r3
10003cb2:	4f0d      	ldr	r7, [pc, #52]	; (10003ce8 <stdio_buffered_printer+0x60>)
10003cb4:	e002      	b.n	10003cbc <stdio_buffered_printer+0x34>
10003cb6:	692d      	ldr	r5, [r5, #16]
10003cb8:	2d00      	cmp	r5, #0
10003cba:	d00f      	beq.n	10003cdc <stdio_buffered_printer+0x54>
10003cbc:	682b      	ldr	r3, [r5, #0]
10003cbe:	2b00      	cmp	r3, #0
10003cc0:	d0f9      	beq.n	10003cb6 <stdio_buffered_printer+0x2e>
10003cc2:	683b      	ldr	r3, [r7, #0]
10003cc4:	2b00      	cmp	r3, #0
10003cc6:	d001      	beq.n	10003ccc <stdio_buffered_printer+0x44>
10003cc8:	42ab      	cmp	r3, r5
10003cca:	d1f4      	bne.n	10003cb6 <stdio_buffered_printer+0x2e>
10003ccc:	0028      	movs	r0, r5
10003cce:	4641      	mov	r1, r8
10003cd0:	6822      	ldr	r2, [r4, #0]
10003cd2:	f7ff ff7f 	bl	10003bd4 <stdio_out_chars_crlf>
10003cd6:	692d      	ldr	r5, [r5, #16]
10003cd8:	2d00      	cmp	r5, #0
10003cda:	d1ef      	bne.n	10003cbc <stdio_buffered_printer+0x34>
10003cdc:	2301      	movs	r3, #1
10003cde:	2100      	movs	r1, #0
10003ce0:	e7db      	b.n	10003c9a <stdio_buffered_printer+0x12>
10003ce2:	46c0      	nop			; (mov r8, r8)
10003ce4:	20001b2c 	.word	0x20001b2c
10003ce8:	20001b34 	.word	0x20001b34

10003cec <stdio_put_string>:
10003cec:	b5f0      	push	{r4, r5, r6, r7, lr}
10003cee:	46de      	mov	lr, fp
10003cf0:	4657      	mov	r7, sl
10003cf2:	464e      	mov	r6, r9
10003cf4:	4645      	mov	r5, r8
10003cf6:	b5e0      	push	{r5, r6, r7, lr}
10003cf8:	b085      	sub	sp, #20
10003cfa:	0017      	movs	r7, r2
10003cfc:	001c      	movs	r4, r3
10003cfe:	0006      	movs	r6, r0
10003d00:	000d      	movs	r5, r1
10003d02:	f7fd fab5 	bl	10001270 <time_us_64>
10003d06:	2300      	movs	r3, #0
10003d08:	4a31      	ldr	r2, [pc, #196]	; (10003dd0 <stdio_put_string+0xe4>)
10003d0a:	1812      	adds	r2, r2, r0
10003d0c:	414b      	adcs	r3, r1
10003d0e:	2b00      	cmp	r3, #0
10003d10:	db59      	blt.n	10003dc6 <stdio_put_string+0xda>
10003d12:	4930      	ldr	r1, [pc, #192]	; (10003dd4 <stdio_put_string+0xe8>)
10003d14:	0008      	movs	r0, r1
10003d16:	468a      	mov	sl, r1
10003d18:	f002 fdde 	bl	100068d8 <__mutex_try_enter_block_until_veneer>
10003d1c:	9001      	str	r0, [sp, #4]
10003d1e:	1c6b      	adds	r3, r5, #1
10003d20:	d103      	bne.n	10003d2a <stdio_put_string+0x3e>
10003d22:	0030      	movs	r0, r6
10003d24:	f002 fd5e 	bl	100067e4 <strlen>
10003d28:	0005      	movs	r5, r0
10003d2a:	2c00      	cmp	r4, #0
10003d2c:	d126      	bne.n	10003d7c <stdio_put_string+0x90>
10003d2e:	4b2a      	ldr	r3, [pc, #168]	; (10003dd8 <stdio_put_string+0xec>)
10003d30:	4698      	mov	r8, r3
10003d32:	4b2a      	ldr	r3, [pc, #168]	; (10003ddc <stdio_put_string+0xf0>)
10003d34:	681c      	ldr	r4, [r3, #0]
10003d36:	2c00      	cmp	r4, #0
10003d38:	d015      	beq.n	10003d66 <stdio_put_string+0x7a>
10003d3a:	2f00      	cmp	r7, #0
10003d3c:	d121      	bne.n	10003d82 <stdio_put_string+0x96>
10003d3e:	4f28      	ldr	r7, [pc, #160]	; (10003de0 <stdio_put_string+0xf4>)
10003d40:	e002      	b.n	10003d48 <stdio_put_string+0x5c>
10003d42:	6924      	ldr	r4, [r4, #16]
10003d44:	2c00      	cmp	r4, #0
10003d46:	d00e      	beq.n	10003d66 <stdio_put_string+0x7a>
10003d48:	6823      	ldr	r3, [r4, #0]
10003d4a:	2b00      	cmp	r3, #0
10003d4c:	d0f9      	beq.n	10003d42 <stdio_put_string+0x56>
10003d4e:	683b      	ldr	r3, [r7, #0]
10003d50:	2b00      	cmp	r3, #0
10003d52:	d001      	beq.n	10003d58 <stdio_put_string+0x6c>
10003d54:	42a3      	cmp	r3, r4
10003d56:	d1f4      	bne.n	10003d42 <stdio_put_string+0x56>
10003d58:	0020      	movs	r0, r4
10003d5a:	002a      	movs	r2, r5
10003d5c:	0031      	movs	r1, r6
10003d5e:	47c0      	blx	r8
10003d60:	6924      	ldr	r4, [r4, #16]
10003d62:	2c00      	cmp	r4, #0
10003d64:	d1f0      	bne.n	10003d48 <stdio_put_string+0x5c>
10003d66:	9b01      	ldr	r3, [sp, #4]
10003d68:	2b00      	cmp	r3, #0
10003d6a:	d128      	bne.n	10003dbe <stdio_put_string+0xd2>
10003d6c:	0028      	movs	r0, r5
10003d6e:	b005      	add	sp, #20
10003d70:	bcf0      	pop	{r4, r5, r6, r7}
10003d72:	46bb      	mov	fp, r7
10003d74:	46b2      	mov	sl, r6
10003d76:	46a9      	mov	r9, r5
10003d78:	46a0      	mov	r8, r4
10003d7a:	bdf0      	pop	{r4, r5, r6, r7, pc}
10003d7c:	4b19      	ldr	r3, [pc, #100]	; (10003de4 <stdio_put_string+0xf8>)
10003d7e:	4698      	mov	r8, r3
10003d80:	e7d7      	b.n	10003d32 <stdio_put_string+0x46>
10003d82:	4b17      	ldr	r3, [pc, #92]	; (10003de0 <stdio_put_string+0xf4>)
10003d84:	4699      	mov	r9, r3
10003d86:	ab02      	add	r3, sp, #8
10003d88:	1ddf      	adds	r7, r3, #7
10003d8a:	230a      	movs	r3, #10
10003d8c:	469b      	mov	fp, r3
10003d8e:	e002      	b.n	10003d96 <stdio_put_string+0xaa>
10003d90:	6924      	ldr	r4, [r4, #16]
10003d92:	2c00      	cmp	r4, #0
10003d94:	d0e7      	beq.n	10003d66 <stdio_put_string+0x7a>
10003d96:	6823      	ldr	r3, [r4, #0]
10003d98:	2b00      	cmp	r3, #0
10003d9a:	d0f9      	beq.n	10003d90 <stdio_put_string+0xa4>
10003d9c:	464b      	mov	r3, r9
10003d9e:	681b      	ldr	r3, [r3, #0]
10003da0:	2b00      	cmp	r3, #0
10003da2:	d001      	beq.n	10003da8 <stdio_put_string+0xbc>
10003da4:	42a3      	cmp	r3, r4
10003da6:	d1f3      	bne.n	10003d90 <stdio_put_string+0xa4>
10003da8:	002a      	movs	r2, r5
10003daa:	0031      	movs	r1, r6
10003dac:	0020      	movs	r0, r4
10003dae:	47c0      	blx	r8
10003db0:	465b      	mov	r3, fp
10003db2:	2201      	movs	r2, #1
10003db4:	0039      	movs	r1, r7
10003db6:	0020      	movs	r0, r4
10003db8:	703b      	strb	r3, [r7, #0]
10003dba:	47c0      	blx	r8
10003dbc:	e7e8      	b.n	10003d90 <stdio_put_string+0xa4>
10003dbe:	4650      	mov	r0, sl
10003dc0:	f002 fd4a 	bl	10006858 <__mutex_exit_veneer>
10003dc4:	e7d2      	b.n	10003d6c <stdio_put_string+0x80>
10003dc6:	2201      	movs	r2, #1
10003dc8:	4b07      	ldr	r3, [pc, #28]	; (10003de8 <stdio_put_string+0xfc>)
10003dca:	4252      	negs	r2, r2
10003dcc:	e7a1      	b.n	10003d12 <stdio_put_string+0x26>
10003dce:	46c0      	nop			; (mov r8, r8)
10003dd0:	000f4240 	.word	0x000f4240
10003dd4:	20001088 	.word	0x20001088
10003dd8:	10003bc5 	.word	0x10003bc5
10003ddc:	20001b2c 	.word	0x20001b2c
10003de0:	20001b34 	.word	0x20001b34
10003de4:	10003bd5 	.word	0x10003bd5
10003de8:	7fffffff 	.word	0x7fffffff

10003dec <stdio_set_driver_enabled>:
10003dec:	4a0a      	ldr	r2, [pc, #40]	; (10003e18 <stdio_set_driver_enabled+0x2c>)
10003dee:	6813      	ldr	r3, [r2, #0]
10003df0:	2b00      	cmp	r3, #0
10003df2:	d105      	bne.n	10003e00 <stdio_set_driver_enabled+0x14>
10003df4:	e00c      	b.n	10003e10 <stdio_set_driver_enabled+0x24>
10003df6:	001a      	movs	r2, r3
10003df8:	691b      	ldr	r3, [r3, #16]
10003dfa:	3210      	adds	r2, #16
10003dfc:	2b00      	cmp	r3, #0
10003dfe:	d007      	beq.n	10003e10 <stdio_set_driver_enabled+0x24>
10003e00:	4298      	cmp	r0, r3
10003e02:	d1f8      	bne.n	10003df6 <stdio_set_driver_enabled+0xa>
10003e04:	2900      	cmp	r1, #0
10003e06:	d102      	bne.n	10003e0e <stdio_set_driver_enabled+0x22>
10003e08:	6903      	ldr	r3, [r0, #16]
10003e0a:	6013      	str	r3, [r2, #0]
10003e0c:	6101      	str	r1, [r0, #16]
10003e0e:	4770      	bx	lr
10003e10:	2900      	cmp	r1, #0
10003e12:	d0fc      	beq.n	10003e0e <stdio_set_driver_enabled+0x22>
10003e14:	6010      	str	r0, [r2, #0]
10003e16:	e7fa      	b.n	10003e0e <stdio_set_driver_enabled+0x22>
10003e18:	20001b2c 	.word	0x20001b2c

10003e1c <stdio_init_all>:
10003e1c:	b510      	push	{r4, lr}
10003e1e:	f000 fb03 	bl	10004428 <stdio_usb_init>
10003e22:	bd10      	pop	{r4, pc}

10003e24 <__wrap_putchar>:
10003e24:	b5f0      	push	{r4, r5, r6, r7, lr}
10003e26:	46ce      	mov	lr, r9
10003e28:	4647      	mov	r7, r8
10003e2a:	b580      	push	{r7, lr}
10003e2c:	b083      	sub	sp, #12
10003e2e:	466b      	mov	r3, sp
10003e30:	0006      	movs	r6, r0
10003e32:	1ddd      	adds	r5, r3, #7
10003e34:	7028      	strb	r0, [r5, #0]
10003e36:	f7fd fa1b 	bl	10001270 <time_us_64>
10003e3a:	2300      	movs	r3, #0
10003e3c:	4a1a      	ldr	r2, [pc, #104]	; (10003ea8 <__wrap_putchar+0x84>)
10003e3e:	1812      	adds	r2, r2, r0
10003e40:	414b      	adcs	r3, r1
10003e42:	2b00      	cmp	r3, #0
10003e44:	db2b      	blt.n	10003e9e <__wrap_putchar+0x7a>
10003e46:	4919      	ldr	r1, [pc, #100]	; (10003eac <__wrap_putchar+0x88>)
10003e48:	0008      	movs	r0, r1
10003e4a:	4688      	mov	r8, r1
10003e4c:	f002 fd44 	bl	100068d8 <__mutex_try_enter_block_until_veneer>
10003e50:	4b17      	ldr	r3, [pc, #92]	; (10003eb0 <__wrap_putchar+0x8c>)
10003e52:	4681      	mov	r9, r0
10003e54:	681c      	ldr	r4, [r3, #0]
10003e56:	2c00      	cmp	r4, #0
10003e58:	d014      	beq.n	10003e84 <__wrap_putchar+0x60>
10003e5a:	4f16      	ldr	r7, [pc, #88]	; (10003eb4 <__wrap_putchar+0x90>)
10003e5c:	e002      	b.n	10003e64 <__wrap_putchar+0x40>
10003e5e:	6924      	ldr	r4, [r4, #16]
10003e60:	2c00      	cmp	r4, #0
10003e62:	d00f      	beq.n	10003e84 <__wrap_putchar+0x60>
10003e64:	6823      	ldr	r3, [r4, #0]
10003e66:	2b00      	cmp	r3, #0
10003e68:	d0f9      	beq.n	10003e5e <__wrap_putchar+0x3a>
10003e6a:	683b      	ldr	r3, [r7, #0]
10003e6c:	2b00      	cmp	r3, #0
10003e6e:	d001      	beq.n	10003e74 <__wrap_putchar+0x50>
10003e70:	42a3      	cmp	r3, r4
10003e72:	d1f4      	bne.n	10003e5e <__wrap_putchar+0x3a>
10003e74:	0020      	movs	r0, r4
10003e76:	2201      	movs	r2, #1
10003e78:	0029      	movs	r1, r5
10003e7a:	f7ff feab 	bl	10003bd4 <stdio_out_chars_crlf>
10003e7e:	6924      	ldr	r4, [r4, #16]
10003e80:	2c00      	cmp	r4, #0
10003e82:	d1ef      	bne.n	10003e64 <__wrap_putchar+0x40>
10003e84:	464b      	mov	r3, r9
10003e86:	2b00      	cmp	r3, #0
10003e88:	d105      	bne.n	10003e96 <__wrap_putchar+0x72>
10003e8a:	0030      	movs	r0, r6
10003e8c:	b003      	add	sp, #12
10003e8e:	bcc0      	pop	{r6, r7}
10003e90:	46b9      	mov	r9, r7
10003e92:	46b0      	mov	r8, r6
10003e94:	bdf0      	pop	{r4, r5, r6, r7, pc}
10003e96:	4640      	mov	r0, r8
10003e98:	f002 fcde 	bl	10006858 <__mutex_exit_veneer>
10003e9c:	e7f5      	b.n	10003e8a <__wrap_putchar+0x66>
10003e9e:	2201      	movs	r2, #1
10003ea0:	4b05      	ldr	r3, [pc, #20]	; (10003eb8 <__wrap_putchar+0x94>)
10003ea2:	4252      	negs	r2, r2
10003ea4:	e7cf      	b.n	10003e46 <__wrap_putchar+0x22>
10003ea6:	46c0      	nop			; (mov r8, r8)
10003ea8:	000f4240 	.word	0x000f4240
10003eac:	20001088 	.word	0x20001088
10003eb0:	20001b2c 	.word	0x20001b2c
10003eb4:	20001b34 	.word	0x20001b34
10003eb8:	7fffffff 	.word	0x7fffffff

10003ebc <__wrap_puts>:
10003ebc:	b570      	push	{r4, r5, r6, lr}
10003ebe:	0004      	movs	r4, r0
10003ec0:	f002 fc90 	bl	100067e4 <strlen>
10003ec4:	2301      	movs	r3, #1
10003ec6:	0001      	movs	r1, r0
10003ec8:	0005      	movs	r5, r0
10003eca:	2201      	movs	r2, #1
10003ecc:	0020      	movs	r0, r4
10003ece:	f7ff ff0d 	bl	10003cec <stdio_put_string>
10003ed2:	4b08      	ldr	r3, [pc, #32]	; (10003ef4 <__wrap_puts+0x38>)
10003ed4:	681c      	ldr	r4, [r3, #0]
10003ed6:	2c00      	cmp	r4, #0
10003ed8:	d006      	beq.n	10003ee8 <__wrap_puts+0x2c>
10003eda:	6863      	ldr	r3, [r4, #4]
10003edc:	2b00      	cmp	r3, #0
10003ede:	d005      	beq.n	10003eec <__wrap_puts+0x30>
10003ee0:	4798      	blx	r3
10003ee2:	6924      	ldr	r4, [r4, #16]
10003ee4:	2c00      	cmp	r4, #0
10003ee6:	d1f8      	bne.n	10003eda <__wrap_puts+0x1e>
10003ee8:	0028      	movs	r0, r5
10003eea:	bd70      	pop	{r4, r5, r6, pc}
10003eec:	6924      	ldr	r4, [r4, #16]
10003eee:	2c00      	cmp	r4, #0
10003ef0:	d1f3      	bne.n	10003eda <__wrap_puts+0x1e>
10003ef2:	e7f9      	b.n	10003ee8 <__wrap_puts+0x2c>
10003ef4:	20001b2c 	.word	0x20001b2c

10003ef8 <__wrap_vprintf>:
10003ef8:	b5f0      	push	{r4, r5, r6, r7, lr}
10003efa:	46ce      	mov	lr, r9
10003efc:	4647      	mov	r7, r8
10003efe:	b580      	push	{r7, lr}
10003f00:	b0a5      	sub	sp, #148	; 0x94
10003f02:	0004      	movs	r4, r0
10003f04:	000d      	movs	r5, r1
10003f06:	f7fd f9b3 	bl	10001270 <time_us_64>
10003f0a:	2300      	movs	r3, #0
10003f0c:	4a2a      	ldr	r2, [pc, #168]	; (10003fb8 <__wrap_vprintf+0xc0>)
10003f0e:	1812      	adds	r2, r2, r0
10003f10:	414b      	adcs	r3, r1
10003f12:	2b00      	cmp	r3, #0
10003f14:	db49      	blt.n	10003faa <__wrap_vprintf+0xb2>
10003f16:	4e29      	ldr	r6, [pc, #164]	; (10003fbc <__wrap_vprintf+0xc4>)
10003f18:	0030      	movs	r0, r6
10003f1a:	f002 fcdd 	bl	100068d8 <__mutex_try_enter_block_until_veneer>
10003f1e:	2300      	movs	r3, #0
10003f20:	0007      	movs	r7, r0
10003f22:	9303      	str	r3, [sp, #12]
10003f24:	0022      	movs	r2, r4
10003f26:	002b      	movs	r3, r5
10003f28:	4825      	ldr	r0, [pc, #148]	; (10003fc0 <__wrap_vprintf+0xc8>)
10003f2a:	a903      	add	r1, sp, #12
10003f2c:	f7ff fe06 	bl	10003b3c <vfctprintf>
10003f30:	9b03      	ldr	r3, [sp, #12]
10003f32:	4680      	mov	r8, r0
10003f34:	2b00      	cmp	r3, #0
10003f36:	d114      	bne.n	10003f62 <__wrap_vprintf+0x6a>
10003f38:	4b22      	ldr	r3, [pc, #136]	; (10003fc4 <__wrap_vprintf+0xcc>)
10003f3a:	681c      	ldr	r4, [r3, #0]
10003f3c:	2c00      	cmp	r4, #0
10003f3e:	d006      	beq.n	10003f4e <__wrap_vprintf+0x56>
10003f40:	6863      	ldr	r3, [r4, #4]
10003f42:	2b00      	cmp	r3, #0
10003f44:	d00b      	beq.n	10003f5e <__wrap_vprintf+0x66>
10003f46:	4798      	blx	r3
10003f48:	6924      	ldr	r4, [r4, #16]
10003f4a:	2c00      	cmp	r4, #0
10003f4c:	d1f8      	bne.n	10003f40 <__wrap_vprintf+0x48>
10003f4e:	2f00      	cmp	r7, #0
10003f50:	d127      	bne.n	10003fa2 <__wrap_vprintf+0xaa>
10003f52:	4640      	mov	r0, r8
10003f54:	b025      	add	sp, #148	; 0x94
10003f56:	bcc0      	pop	{r6, r7}
10003f58:	46b9      	mov	r9, r7
10003f5a:	46b0      	mov	r8, r6
10003f5c:	bdf0      	pop	{r4, r5, r6, r7, pc}
10003f5e:	6924      	ldr	r4, [r4, #16]
10003f60:	e7ec      	b.n	10003f3c <__wrap_vprintf+0x44>
10003f62:	4b18      	ldr	r3, [pc, #96]	; (10003fc4 <__wrap_vprintf+0xcc>)
10003f64:	681d      	ldr	r5, [r3, #0]
10003f66:	4699      	mov	r9, r3
10003f68:	2d00      	cmp	r5, #0
10003f6a:	d022      	beq.n	10003fb2 <__wrap_vprintf+0xba>
10003f6c:	4c16      	ldr	r4, [pc, #88]	; (10003fc8 <__wrap_vprintf+0xd0>)
10003f6e:	e002      	b.n	10003f76 <__wrap_vprintf+0x7e>
10003f70:	692d      	ldr	r5, [r5, #16]
10003f72:	2d00      	cmp	r5, #0
10003f74:	d011      	beq.n	10003f9a <__wrap_vprintf+0xa2>
10003f76:	682b      	ldr	r3, [r5, #0]
10003f78:	2b00      	cmp	r3, #0
10003f7a:	d0f9      	beq.n	10003f70 <__wrap_vprintf+0x78>
10003f7c:	6823      	ldr	r3, [r4, #0]
10003f7e:	2b00      	cmp	r3, #0
10003f80:	d001      	beq.n	10003f86 <__wrap_vprintf+0x8e>
10003f82:	429d      	cmp	r5, r3
10003f84:	d1f4      	bne.n	10003f70 <__wrap_vprintf+0x78>
10003f86:	9b03      	ldr	r3, [sp, #12]
10003f88:	0028      	movs	r0, r5
10003f8a:	001a      	movs	r2, r3
10003f8c:	a904      	add	r1, sp, #16
10003f8e:	9301      	str	r3, [sp, #4]
10003f90:	f7ff fe20 	bl	10003bd4 <stdio_out_chars_crlf>
10003f94:	692d      	ldr	r5, [r5, #16]
10003f96:	2d00      	cmp	r5, #0
10003f98:	d1ed      	bne.n	10003f76 <__wrap_vprintf+0x7e>
10003f9a:	464b      	mov	r3, r9
10003f9c:	9503      	str	r5, [sp, #12]
10003f9e:	681c      	ldr	r4, [r3, #0]
10003fa0:	e7cc      	b.n	10003f3c <__wrap_vprintf+0x44>
10003fa2:	0030      	movs	r0, r6
10003fa4:	f002 fc58 	bl	10006858 <__mutex_exit_veneer>
10003fa8:	e7d3      	b.n	10003f52 <__wrap_vprintf+0x5a>
10003faa:	2201      	movs	r2, #1
10003fac:	4b07      	ldr	r3, [pc, #28]	; (10003fcc <__wrap_vprintf+0xd4>)
10003fae:	4252      	negs	r2, r2
10003fb0:	e7b1      	b.n	10003f16 <__wrap_vprintf+0x1e>
10003fb2:	9503      	str	r5, [sp, #12]
10003fb4:	e7cb      	b.n	10003f4e <__wrap_vprintf+0x56>
10003fb6:	46c0      	nop			; (mov r8, r8)
10003fb8:	000f4240 	.word	0x000f4240
10003fbc:	20001088 	.word	0x20001088
10003fc0:	10003c89 	.word	0x10003c89
10003fc4:	20001b2c 	.word	0x20001b2c
10003fc8:	20001b34 	.word	0x20001b34
10003fcc:	7fffffff 	.word	0x7fffffff

10003fd0 <__wrap_printf>:
10003fd0:	b40f      	push	{r0, r1, r2, r3}
10003fd2:	b500      	push	{lr}
10003fd4:	b083      	sub	sp, #12
10003fd6:	a904      	add	r1, sp, #16
10003fd8:	c901      	ldmia	r1!, {r0}
10003fda:	9101      	str	r1, [sp, #4]
10003fdc:	f7ff ff8c 	bl	10003ef8 <__wrap_vprintf>
10003fe0:	b003      	add	sp, #12
10003fe2:	bc08      	pop	{r3}
10003fe4:	b004      	add	sp, #16
10003fe6:	4718      	bx	r3

10003fe8 <resetd_init>:
10003fe8:	4770      	bx	lr
10003fea:	46c0      	nop			; (mov r8, r8)

10003fec <resetd_reset>:
10003fec:	2200      	movs	r2, #0
10003fee:	4b01      	ldr	r3, [pc, #4]	; (10003ff4 <resetd_reset+0x8>)
10003ff0:	701a      	strb	r2, [r3, #0]
10003ff2:	4770      	bx	lr
10003ff4:	20001f8a 	.word	0x20001f8a

10003ff8 <resetd_open>:
10003ff8:	794b      	ldrb	r3, [r1, #5]
10003ffa:	2000      	movs	r0, #0
10003ffc:	2bff      	cmp	r3, #255	; 0xff
10003ffe:	d10b      	bne.n	10004018 <resetd_open+0x20>
10004000:	798b      	ldrb	r3, [r1, #6]
10004002:	2b00      	cmp	r3, #0
10004004:	d108      	bne.n	10004018 <resetd_open+0x20>
10004006:	79cb      	ldrb	r3, [r1, #7]
10004008:	2b01      	cmp	r3, #1
1000400a:	d105      	bne.n	10004018 <resetd_open+0x20>
1000400c:	2a08      	cmp	r2, #8
1000400e:	d903      	bls.n	10004018 <resetd_open+0x20>
10004010:	788a      	ldrb	r2, [r1, #2]
10004012:	4b02      	ldr	r3, [pc, #8]	; (1000401c <resetd_open+0x24>)
10004014:	3009      	adds	r0, #9
10004016:	701a      	strb	r2, [r3, #0]
10004018:	4770      	bx	lr
1000401a:	46c0      	nop			; (mov r8, r8)
1000401c:	20001f8a 	.word	0x20001f8a

10004020 <resetd_xfer_cb>:
10004020:	2001      	movs	r0, #1
10004022:	4770      	bx	lr

10004024 <resetd_control_xfer_cb>:
10004024:	b510      	push	{r4, lr}
10004026:	2901      	cmp	r1, #1
10004028:	d109      	bne.n	1000403e <resetd_control_xfer_cb+0x1a>
1000402a:	4915      	ldr	r1, [pc, #84]	; (10004080 <resetd_control_xfer_cb+0x5c>)
1000402c:	7953      	ldrb	r3, [r2, #5]
1000402e:	7910      	ldrb	r0, [r2, #4]
10004030:	7809      	ldrb	r1, [r1, #0]
10004032:	021b      	lsls	r3, r3, #8
10004034:	4303      	orrs	r3, r0
10004036:	2000      	movs	r0, #0
10004038:	4299      	cmp	r1, r3
1000403a:	d002      	beq.n	10004042 <resetd_control_xfer_cb+0x1e>
1000403c:	bd10      	pop	{r4, pc}
1000403e:	2001      	movs	r0, #1
10004040:	e7fc      	b.n	1000403c <resetd_control_xfer_cb+0x18>
10004042:	7853      	ldrb	r3, [r2, #1]
10004044:	2b01      	cmp	r3, #1
10004046:	d008      	beq.n	1000405a <resetd_control_xfer_cb+0x36>
10004048:	2b02      	cmp	r3, #2
1000404a:	d1f7      	bne.n	1000403c <resetd_control_xfer_cb+0x18>
1000404c:	2000      	movs	r0, #0
1000404e:	2264      	movs	r2, #100	; 0x64
10004050:	2100      	movs	r1, #0
10004052:	f7fd fa6b 	bl	1000152c <watchdog_reboot>
10004056:	2001      	movs	r0, #1
10004058:	e7f0      	b.n	1000403c <resetd_control_xfer_cb+0x18>
1000405a:	78d3      	ldrb	r3, [r2, #3]
1000405c:	7891      	ldrb	r1, [r2, #2]
1000405e:	021b      	lsls	r3, r3, #8
10004060:	4319      	orrs	r1, r3
10004062:	05db      	lsls	r3, r3, #23
10004064:	d507      	bpl.n	10004076 <resetd_control_xfer_cb+0x52>
10004066:	0a4a      	lsrs	r2, r1, #9
10004068:	0010      	movs	r0, r2
1000406a:	2301      	movs	r3, #1
1000406c:	401a      	ands	r2, r3
1000406e:	337e      	adds	r3, #126	; 0x7e
10004070:	4019      	ands	r1, r3
10004072:	f7fd fae1 	bl	10001638 <rom_reset_usb_boot_extra>
10004076:	2001      	movs	r0, #1
10004078:	0a4a      	lsrs	r2, r1, #9
1000407a:	4240      	negs	r0, r0
1000407c:	e7f5      	b.n	1000406a <resetd_control_xfer_cb+0x46>
1000407e:	46c0      	nop			; (mov r8, r8)
10004080:	20001f8a 	.word	0x20001f8a

10004084 <tud_descriptor_bos_cb>:
10004084:	4800      	ldr	r0, [pc, #0]	; (10004088 <tud_descriptor_bos_cb+0x4>)
10004086:	4770      	bx	lr
10004088:	10006cec 	.word	0x10006cec

1000408c <tud_vendor_control_xfer_cb>:
1000408c:	b570      	push	{r4, r5, r6, lr}
1000408e:	0005      	movs	r5, r0
10004090:	0014      	movs	r4, r2
10004092:	2001      	movs	r0, #1
10004094:	2901      	cmp	r1, #1
10004096:	d109      	bne.n	100040ac <tud_vendor_control_xfer_cb+0x20>
10004098:	7853      	ldrb	r3, [r2, #1]
1000409a:	2000      	movs	r0, #0
1000409c:	2b01      	cmp	r3, #1
1000409e:	d105      	bne.n	100040ac <tud_vendor_control_xfer_cb+0x20>
100040a0:	7963      	ldrb	r3, [r4, #5]
100040a2:	7912      	ldrb	r2, [r2, #4]
100040a4:	021b      	lsls	r3, r3, #8
100040a6:	4313      	orrs	r3, r2
100040a8:	2b07      	cmp	r3, #7
100040aa:	d000      	beq.n	100040ae <tud_vendor_control_xfer_cb+0x22>
100040ac:	bd70      	pop	{r4, r5, r6, pc}
100040ae:	0021      	movs	r1, r4
100040b0:	0028      	movs	r0, r5
100040b2:	4a02      	ldr	r2, [pc, #8]	; (100040bc <tud_vendor_control_xfer_cb+0x30>)
100040b4:	339f      	adds	r3, #159	; 0x9f
100040b6:	f001 fa61 	bl	1000557c <tud_control_xfer>
100040ba:	e7f7      	b.n	100040ac <tud_vendor_control_xfer_cb+0x20>
100040bc:	10006d10 	.word	0x10006d10

100040c0 <usbd_app_driver_get_cb>:
100040c0:	2301      	movs	r3, #1
100040c2:	7003      	strb	r3, [r0, #0]
100040c4:	4800      	ldr	r0, [pc, #0]	; (100040c8 <usbd_app_driver_get_cb+0x8>)
100040c6:	4770      	bx	lr
100040c8:	10006ccc 	.word	0x10006ccc

100040cc <tud_cdc_line_coding_cb>:
100040cc:	7848      	ldrb	r0, [r1, #1]
100040ce:	780b      	ldrb	r3, [r1, #0]
100040d0:	788a      	ldrb	r2, [r1, #2]
100040d2:	0200      	lsls	r0, r0, #8
100040d4:	4318      	orrs	r0, r3
100040d6:	0412      	lsls	r2, r2, #16
100040d8:	4310      	orrs	r0, r2
100040da:	2296      	movs	r2, #150	; 0x96
100040dc:	78cb      	ldrb	r3, [r1, #3]
100040de:	b510      	push	{r4, lr}
100040e0:	061b      	lsls	r3, r3, #24
100040e2:	4303      	orrs	r3, r0
100040e4:	00d2      	lsls	r2, r2, #3
100040e6:	4293      	cmp	r3, r2
100040e8:	d000      	beq.n	100040ec <tud_cdc_line_coding_cb+0x20>
100040ea:	bd10      	pop	{r4, pc}
100040ec:	2200      	movs	r2, #0
100040ee:	2001      	movs	r0, #1
100040f0:	0011      	movs	r1, r2
100040f2:	4240      	negs	r0, r0
100040f4:	f7fd faa0 	bl	10001638 <rom_reset_usb_boot_extra>

100040f8 <stdio_usb_set_chars_available_callback>:
100040f8:	4b02      	ldr	r3, [pc, #8]	; (10004104 <stdio_usb_set_chars_available_callback+0xc>)
100040fa:	6018      	str	r0, [r3, #0]
100040fc:	4b02      	ldr	r3, [pc, #8]	; (10004108 <stdio_usb_set_chars_available_callback+0x10>)
100040fe:	6019      	str	r1, [r3, #0]
10004100:	4770      	bx	lr
10004102:	46c0      	nop			; (mov r8, r8)
10004104:	20001acc 	.word	0x20001acc
10004108:	20001ad0 	.word	0x20001ad0

1000410c <usb_irq>:
1000410c:	b510      	push	{r4, lr}
1000410e:	4b02      	ldr	r3, [pc, #8]	; (10004118 <usb_irq+0xc>)
10004110:	7818      	ldrb	r0, [r3, #0]
10004112:	f7fc fa8f 	bl	10000634 <irq_set_pending>
10004116:	bd10      	pop	{r4, pc}
10004118:	20001f8b 	.word	0x20001f8b

1000411c <timer_task>:
1000411c:	4b15      	ldr	r3, [pc, #84]	; (10004174 <timer_task+0x58>)
1000411e:	b570      	push	{r4, r5, r6, lr}
10004120:	681a      	ldr	r2, [r3, #0]
10004122:	2a00      	cmp	r2, #0
10004124:	d022      	beq.n	1000416c <timer_task+0x50>
10004126:	f3ef 8110 	mrs	r1, PRIMASK
1000412a:	b672      	cpsid	i
1000412c:	6810      	ldr	r0, [r2, #0]
1000412e:	2800      	cmp	r0, #0
10004130:	d0fc      	beq.n	1000412c <timer_task+0x10>
10004132:	f3bf 8f5f 	dmb	sy
10004136:	2200      	movs	r2, #0
10004138:	480f      	ldr	r0, [pc, #60]	; (10004178 <timer_task+0x5c>)
1000413a:	6059      	str	r1, [r3, #4]
1000413c:	7002      	strb	r2, [r0, #0]
1000413e:	681b      	ldr	r3, [r3, #0]
10004140:	f3bf 8f5f 	dmb	sy
10004144:	601a      	str	r2, [r3, #0]
10004146:	f381 8810 	msr	PRIMASK, r1
1000414a:	2400      	movs	r4, #0
1000414c:	2500      	movs	r5, #0
1000414e:	4e0b      	ldr	r6, [pc, #44]	; (1000417c <timer_task+0x60>)
10004150:	7830      	ldrb	r0, [r6, #0]
10004152:	f7fc fa63 	bl	1000061c <irq_is_enabled>
10004156:	2800      	cmp	r0, #0
10004158:	d104      	bne.n	10004164 <timer_task+0x48>
1000415a:	2400      	movs	r4, #0
1000415c:	2500      	movs	r5, #0
1000415e:	0029      	movs	r1, r5
10004160:	0020      	movs	r0, r4
10004162:	bd70      	pop	{r4, r5, r6, pc}
10004164:	7830      	ldrb	r0, [r6, #0]
10004166:	f7fc fa65 	bl	10000634 <irq_set_pending>
1000416a:	e7f8      	b.n	1000415e <timer_task+0x42>
1000416c:	24fa      	movs	r4, #250	; 0xfa
1000416e:	2500      	movs	r5, #0
10004170:	00a4      	lsls	r4, r4, #2
10004172:	e7ec      	b.n	1000414e <timer_task+0x32>
10004174:	20001f44 	.word	0x20001f44
10004178:	20001f8c 	.word	0x20001f8c
1000417c:	20001f8b 	.word	0x20001f8b

10004180 <stdio_usb_in_chars>:
10004180:	b570      	push	{r4, r5, r6, lr}
10004182:	0004      	movs	r4, r0
10004184:	2000      	movs	r0, #0
10004186:	000e      	movs	r6, r1
10004188:	f001 fb22 	bl	100057d0 <tud_cdc_n_connected>
1000418c:	2800      	cmp	r0, #0
1000418e:	d035      	beq.n	100041fc <stdio_usb_in_chars+0x7c>
10004190:	2000      	movs	r0, #0
10004192:	f001 fb33 	bl	100057fc <tud_cdc_n_available>
10004196:	2800      	cmp	r0, #0
10004198:	d030      	beq.n	100041fc <stdio_usb_in_chars+0x7c>
1000419a:	f7fd f869 	bl	10001270 <time_us_64>
1000419e:	2300      	movs	r3, #0
100041a0:	4a18      	ldr	r2, [pc, #96]	; (10004204 <stdio_usb_in_chars+0x84>)
100041a2:	1812      	adds	r2, r2, r0
100041a4:	414b      	adcs	r3, r1
100041a6:	2b00      	cmp	r3, #0
100041a8:	db24      	blt.n	100041f4 <stdio_usb_in_chars+0x74>
100041aa:	4d17      	ldr	r5, [pc, #92]	; (10004208 <stdio_usb_in_chars+0x88>)
100041ac:	0028      	movs	r0, r5
100041ae:	f002 fb93 	bl	100068d8 <__mutex_try_enter_block_until_veneer>
100041b2:	2800      	cmp	r0, #0
100041b4:	d022      	beq.n	100041fc <stdio_usb_in_chars+0x7c>
100041b6:	2000      	movs	r0, #0
100041b8:	f001 fb0a 	bl	100057d0 <tud_cdc_n_connected>
100041bc:	2800      	cmp	r0, #0
100041be:	d10b      	bne.n	100041d8 <stdio_usb_in_chars+0x58>
100041c0:	2001      	movs	r0, #1
100041c2:	2100      	movs	r1, #0
100041c4:	2403      	movs	r4, #3
100041c6:	4240      	negs	r0, r0
100041c8:	f000 fd0a 	bl	10004be0 <tud_task_ext>
100041cc:	4264      	negs	r4, r4
100041ce:	0028      	movs	r0, r5
100041d0:	f002 fb42 	bl	10006858 <__mutex_exit_veneer>
100041d4:	0020      	movs	r0, r4
100041d6:	bd70      	pop	{r4, r5, r6, pc}
100041d8:	2000      	movs	r0, #0
100041da:	f001 fb0f 	bl	100057fc <tud_cdc_n_available>
100041de:	2800      	cmp	r0, #0
100041e0:	d0ee      	beq.n	100041c0 <stdio_usb_in_chars+0x40>
100041e2:	0021      	movs	r1, r4
100041e4:	0032      	movs	r2, r6
100041e6:	2000      	movs	r0, #0
100041e8:	f001 fb14 	bl	10005814 <tud_cdc_n_read>
100041ec:	1e04      	subs	r4, r0, #0
100041ee:	d1ee      	bne.n	100041ce <stdio_usb_in_chars+0x4e>
100041f0:	3c03      	subs	r4, #3
100041f2:	e7ec      	b.n	100041ce <stdio_usb_in_chars+0x4e>
100041f4:	2201      	movs	r2, #1
100041f6:	4b05      	ldr	r3, [pc, #20]	; (1000420c <stdio_usb_in_chars+0x8c>)
100041f8:	4252      	negs	r2, r2
100041fa:	e7d6      	b.n	100041aa <stdio_usb_in_chars+0x2a>
100041fc:	2403      	movs	r4, #3
100041fe:	4264      	negs	r4, r4
10004200:	e7e8      	b.n	100041d4 <stdio_usb_in_chars+0x54>
10004202:	46c0      	nop			; (mov r8, r8)
10004204:	000f4240 	.word	0x000f4240
10004208:	20001f6c 	.word	0x20001f6c
1000420c:	7fffffff 	.word	0x7fffffff

10004210 <stdio_usb_out_flush>:
10004210:	b510      	push	{r4, lr}
10004212:	f7fd f82d 	bl	10001270 <time_us_64>
10004216:	2300      	movs	r3, #0
10004218:	4a0e      	ldr	r2, [pc, #56]	; (10004254 <stdio_usb_out_flush+0x44>)
1000421a:	1812      	adds	r2, r2, r0
1000421c:	414b      	adcs	r3, r1
1000421e:	2b00      	cmp	r3, #0
10004220:	db13      	blt.n	1000424a <stdio_usb_out_flush+0x3a>
10004222:	4c0d      	ldr	r4, [pc, #52]	; (10004258 <stdio_usb_out_flush+0x48>)
10004224:	0020      	movs	r0, r4
10004226:	f002 fb57 	bl	100068d8 <__mutex_try_enter_block_until_veneer>
1000422a:	2800      	cmp	r0, #0
1000422c:	d00c      	beq.n	10004248 <stdio_usb_out_flush+0x38>
1000422e:	2001      	movs	r0, #1
10004230:	2100      	movs	r1, #0
10004232:	4240      	negs	r0, r0
10004234:	f000 fcd4 	bl	10004be0 <tud_task_ext>
10004238:	2000      	movs	r0, #0
1000423a:	f001 fb35 	bl	100058a8 <tud_cdc_n_write_flush>
1000423e:	2800      	cmp	r0, #0
10004240:	d1f5      	bne.n	1000422e <stdio_usb_out_flush+0x1e>
10004242:	0020      	movs	r0, r4
10004244:	f002 fb08 	bl	10006858 <__mutex_exit_veneer>
10004248:	bd10      	pop	{r4, pc}
1000424a:	2201      	movs	r2, #1
1000424c:	4b03      	ldr	r3, [pc, #12]	; (1000425c <stdio_usb_out_flush+0x4c>)
1000424e:	4252      	negs	r2, r2
10004250:	e7e7      	b.n	10004222 <stdio_usb_out_flush+0x12>
10004252:	46c0      	nop			; (mov r8, r8)
10004254:	000f4240 	.word	0x000f4240
10004258:	20001f6c 	.word	0x20001f6c
1000425c:	7fffffff 	.word	0x7fffffff

10004260 <stdio_usb_out_chars>:
10004260:	b5f8      	push	{r3, r4, r5, r6, r7, lr}
10004262:	46de      	mov	lr, fp
10004264:	4657      	mov	r7, sl
10004266:	b580      	push	{r7, lr}
10004268:	0005      	movs	r5, r0
1000426a:	000c      	movs	r4, r1
1000426c:	f7fd f800 	bl	10001270 <time_us_64>
10004270:	2300      	movs	r3, #0
10004272:	4a36      	ldr	r2, [pc, #216]	; (1000434c <stdio_usb_out_chars+0xec>)
10004274:	1812      	adds	r2, r2, r0
10004276:	414b      	adcs	r3, r1
10004278:	2b00      	cmp	r3, #0
1000427a:	db5a      	blt.n	10004332 <stdio_usb_out_chars+0xd2>
1000427c:	4934      	ldr	r1, [pc, #208]	; (10004350 <stdio_usb_out_chars+0xf0>)
1000427e:	0008      	movs	r0, r1
10004280:	468a      	mov	sl, r1
10004282:	f002 fb29 	bl	100068d8 <__mutex_try_enter_block_until_veneer>
10004286:	2800      	cmp	r0, #0
10004288:	d103      	bne.n	10004292 <stdio_usb_out_chars+0x32>
1000428a:	bcc0      	pop	{r6, r7}
1000428c:	46bb      	mov	fp, r7
1000428e:	46b2      	mov	sl, r6
10004290:	bdf8      	pop	{r3, r4, r5, r6, r7, pc}
10004292:	2000      	movs	r0, #0
10004294:	f001 fa9c 	bl	100057d0 <tud_cdc_n_connected>
10004298:	2800      	cmp	r0, #0
1000429a:	d04e      	beq.n	1000433a <stdio_usb_out_chars+0xda>
1000429c:	2600      	movs	r6, #0
1000429e:	2c00      	cmp	r4, #0
100042a0:	dd43      	ble.n	1000432a <stdio_usb_out_chars+0xca>
100042a2:	4b2c      	ldr	r3, [pc, #176]	; (10004354 <stdio_usb_out_chars+0xf4>)
100042a4:	469b      	mov	fp, r3
100042a6:	e014      	b.n	100042d2 <stdio_usb_out_chars+0x72>
100042a8:	19a9      	adds	r1, r5, r6
100042aa:	2000      	movs	r0, #0
100042ac:	f001 fb38 	bl	10005920 <tud_cdc_n_write>
100042b0:	0007      	movs	r7, r0
100042b2:	2001      	movs	r0, #1
100042b4:	2100      	movs	r1, #0
100042b6:	4240      	negs	r0, r0
100042b8:	f000 fc92 	bl	10004be0 <tud_task_ext>
100042bc:	2000      	movs	r0, #0
100042be:	f001 faf3 	bl	100058a8 <tud_cdc_n_write_flush>
100042c2:	f7fc ffd5 	bl	10001270 <time_us_64>
100042c6:	4b23      	ldr	r3, [pc, #140]	; (10004354 <stdio_usb_out_chars+0xf4>)
100042c8:	19f6      	adds	r6, r6, r7
100042ca:	6018      	str	r0, [r3, #0]
100042cc:	6059      	str	r1, [r3, #4]
100042ce:	42b4      	cmp	r4, r6
100042d0:	dd2b      	ble.n	1000432a <stdio_usb_out_chars+0xca>
100042d2:	2000      	movs	r0, #0
100042d4:	f001 fb46 	bl	10005964 <tud_cdc_n_write_available>
100042d8:	1ba7      	subs	r7, r4, r6
100042da:	0002      	movs	r2, r0
100042dc:	42b8      	cmp	r0, r7
100042de:	dd00      	ble.n	100042e2 <stdio_usb_out_chars+0x82>
100042e0:	003a      	movs	r2, r7
100042e2:	2a00      	cmp	r2, #0
100042e4:	d1e0      	bne.n	100042a8 <stdio_usb_out_chars+0x48>
100042e6:	2001      	movs	r0, #1
100042e8:	2100      	movs	r1, #0
100042ea:	4240      	negs	r0, r0
100042ec:	f000 fc78 	bl	10004be0 <tud_task_ext>
100042f0:	2000      	movs	r0, #0
100042f2:	f001 fad9 	bl	100058a8 <tud_cdc_n_write_flush>
100042f6:	2000      	movs	r0, #0
100042f8:	f001 fa6a 	bl	100057d0 <tud_cdc_n_connected>
100042fc:	2800      	cmp	r0, #0
100042fe:	d014      	beq.n	1000432a <stdio_usb_out_chars+0xca>
10004300:	2000      	movs	r0, #0
10004302:	f001 fb2f 	bl	10005964 <tud_cdc_n_write_available>
10004306:	2800      	cmp	r0, #0
10004308:	d1e1      	bne.n	100042ce <stdio_usb_out_chars+0x6e>
1000430a:	f7fc ffb1 	bl	10001270 <time_us_64>
1000430e:	465b      	mov	r3, fp
10004310:	000f      	movs	r7, r1
10004312:	681a      	ldr	r2, [r3, #0]
10004314:	685b      	ldr	r3, [r3, #4]
10004316:	2100      	movs	r1, #0
10004318:	4684      	mov	ip, r0
1000431a:	480f      	ldr	r0, [pc, #60]	; (10004358 <stdio_usb_out_chars+0xf8>)
1000431c:	1812      	adds	r2, r2, r0
1000431e:	414b      	adcs	r3, r1
10004320:	429f      	cmp	r7, r3
10004322:	d802      	bhi.n	1000432a <stdio_usb_out_chars+0xca>
10004324:	d1d3      	bne.n	100042ce <stdio_usb_out_chars+0x6e>
10004326:	4594      	cmp	ip, r2
10004328:	d9d1      	bls.n	100042ce <stdio_usb_out_chars+0x6e>
1000432a:	4650      	mov	r0, sl
1000432c:	f002 fa94 	bl	10006858 <__mutex_exit_veneer>
10004330:	e7ab      	b.n	1000428a <stdio_usb_out_chars+0x2a>
10004332:	2201      	movs	r2, #1
10004334:	4b09      	ldr	r3, [pc, #36]	; (1000435c <stdio_usb_out_chars+0xfc>)
10004336:	4252      	negs	r2, r2
10004338:	e7a0      	b.n	1000427c <stdio_usb_out_chars+0x1c>
1000433a:	2000      	movs	r0, #0
1000433c:	2100      	movs	r1, #0
1000433e:	4b05      	ldr	r3, [pc, #20]	; (10004354 <stdio_usb_out_chars+0xf4>)
10004340:	6018      	str	r0, [r3, #0]
10004342:	6059      	str	r1, [r3, #4]
10004344:	4650      	mov	r0, sl
10004346:	f002 fa87 	bl	10006858 <__mutex_exit_veneer>
1000434a:	e79e      	b.n	1000428a <stdio_usb_out_chars+0x2a>
1000434c:	000f4240 	.word	0x000f4240
10004350:	20001f6c 	.word	0x20001f6c
10004354:	20001210 	.word	0x20001210
10004358:	0007a120 	.word	0x0007a120
1000435c:	7fffffff 	.word	0x7fffffff

10004360 <low_priority_worker_irq>:
10004360:	b530      	push	{r4, r5, lr}
10004362:	4c2a      	ldr	r4, [pc, #168]	; (1000440c <low_priority_worker_irq+0xac>)
10004364:	b085      	sub	sp, #20
10004366:	2100      	movs	r1, #0
10004368:	0020      	movs	r0, r4
1000436a:	f002 fa95 	bl	10006898 <__mutex_try_enter_veneer>
1000436e:	2800      	cmp	r0, #0
10004370:	d11c      	bne.n	100043ac <low_priority_worker_irq+0x4c>
10004372:	4b27      	ldr	r3, [pc, #156]	; (10004410 <low_priority_worker_irq+0xb0>)
10004374:	681a      	ldr	r2, [r3, #0]
10004376:	2a00      	cmp	r2, #0
10004378:	d016      	beq.n	100043a8 <low_priority_worker_irq+0x48>
1000437a:	f3ef 8110 	mrs	r1, PRIMASK
1000437e:	b672      	cpsid	i
10004380:	6810      	ldr	r0, [r2, #0]
10004382:	2800      	cmp	r0, #0
10004384:	d0fc      	beq.n	10004380 <low_priority_worker_irq+0x20>
10004386:	f3bf 8f5f 	dmb	sy
1000438a:	2401      	movs	r4, #1
1000438c:	4821      	ldr	r0, [pc, #132]	; (10004414 <low_priority_worker_irq+0xb4>)
1000438e:	6059      	str	r1, [r3, #4]
10004390:	7802      	ldrb	r2, [r0, #0]
10004392:	681b      	ldr	r3, [r3, #0]
10004394:	b2d2      	uxtb	r2, r2
10004396:	7004      	strb	r4, [r0, #0]
10004398:	f3bf 8f5f 	dmb	sy
1000439c:	2000      	movs	r0, #0
1000439e:	6018      	str	r0, [r3, #0]
100043a0:	f381 8810 	msr	PRIMASK, r1
100043a4:	2a00      	cmp	r2, #0
100043a6:	d017      	beq.n	100043d8 <low_priority_worker_irq+0x78>
100043a8:	b005      	add	sp, #20
100043aa:	bd30      	pop	{r4, r5, pc}
100043ac:	2001      	movs	r0, #1
100043ae:	2100      	movs	r1, #0
100043b0:	4240      	negs	r0, r0
100043b2:	f000 fc15 	bl	10004be0 <tud_task_ext>
100043b6:	2000      	movs	r0, #0
100043b8:	f001 fa20 	bl	100057fc <tud_cdc_n_available>
100043bc:	0005      	movs	r5, r0
100043be:	0020      	movs	r0, r4
100043c0:	f002 fa4a 	bl	10006858 <__mutex_exit_veneer>
100043c4:	2d00      	cmp	r5, #0
100043c6:	d0ef      	beq.n	100043a8 <low_priority_worker_irq+0x48>
100043c8:	4b13      	ldr	r3, [pc, #76]	; (10004418 <low_priority_worker_irq+0xb8>)
100043ca:	681b      	ldr	r3, [r3, #0]
100043cc:	2b00      	cmp	r3, #0
100043ce:	d0eb      	beq.n	100043a8 <low_priority_worker_irq+0x48>
100043d0:	4a12      	ldr	r2, [pc, #72]	; (1000441c <low_priority_worker_irq+0xbc>)
100043d2:	6810      	ldr	r0, [r2, #0]
100043d4:	4798      	blx	r3
100043d6:	e7e7      	b.n	100043a8 <low_priority_worker_irq+0x48>
100043d8:	f7fc fd38 	bl	10000e4c <alarm_pool_get_default>
100043dc:	0004      	movs	r4, r0
100043de:	f7fc ff47 	bl	10001270 <time_us_64>
100043e2:	22fa      	movs	r2, #250	; 0xfa
100043e4:	2300      	movs	r3, #0
100043e6:	0092      	lsls	r2, r2, #2
100043e8:	1812      	adds	r2, r2, r0
100043ea:	414b      	adcs	r3, r1
100043ec:	2b00      	cmp	r3, #0
100043ee:	db09      	blt.n	10004404 <low_priority_worker_irq+0xa4>
100043f0:	2101      	movs	r1, #1
100043f2:	9102      	str	r1, [sp, #8]
100043f4:	2100      	movs	r1, #0
100043f6:	9101      	str	r1, [sp, #4]
100043f8:	4909      	ldr	r1, [pc, #36]	; (10004420 <low_priority_worker_irq+0xc0>)
100043fa:	0020      	movs	r0, r4
100043fc:	9100      	str	r1, [sp, #0]
100043fe:	f7fc fd29 	bl	10000e54 <alarm_pool_add_alarm_at>
10004402:	e7d1      	b.n	100043a8 <low_priority_worker_irq+0x48>
10004404:	2201      	movs	r2, #1
10004406:	4b07      	ldr	r3, [pc, #28]	; (10004424 <low_priority_worker_irq+0xc4>)
10004408:	4252      	negs	r2, r2
1000440a:	e7f1      	b.n	100043f0 <low_priority_worker_irq+0x90>
1000440c:	20001f6c 	.word	0x20001f6c
10004410:	20001f44 	.word	0x20001f44
10004414:	20001f8c 	.word	0x20001f8c
10004418:	20001acc 	.word	0x20001acc
1000441c:	20001ad0 	.word	0x20001ad0
10004420:	1000411d 	.word	0x1000411d
10004424:	7fffffff 	.word	0x7fffffff

10004428 <stdio_usb_init>:
10004428:	23d0      	movs	r3, #208	; 0xd0
1000442a:	b510      	push	{r4, lr}
1000442c:	061b      	lsls	r3, r3, #24
1000442e:	b084      	sub	sp, #16
10004430:	681c      	ldr	r4, [r3, #0]
10004432:	f7fc fd0b 	bl	10000e4c <alarm_pool_get_default>
10004436:	f7fc fe07 	bl	10001048 <alarm_pool_core_num>
1000443a:	42a0      	cmp	r0, r4
1000443c:	d002      	beq.n	10004444 <stdio_usb_init+0x1c>
1000443e:	2000      	movs	r0, #0
10004440:	b004      	add	sp, #16
10004442:	bd10      	pop	{r4, pc}
10004444:	4b29      	ldr	r3, [pc, #164]	; (100044ec <stdio_usb_init+0xc4>)
10004446:	2100      	movs	r1, #0
10004448:	2000      	movs	r0, #0
1000444a:	781b      	ldrb	r3, [r3, #0]
1000444c:	f001 fd7e 	bl	10005f4c <tusb_rhport_init>
10004450:	4827      	ldr	r0, [pc, #156]	; (100044f0 <stdio_usb_init+0xc8>)
10004452:	6803      	ldr	r3, [r0, #0]
10004454:	2b00      	cmp	r3, #0
10004456:	d041      	beq.n	100044dc <stdio_usb_init+0xb4>
10004458:	2001      	movs	r0, #1
1000445a:	f7fc fa7d 	bl	10000958 <user_irq_claim_unused>
1000445e:	23ff      	movs	r3, #255	; 0xff
10004460:	4c24      	ldr	r4, [pc, #144]	; (100044f4 <stdio_usb_init+0xcc>)
10004462:	4925      	ldr	r1, [pc, #148]	; (100044f8 <stdio_usb_init+0xd0>)
10004464:	7020      	strb	r0, [r4, #0]
10004466:	4018      	ands	r0, r3
10004468:	f7fc f8fe 	bl	10000668 <irq_set_exclusive_handler>
1000446c:	7820      	ldrb	r0, [r4, #0]
1000446e:	2101      	movs	r1, #1
10004470:	f7fc f8c2 	bl	100005f8 <irq_set_enabled>
10004474:	2005      	movs	r0, #5
10004476:	f7fc f8e5 	bl	10000644 <irq_has_shared_handler>
1000447a:	2800      	cmp	r0, #0
1000447c:	d121      	bne.n	100044c2 <stdio_usb_init+0x9a>
1000447e:	2208      	movs	r2, #8
10004480:	2100      	movs	r1, #0
10004482:	481e      	ldr	r0, [pc, #120]	; (100044fc <stdio_usb_init+0xd4>)
10004484:	f7fe f894 	bl	100025b0 <__wrap_memset>
10004488:	f7fc fce0 	bl	10000e4c <alarm_pool_get_default>
1000448c:	0004      	movs	r4, r0
1000448e:	f7fc feef 	bl	10001270 <time_us_64>
10004492:	22fa      	movs	r2, #250	; 0xfa
10004494:	2300      	movs	r3, #0
10004496:	0092      	lsls	r2, r2, #2
10004498:	1812      	adds	r2, r2, r0
1000449a:	414b      	adcs	r3, r1
1000449c:	2b00      	cmp	r3, #0
1000449e:	db20      	blt.n	100044e2 <stdio_usb_init+0xba>
100044a0:	2101      	movs	r1, #1
100044a2:	9102      	str	r1, [sp, #8]
100044a4:	2100      	movs	r1, #0
100044a6:	9101      	str	r1, [sp, #4]
100044a8:	4915      	ldr	r1, [pc, #84]	; (10004500 <stdio_usb_init+0xd8>)
100044aa:	0020      	movs	r0, r4
100044ac:	9100      	str	r1, [sp, #0]
100044ae:	f7fc fcd1 	bl	10000e54 <alarm_pool_add_alarm_at>
100044b2:	2800      	cmp	r0, #0
100044b4:	dbc3      	blt.n	1000443e <stdio_usb_init+0x16>
100044b6:	4813      	ldr	r0, [pc, #76]	; (10004504 <stdio_usb_init+0xdc>)
100044b8:	2101      	movs	r1, #1
100044ba:	f7ff fc97 	bl	10003dec <stdio_set_driver_enabled>
100044be:	2001      	movs	r0, #1
100044c0:	e7be      	b.n	10004440 <stdio_usb_init+0x18>
100044c2:	2001      	movs	r0, #1
100044c4:	f7fc f868 	bl	10000598 <spin_lock_claim_unused>
100044c8:	0001      	movs	r1, r0
100044ca:	480c      	ldr	r0, [pc, #48]	; (100044fc <stdio_usb_init+0xd4>)
100044cc:	f7fc faaa 	bl	10000a24 <critical_section_init_with_lock_num>
100044d0:	2200      	movs	r2, #0
100044d2:	2005      	movs	r0, #5
100044d4:	490c      	ldr	r1, [pc, #48]	; (10004508 <stdio_usb_init+0xe0>)
100044d6:	f7fc f8f1 	bl	100006bc <irq_add_shared_handler>
100044da:	e7ec      	b.n	100044b6 <stdio_usb_init+0x8e>
100044dc:	f7fc fa84 	bl	100009e8 <mutex_init>
100044e0:	e7ba      	b.n	10004458 <stdio_usb_init+0x30>
100044e2:	2201      	movs	r2, #1
100044e4:	4b09      	ldr	r3, [pc, #36]	; (1000450c <stdio_usb_init+0xe4>)
100044e6:	4252      	negs	r2, r2
100044e8:	e7da      	b.n	100044a0 <stdio_usb_init+0x78>
100044ea:	46c0      	nop			; (mov r8, r8)
100044ec:	10006fe4 	.word	0x10006fe4
100044f0:	20001f6c 	.word	0x20001f6c
100044f4:	20001f8b 	.word	0x20001f8b
100044f8:	10004361 	.word	0x10004361
100044fc:	20001f44 	.word	0x20001f44
10004500:	1000411d 	.word	0x1000411d
10004504:	20001050 	.word	0x20001050
10004508:	1000410d 	.word	0x1000410d
1000450c:	7fffffff 	.word	0x7fffffff

10004510 <tud_descriptor_device_cb>:
10004510:	4800      	ldr	r0, [pc, #0]	; (10004514 <tud_descriptor_device_cb+0x4>)
10004512:	4770      	bx	lr
10004514:	10006e58 	.word	0x10006e58

10004518 <tud_descriptor_configuration_cb>:
10004518:	4800      	ldr	r0, [pc, #0]	; (1000451c <tud_descriptor_configuration_cb+0x4>)
1000451a:	4770      	bx	lr
1000451c:	10006e04 	.word	0x10006e04

10004520 <tud_descriptor_string_cb>:
10004520:	b570      	push	{r4, r5, r6, lr}
10004522:	0004      	movs	r4, r0
10004524:	4817      	ldr	r0, [pc, #92]	; (10004584 <tud_descriptor_string_cb+0x64>)
10004526:	7803      	ldrb	r3, [r0, #0]
10004528:	2b00      	cmp	r3, #0
1000452a:	d021      	beq.n	10004570 <tud_descriptor_string_cb+0x50>
1000452c:	2c00      	cmp	r4, #0
1000452e:	d106      	bne.n	1000453e <tud_descriptor_string_cb+0x1e>
10004530:	24c1      	movs	r4, #193	; 0xc1
10004532:	4815      	ldr	r0, [pc, #84]	; (10004588 <tud_descriptor_string_cb+0x68>)
10004534:	4b15      	ldr	r3, [pc, #84]	; (1000458c <tud_descriptor_string_cb+0x6c>)
10004536:	00a4      	lsls	r4, r4, #2
10004538:	8043      	strh	r3, [r0, #2]
1000453a:	8004      	strh	r4, [r0, #0]
1000453c:	bd70      	pop	{r4, r5, r6, pc}
1000453e:	2c05      	cmp	r4, #5
10004540:	d81d      	bhi.n	1000457e <tud_descriptor_string_cb+0x5e>
10004542:	4b13      	ldr	r3, [pc, #76]	; (10004590 <tud_descriptor_string_cb+0x70>)
10004544:	4810      	ldr	r0, [pc, #64]	; (10004588 <tud_descriptor_string_cb+0x68>)
10004546:	00a4      	lsls	r4, r4, #2
10004548:	58e5      	ldr	r5, [r4, r3]
1000454a:	1c81      	adds	r1, r0, #2
1000454c:	2300      	movs	r3, #0
1000454e:	e004      	b.n	1000455a <tud_descriptor_string_cb+0x3a>
10004550:	3301      	adds	r3, #1
10004552:	800a      	strh	r2, [r1, #0]
10004554:	3102      	adds	r1, #2
10004556:	2b13      	cmp	r3, #19
10004558:	d00e      	beq.n	10004578 <tud_descriptor_string_cb+0x58>
1000455a:	5cea      	ldrb	r2, [r5, r3]
1000455c:	b2dc      	uxtb	r4, r3
1000455e:	2a00      	cmp	r2, #0
10004560:	d1f6      	bne.n	10004550 <tud_descriptor_string_cb+0x30>
10004562:	23c0      	movs	r3, #192	; 0xc0
10004564:	3401      	adds	r4, #1
10004566:	b2e4      	uxtb	r4, r4
10004568:	0064      	lsls	r4, r4, #1
1000456a:	009b      	lsls	r3, r3, #2
1000456c:	431c      	orrs	r4, r3
1000456e:	e7e4      	b.n	1000453a <tud_descriptor_string_cb+0x1a>
10004570:	2111      	movs	r1, #17
10004572:	f000 f817 	bl	100045a4 <pico_get_unique_board_id_string>
10004576:	e7d9      	b.n	1000452c <tud_descriptor_string_cb+0xc>
10004578:	24ca      	movs	r4, #202	; 0xca
1000457a:	00a4      	lsls	r4, r4, #2
1000457c:	e7dd      	b.n	1000453a <tud_descriptor_string_cb+0x1a>
1000457e:	2000      	movs	r0, #0
10004580:	e7dc      	b.n	1000453c <tud_descriptor_string_cb+0x1c>
10004582:	46c0      	nop			; (mov r8, r8)
10004584:	20001f74 	.word	0x20001f74
10004588:	20001b04 	.word	0x20001b04
1000458c:	00000409 	.word	0x00000409
10004590:	10006e6c 	.word	0x10006e6c

10004594 <_retrieve_unique_id_on_boot>:
10004594:	b510      	push	{r4, lr}
10004596:	4802      	ldr	r0, [pc, #8]	; (100045a0 <_retrieve_unique_id_on_boot+0xc>)
10004598:	f000 f8d8 	bl	1000474c <flash_get_unique_id>
1000459c:	bd10      	pop	{r4, pc}
1000459e:	46c0      	nop			; (mov r8, r8)
100045a0:	20001f5c 	.word	0x20001f5c

100045a4 <pico_get_unique_board_id_string>:
100045a4:	b530      	push	{r4, r5, lr}
100045a6:	1e4b      	subs	r3, r1, #1
100045a8:	2901      	cmp	r1, #1
100045aa:	d100      	bne.n	100045ae <pico_get_unique_board_id_string+0xa>
100045ac:	e0a7      	b.n	100046fe <pico_get_unique_board_id_string+0x15a>
100045ae:	4a66      	ldr	r2, [pc, #408]	; (10004748 <pico_get_unique_board_id_string+0x1a4>)
100045b0:	7811      	ldrb	r1, [r2, #0]
100045b2:	110d      	asrs	r5, r1, #4
100045b4:	002c      	movs	r4, r5
100045b6:	3430      	adds	r4, #48	; 0x30
100045b8:	299f      	cmp	r1, #159	; 0x9f
100045ba:	d900      	bls.n	100045be <pico_get_unique_board_id_string+0x1a>
100045bc:	e0a2      	b.n	10004704 <pico_get_unique_board_id_string+0x160>
100045be:	7004      	strb	r4, [r0, #0]
100045c0:	2b01      	cmp	r3, #1
100045c2:	d100      	bne.n	100045c6 <pico_get_unique_board_id_string+0x22>
100045c4:	e0be      	b.n	10004744 <pico_get_unique_board_id_string+0x1a0>
100045c6:	210f      	movs	r1, #15
100045c8:	7814      	ldrb	r4, [r2, #0]
100045ca:	4021      	ands	r1, r4
100045cc:	000c      	movs	r4, r1
100045ce:	3430      	adds	r4, #48	; 0x30
100045d0:	2909      	cmp	r1, #9
100045d2:	dd00      	ble.n	100045d6 <pico_get_unique_board_id_string+0x32>
100045d4:	e098      	b.n	10004708 <pico_get_unique_board_id_string+0x164>
100045d6:	7044      	strb	r4, [r0, #1]
100045d8:	2b02      	cmp	r3, #2
100045da:	d100      	bne.n	100045de <pico_get_unique_board_id_string+0x3a>
100045dc:	e0b2      	b.n	10004744 <pico_get_unique_board_id_string+0x1a0>
100045de:	7854      	ldrb	r4, [r2, #1]
100045e0:	1125      	asrs	r5, r4, #4
100045e2:	0029      	movs	r1, r5
100045e4:	3130      	adds	r1, #48	; 0x30
100045e6:	2c9f      	cmp	r4, #159	; 0x9f
100045e8:	d900      	bls.n	100045ec <pico_get_unique_board_id_string+0x48>
100045ea:	e090      	b.n	1000470e <pico_get_unique_board_id_string+0x16a>
100045ec:	7081      	strb	r1, [r0, #2]
100045ee:	2b03      	cmp	r3, #3
100045f0:	d100      	bne.n	100045f4 <pico_get_unique_board_id_string+0x50>
100045f2:	e0a7      	b.n	10004744 <pico_get_unique_board_id_string+0x1a0>
100045f4:	210f      	movs	r1, #15
100045f6:	4021      	ands	r1, r4
100045f8:	000c      	movs	r4, r1
100045fa:	3430      	adds	r4, #48	; 0x30
100045fc:	2909      	cmp	r1, #9
100045fe:	dd00      	ble.n	10004602 <pico_get_unique_board_id_string+0x5e>
10004600:	e087      	b.n	10004712 <pico_get_unique_board_id_string+0x16e>
10004602:	70c4      	strb	r4, [r0, #3]
10004604:	2b04      	cmp	r3, #4
10004606:	d100      	bne.n	1000460a <pico_get_unique_board_id_string+0x66>
10004608:	e09c      	b.n	10004744 <pico_get_unique_board_id_string+0x1a0>
1000460a:	7894      	ldrb	r4, [r2, #2]
1000460c:	1125      	asrs	r5, r4, #4
1000460e:	0029      	movs	r1, r5
10004610:	3130      	adds	r1, #48	; 0x30
10004612:	2c9f      	cmp	r4, #159	; 0x9f
10004614:	d900      	bls.n	10004618 <pico_get_unique_board_id_string+0x74>
10004616:	e07f      	b.n	10004718 <pico_get_unique_board_id_string+0x174>
10004618:	7101      	strb	r1, [r0, #4]
1000461a:	2b05      	cmp	r3, #5
1000461c:	d100      	bne.n	10004620 <pico_get_unique_board_id_string+0x7c>
1000461e:	e091      	b.n	10004744 <pico_get_unique_board_id_string+0x1a0>
10004620:	210f      	movs	r1, #15
10004622:	4021      	ands	r1, r4
10004624:	000c      	movs	r4, r1
10004626:	3430      	adds	r4, #48	; 0x30
10004628:	2909      	cmp	r1, #9
1000462a:	dd00      	ble.n	1000462e <pico_get_unique_board_id_string+0x8a>
1000462c:	e076      	b.n	1000471c <pico_get_unique_board_id_string+0x178>
1000462e:	7144      	strb	r4, [r0, #5]
10004630:	2b06      	cmp	r3, #6
10004632:	d100      	bne.n	10004636 <pico_get_unique_board_id_string+0x92>
10004634:	e086      	b.n	10004744 <pico_get_unique_board_id_string+0x1a0>
10004636:	78d4      	ldrb	r4, [r2, #3]
10004638:	1125      	asrs	r5, r4, #4
1000463a:	0029      	movs	r1, r5
1000463c:	3130      	adds	r1, #48	; 0x30
1000463e:	2c9f      	cmp	r4, #159	; 0x9f
10004640:	d900      	bls.n	10004644 <pico_get_unique_board_id_string+0xa0>
10004642:	e06e      	b.n	10004722 <pico_get_unique_board_id_string+0x17e>
10004644:	7181      	strb	r1, [r0, #6]
10004646:	2b07      	cmp	r3, #7
10004648:	d100      	bne.n	1000464c <pico_get_unique_board_id_string+0xa8>
1000464a:	e07b      	b.n	10004744 <pico_get_unique_board_id_string+0x1a0>
1000464c:	210f      	movs	r1, #15
1000464e:	4021      	ands	r1, r4
10004650:	000c      	movs	r4, r1
10004652:	3430      	adds	r4, #48	; 0x30
10004654:	2909      	cmp	r1, #9
10004656:	dc66      	bgt.n	10004726 <pico_get_unique_board_id_string+0x182>
10004658:	71c4      	strb	r4, [r0, #7]
1000465a:	2b08      	cmp	r3, #8
1000465c:	d100      	bne.n	10004660 <pico_get_unique_board_id_string+0xbc>
1000465e:	e071      	b.n	10004744 <pico_get_unique_board_id_string+0x1a0>
10004660:	7914      	ldrb	r4, [r2, #4]
10004662:	1125      	asrs	r5, r4, #4
10004664:	0029      	movs	r1, r5
10004666:	3130      	adds	r1, #48	; 0x30
10004668:	2c9f      	cmp	r4, #159	; 0x9f
1000466a:	d85f      	bhi.n	1000472c <pico_get_unique_board_id_string+0x188>
1000466c:	7201      	strb	r1, [r0, #8]
1000466e:	2b09      	cmp	r3, #9
10004670:	d068      	beq.n	10004744 <pico_get_unique_board_id_string+0x1a0>
10004672:	210f      	movs	r1, #15
10004674:	4021      	ands	r1, r4
10004676:	000c      	movs	r4, r1
10004678:	3430      	adds	r4, #48	; 0x30
1000467a:	2909      	cmp	r1, #9
1000467c:	dc58      	bgt.n	10004730 <pico_get_unique_board_id_string+0x18c>
1000467e:	7244      	strb	r4, [r0, #9]
10004680:	2b0a      	cmp	r3, #10
10004682:	d05f      	beq.n	10004744 <pico_get_unique_board_id_string+0x1a0>
10004684:	7954      	ldrb	r4, [r2, #5]
10004686:	1125      	asrs	r5, r4, #4
10004688:	0029      	movs	r1, r5
1000468a:	3130      	adds	r1, #48	; 0x30
1000468c:	2c9f      	cmp	r4, #159	; 0x9f
1000468e:	d852      	bhi.n	10004736 <pico_get_unique_board_id_string+0x192>
10004690:	7281      	strb	r1, [r0, #10]
10004692:	2b0b      	cmp	r3, #11
10004694:	d056      	beq.n	10004744 <pico_get_unique_board_id_string+0x1a0>
10004696:	210f      	movs	r1, #15
10004698:	4021      	ands	r1, r4
1000469a:	000c      	movs	r4, r1
1000469c:	3430      	adds	r4, #48	; 0x30
1000469e:	2909      	cmp	r1, #9
100046a0:	dc4b      	bgt.n	1000473a <pico_get_unique_board_id_string+0x196>
100046a2:	72c4      	strb	r4, [r0, #11]
100046a4:	2b0c      	cmp	r3, #12
100046a6:	d04d      	beq.n	10004744 <pico_get_unique_board_id_string+0x1a0>
100046a8:	7994      	ldrb	r4, [r2, #6]
100046aa:	1125      	asrs	r5, r4, #4
100046ac:	0029      	movs	r1, r5
100046ae:	3130      	adds	r1, #48	; 0x30
100046b0:	2c9f      	cmp	r4, #159	; 0x9f
100046b2:	d900      	bls.n	100046b6 <pico_get_unique_board_id_string+0x112>
100046b4:	3107      	adds	r1, #7
100046b6:	7301      	strb	r1, [r0, #12]
100046b8:	2b0d      	cmp	r3, #13
100046ba:	d043      	beq.n	10004744 <pico_get_unique_board_id_string+0x1a0>
100046bc:	210f      	movs	r1, #15
100046be:	4021      	ands	r1, r4
100046c0:	000c      	movs	r4, r1
100046c2:	3430      	adds	r4, #48	; 0x30
100046c4:	2909      	cmp	r1, #9
100046c6:	dd01      	ble.n	100046cc <pico_get_unique_board_id_string+0x128>
100046c8:	3137      	adds	r1, #55	; 0x37
100046ca:	000c      	movs	r4, r1
100046cc:	7344      	strb	r4, [r0, #13]
100046ce:	2b0e      	cmp	r3, #14
100046d0:	d038      	beq.n	10004744 <pico_get_unique_board_id_string+0x1a0>
100046d2:	79d1      	ldrb	r1, [r2, #7]
100046d4:	110c      	asrs	r4, r1, #4
100046d6:	0022      	movs	r2, r4
100046d8:	3230      	adds	r2, #48	; 0x30
100046da:	299f      	cmp	r1, #159	; 0x9f
100046dc:	d900      	bls.n	100046e0 <pico_get_unique_board_id_string+0x13c>
100046de:	3207      	adds	r2, #7
100046e0:	7382      	strb	r2, [r0, #14]
100046e2:	2b0f      	cmp	r3, #15
100046e4:	d02e      	beq.n	10004744 <pico_get_unique_board_id_string+0x1a0>
100046e6:	220f      	movs	r2, #15
100046e8:	400a      	ands	r2, r1
100046ea:	0011      	movs	r1, r2
100046ec:	3137      	adds	r1, #55	; 0x37
100046ee:	2a09      	cmp	r2, #9
100046f0:	dc01      	bgt.n	100046f6 <pico_get_unique_board_id_string+0x152>
100046f2:	3230      	adds	r2, #48	; 0x30
100046f4:	0011      	movs	r1, r2
100046f6:	73c1      	strb	r1, [r0, #15]
100046f8:	2b10      	cmp	r3, #16
100046fa:	d023      	beq.n	10004744 <pico_get_unique_board_id_string+0x1a0>
100046fc:	3010      	adds	r0, #16
100046fe:	2300      	movs	r3, #0
10004700:	7003      	strb	r3, [r0, #0]
10004702:	bd30      	pop	{r4, r5, pc}
10004704:	3407      	adds	r4, #7
10004706:	e75a      	b.n	100045be <pico_get_unique_board_id_string+0x1a>
10004708:	3137      	adds	r1, #55	; 0x37
1000470a:	000c      	movs	r4, r1
1000470c:	e763      	b.n	100045d6 <pico_get_unique_board_id_string+0x32>
1000470e:	3107      	adds	r1, #7
10004710:	e76c      	b.n	100045ec <pico_get_unique_board_id_string+0x48>
10004712:	3137      	adds	r1, #55	; 0x37
10004714:	000c      	movs	r4, r1
10004716:	e774      	b.n	10004602 <pico_get_unique_board_id_string+0x5e>
10004718:	3107      	adds	r1, #7
1000471a:	e77d      	b.n	10004618 <pico_get_unique_board_id_string+0x74>
1000471c:	3137      	adds	r1, #55	; 0x37
1000471e:	000c      	movs	r4, r1
10004720:	e785      	b.n	1000462e <pico_get_unique_board_id_string+0x8a>
10004722:	3107      	adds	r1, #7
10004724:	e78e      	b.n	10004644 <pico_get_unique_board_id_string+0xa0>
10004726:	3137      	adds	r1, #55	; 0x37
10004728:	000c      	movs	r4, r1
1000472a:	e795      	b.n	10004658 <pico_get_unique_board_id_string+0xb4>
1000472c:	3107      	adds	r1, #7
1000472e:	e79d      	b.n	1000466c <pico_get_unique_board_id_string+0xc8>
10004730:	3137      	adds	r1, #55	; 0x37
10004732:	000c      	movs	r4, r1
10004734:	e7a3      	b.n	1000467e <pico_get_unique_board_id_string+0xda>
10004736:	3107      	adds	r1, #7
10004738:	e7aa      	b.n	10004690 <pico_get_unique_board_id_string+0xec>
1000473a:	3137      	adds	r1, #55	; 0x37
1000473c:	000c      	movs	r4, r1
1000473e:	72c4      	strb	r4, [r0, #11]
10004740:	2b0c      	cmp	r3, #12
10004742:	d1b1      	bne.n	100046a8 <pico_get_unique_board_id_string+0x104>
10004744:	18c0      	adds	r0, r0, r3
10004746:	e7da      	b.n	100046fe <pico_get_unique_board_id_string+0x15a>
10004748:	20001f5c 	.word	0x20001f5c

1000474c <flash_get_unique_id>:
1000474c:	b530      	push	{r4, r5, lr}
1000474e:	2500      	movs	r5, #0
10004750:	b089      	sub	sp, #36	; 0x24
10004752:	0004      	movs	r4, r0
10004754:	2209      	movs	r2, #9
10004756:	2100      	movs	r1, #0
10004758:	a801      	add	r0, sp, #4
1000475a:	9500      	str	r5, [sp, #0]
1000475c:	f7fd ff28 	bl	100025b0 <__wrap_memset>
10004760:	2209      	movs	r2, #9
10004762:	2100      	movs	r1, #0
10004764:	a805      	add	r0, sp, #20
10004766:	9504      	str	r5, [sp, #16]
10004768:	f7fd ff22 	bl	100025b0 <__wrap_memset>
1000476c:	234b      	movs	r3, #75	; 0x4b
1000476e:	466a      	mov	r2, sp
10004770:	4668      	mov	r0, sp
10004772:	7013      	strb	r3, [r2, #0]
10004774:	a904      	add	r1, sp, #16
10004776:	220d      	movs	r2, #13
10004778:	f002 f866 	bl	10006848 <__flash_do_cmd_veneer>
1000477c:	2115      	movs	r1, #21
1000477e:	2208      	movs	r2, #8
10004780:	0020      	movs	r0, r4
10004782:	4469      	add	r1, sp
10004784:	f7fd ff1a 	bl	100025bc <__wrap___aeabi_memcpy>
10004788:	b009      	add	sp, #36	; 0x24
1000478a:	bd30      	pop	{r4, r5, pc}

1000478c <dcd_init>:
1000478c:	b5f8      	push	{r3, r4, r5, r6, r7, lr}
1000478e:	f000 f945 	bl	10004a1c <rp2040_usb_init>
10004792:	230c      	movs	r3, #12
10004794:	4d19      	ldr	r5, [pc, #100]	; (100047fc <dcd_init+0x70>)
10004796:	22ff      	movs	r2, #255	; 0xff
10004798:	67ab      	str	r3, [r5, #120]	; 0x78
1000479a:	2005      	movs	r0, #5
1000479c:	4918      	ldr	r1, [pc, #96]	; (10004800 <dcd_init+0x74>)
1000479e:	f7fb ff8d 	bl	100006bc <irq_add_shared_handler>
100047a2:	4c18      	ldr	r4, [pc, #96]	; (10004804 <dcd_init+0x78>)
100047a4:	2240      	movs	r2, #64	; 0x40
100047a6:	2100      	movs	r1, #0
100047a8:	0020      	movs	r0, r4
100047aa:	f7fd ff01 	bl	100025b0 <__wrap_memset>
100047ae:	2740      	movs	r7, #64	; 0x40
100047b0:	2300      	movs	r3, #0
100047b2:	2601      	movs	r6, #1
100047b4:	2121      	movs	r1, #33	; 0x21
100047b6:	4a14      	ldr	r2, [pc, #80]	; (10004808 <dcd_init+0x7c>)
100047b8:	7066      	strb	r6, [r4, #1]
100047ba:	8327      	strh	r7, [r4, #24]
100047bc:	60a2      	str	r2, [r4, #8]
100047be:	6013      	str	r3, [r2, #0]
100047c0:	5463      	strb	r3, [r4, r1]
100047c2:	315f      	adds	r1, #95	; 0x5f
100047c4:	8461      	strh	r1, [r4, #34]	; 0x22
100047c6:	3945      	subs	r1, #69	; 0x45
100047c8:	5463      	strb	r3, [r4, r1]
100047ca:	4a10      	ldr	r2, [pc, #64]	; (1000480c <dcd_init+0x80>)
100047cc:	4910      	ldr	r1, [pc, #64]	; (10004810 <dcd_init+0x84>)
100047ce:	6063      	str	r3, [r4, #4]
100047d0:	60e2      	str	r2, [r4, #12]
100047d2:	8727      	strh	r7, [r4, #56]	; 0x38
100047d4:	62a1      	str	r1, [r4, #40]	; 0x28
100047d6:	600b      	str	r3, [r1, #0]
100047d8:	6263      	str	r3, [r4, #36]	; 0x24
100047da:	62e2      	str	r2, [r4, #44]	; 0x2c
100047dc:	f002 f84c 	bl	10006878 <__reset_non_control_endpoints_veneer>
100047e0:	2380      	movs	r3, #128	; 0x80
100047e2:	059b      	lsls	r3, r3, #22
100047e4:	642e      	str	r6, [r5, #64]	; 0x40
100047e6:	64eb      	str	r3, [r5, #76]	; 0x4c
100047e8:	2390      	movs	r3, #144	; 0x90
100047ea:	4a0a      	ldr	r2, [pc, #40]	; (10004814 <dcd_init+0x88>)
100047ec:	2001      	movs	r0, #1
100047ee:	50ea      	str	r2, [r5, r3]
100047f0:	2280      	movs	r2, #128	; 0x80
100047f2:	4b09      	ldr	r3, [pc, #36]	; (10004818 <dcd_init+0x8c>)
100047f4:	0252      	lsls	r2, r2, #9
100047f6:	64da      	str	r2, [r3, #76]	; 0x4c
100047f8:	bdf8      	pop	{r3, r4, r5, r6, r7, pc}
100047fa:	46c0      	nop			; (mov r8, r8)
100047fc:	50110000 	.word	0x50110000
10004800:	200004e9 	.word	0x200004e9
10004804:	20001b38 	.word	0x20001b38
10004808:	50100084 	.word	0x50100084
1000480c:	50100100 	.word	0x50100100
10004810:	50100080 	.word	0x50100080
10004814:	0001d010 	.word	0x0001d010
10004818:	50112000 	.word	0x50112000

1000481c <dcd_int_enable>:
1000481c:	b510      	push	{r4, lr}
1000481e:	2101      	movs	r1, #1
10004820:	2005      	movs	r0, #5
10004822:	f7fb fee9 	bl	100005f8 <irq_set_enabled>
10004826:	bd10      	pop	{r4, pc}

10004828 <dcd_set_address>:
10004828:	b510      	push	{r4, lr}
1000482a:	2200      	movs	r2, #0
1000482c:	2100      	movs	r1, #0
1000482e:	4802      	ldr	r0, [pc, #8]	; (10004838 <dcd_set_address+0x10>)
10004830:	f000 f914 	bl	10004a5c <hw_endpoint_xfer_start>
10004834:	bd10      	pop	{r4, pc}
10004836:	46c0      	nop			; (mov r8, r8)
10004838:	20001b58 	.word	0x20001b58

1000483c <dcd_sof_enable>:
1000483c:	4b04      	ldr	r3, [pc, #16]	; (10004850 <dcd_sof_enable+0x14>)
1000483e:	7019      	strb	r1, [r3, #0]
10004840:	2900      	cmp	r1, #0
10004842:	d004      	beq.n	1000484e <dcd_sof_enable+0x12>
10004844:	2180      	movs	r1, #128	; 0x80
10004846:	2390      	movs	r3, #144	; 0x90
10004848:	4a02      	ldr	r2, [pc, #8]	; (10004854 <dcd_sof_enable+0x18>)
1000484a:	0289      	lsls	r1, r1, #10
1000484c:	50d1      	str	r1, [r2, r3]
1000484e:	4770      	bx	lr
10004850:	20001f86 	.word	0x20001f86
10004854:	50112000 	.word	0x50112000

10004858 <dcd_edpt0_status_complete>:
10004858:	780b      	ldrb	r3, [r1, #0]
1000485a:	065b      	lsls	r3, r3, #25
1000485c:	d102      	bne.n	10004864 <dcd_edpt0_status_complete+0xc>
1000485e:	784b      	ldrb	r3, [r1, #1]
10004860:	2b05      	cmp	r3, #5
10004862:	d000      	beq.n	10004866 <dcd_edpt0_status_complete+0xe>
10004864:	4770      	bx	lr
10004866:	788a      	ldrb	r2, [r1, #2]
10004868:	4b01      	ldr	r3, [pc, #4]	; (10004870 <dcd_edpt0_status_complete+0x18>)
1000486a:	601a      	str	r2, [r3, #0]
1000486c:	e7fa      	b.n	10004864 <dcd_edpt0_status_complete+0xc>
1000486e:	46c0      	nop			; (mov r8, r8)
10004870:	50110000 	.word	0x50110000

10004874 <dcd_edpt_open>:
10004874:	b5f0      	push	{r4, r5, r6, r7, lr}
10004876:	46c6      	mov	lr, r8
10004878:	78c8      	ldrb	r0, [r1, #3]
1000487a:	b500      	push	{lr}
1000487c:	0780      	lsls	r0, r0, #30
1000487e:	0f83      	lsrs	r3, r0, #30
10004880:	0018      	movs	r0, r3
10004882:	2b01      	cmp	r3, #1
10004884:	d061      	beq.n	1000494a <dcd_edpt_open+0xd6>
10004886:	788f      	ldrb	r7, [r1, #2]
10004888:	790c      	ldrb	r4, [r1, #4]
1000488a:	794b      	ldrb	r3, [r1, #5]
1000488c:	217f      	movs	r1, #127	; 0x7f
1000488e:	021b      	lsls	r3, r3, #8
10004890:	4039      	ands	r1, r7
10004892:	4323      	orrs	r3, r4
10004894:	004e      	lsls	r6, r1, #1
10004896:	09fc      	lsrs	r4, r7, #7
10004898:	4d33      	ldr	r5, [pc, #204]	; (10004968 <dcd_edpt_open+0xf4>)
1000489a:	1932      	adds	r2, r6, r4
1000489c:	0152      	lsls	r2, r2, #5
1000489e:	18aa      	adds	r2, r5, r2
100048a0:	7097      	strb	r7, [r2, #2]
100048a2:	2701      	movs	r7, #1
100048a4:	4067      	eors	r7, r4
100048a6:	7057      	strb	r7, [r2, #1]
100048a8:	2700      	movs	r7, #0
100048aa:	055b      	lsls	r3, r3, #21
100048ac:	0d5b      	lsrs	r3, r3, #21
100048ae:	70d7      	strb	r7, [r2, #3]
100048b0:	8313      	strh	r3, [r2, #24]
100048b2:	76d0      	strb	r0, [r2, #27]
100048b4:	46b8      	mov	r8, r7
100048b6:	00ca      	lsls	r2, r1, #3
100048b8:	2c01      	cmp	r4, #1
100048ba:	d032      	beq.n	10004922 <dcd_edpt_open+0xae>
100048bc:	4f2b      	ldr	r7, [pc, #172]	; (1000496c <dcd_edpt_open+0xf8>)
100048be:	46bc      	mov	ip, r7
100048c0:	018f      	lsls	r7, r1, #6
100048c2:	4462      	add	r2, ip
100048c4:	46bc      	mov	ip, r7
100048c6:	44ac      	add	ip, r5
100048c8:	4667      	mov	r7, ip
100048ca:	60ba      	str	r2, [r7, #8]
100048cc:	4647      	mov	r7, r8
100048ce:	6017      	str	r7, [r2, #0]
100048d0:	2900      	cmp	r1, #0
100048d2:	d032      	beq.n	1000493a <dcd_edpt_open+0xc6>
100048d4:	4a26      	ldr	r2, [pc, #152]	; (10004970 <dcd_edpt_open+0xfc>)
100048d6:	00c9      	lsls	r1, r1, #3
100048d8:	4690      	mov	r8, r2
100048da:	4662      	mov	r2, ip
100048dc:	4441      	add	r1, r8
100048de:	6051      	str	r1, [r2, #4]
100048e0:	223f      	movs	r2, #63	; 0x3f
100048e2:	333f      	adds	r3, #63	; 0x3f
100048e4:	4393      	bics	r3, r2
100048e6:	2802      	cmp	r0, #2
100048e8:	d038      	beq.n	1000495c <dcd_edpt_open+0xe8>
100048ea:	4922      	ldr	r1, [pc, #136]	; (10004974 <dcd_edpt_open+0x100>)
100048ec:	1937      	adds	r7, r6, r4
100048ee:	680a      	ldr	r2, [r1, #0]
100048f0:	017f      	lsls	r7, r7, #5
100048f2:	18d3      	adds	r3, r2, r3
100048f4:	600b      	str	r3, [r1, #0]
100048f6:	4920      	ldr	r1, [pc, #128]	; (10004978 <dcd_edpt_open+0x104>)
100048f8:	19ef      	adds	r7, r5, r7
100048fa:	60fa      	str	r2, [r7, #12]
100048fc:	428b      	cmp	r3, r1
100048fe:	d82f      	bhi.n	10004960 <dcd_edpt_open+0xec>
10004900:	1934      	adds	r4, r6, r4
10004902:	0164      	lsls	r4, r4, #5
10004904:	192d      	adds	r5, r5, r4
10004906:	7eeb      	ldrb	r3, [r5, #27]
10004908:	491c      	ldr	r1, [pc, #112]	; (1000497c <dcd_edpt_open+0x108>)
1000490a:	069b      	lsls	r3, r3, #26
1000490c:	404a      	eors	r2, r1
1000490e:	4313      	orrs	r3, r2
10004910:	2280      	movs	r2, #128	; 0x80
10004912:	2001      	movs	r0, #1
10004914:	0612      	lsls	r2, r2, #24
10004916:	4313      	orrs	r3, r2
10004918:	686a      	ldr	r2, [r5, #4]
1000491a:	6013      	str	r3, [r2, #0]
1000491c:	bc80      	pop	{r7}
1000491e:	46b8      	mov	r8, r7
10004920:	bdf0      	pop	{r4, r5, r6, r7, pc}
10004922:	4f17      	ldr	r7, [pc, #92]	; (10004980 <dcd_edpt_open+0x10c>)
10004924:	46bc      	mov	ip, r7
10004926:	018f      	lsls	r7, r1, #6
10004928:	4462      	add	r2, ip
1000492a:	46bc      	mov	ip, r7
1000492c:	44ac      	add	ip, r5
1000492e:	4667      	mov	r7, ip
10004930:	62ba      	str	r2, [r7, #40]	; 0x28
10004932:	4647      	mov	r7, r8
10004934:	6017      	str	r7, [r2, #0]
10004936:	2900      	cmp	r1, #0
10004938:	d109      	bne.n	1000494e <dcd_edpt_open+0xda>
1000493a:	2300      	movs	r3, #0
1000493c:	0164      	lsls	r4, r4, #5
1000493e:	192d      	adds	r5, r5, r4
10004940:	606b      	str	r3, [r5, #4]
10004942:	4b10      	ldr	r3, [pc, #64]	; (10004984 <dcd_edpt_open+0x110>)
10004944:	2001      	movs	r0, #1
10004946:	60eb      	str	r3, [r5, #12]
10004948:	e7e8      	b.n	1000491c <dcd_edpt_open+0xa8>
1000494a:	2000      	movs	r0, #0
1000494c:	e7e6      	b.n	1000491c <dcd_edpt_open+0xa8>
1000494e:	4a0b      	ldr	r2, [pc, #44]	; (1000497c <dcd_edpt_open+0x108>)
10004950:	00c9      	lsls	r1, r1, #3
10004952:	4690      	mov	r8, r2
10004954:	4662      	mov	r2, ip
10004956:	4441      	add	r1, r8
10004958:	6251      	str	r1, [r2, #36]	; 0x24
1000495a:	e7c1      	b.n	100048e0 <dcd_edpt_open+0x6c>
1000495c:	005b      	lsls	r3, r3, #1
1000495e:	e7c4      	b.n	100048ea <dcd_edpt_open+0x76>
10004960:	f7fc fe94 	bl	1000168c <hard_assertion_failure>
10004964:	68fa      	ldr	r2, [r7, #12]
10004966:	e7cb      	b.n	10004900 <dcd_edpt_open+0x8c>
10004968:	20001b38 	.word	0x20001b38
1000496c:	50100084 	.word	0x50100084
10004970:	50100004 	.word	0x50100004
10004974:	20001f40 	.word	0x20001f40
10004978:	50100fff 	.word	0x50100fff
1000497c:	50100000 	.word	0x50100000
10004980:	50100080 	.word	0x50100080
10004984:	50100100 	.word	0x50100100

10004988 <dcd_edpt_close_all>:
10004988:	b510      	push	{r4, lr}
1000498a:	f001 ff75 	bl	10006878 <__reset_non_control_endpoints_veneer>
1000498e:	bd10      	pop	{r4, pc}

10004990 <dcd_edpt_xfer>:
10004990:	b510      	push	{r4, lr}
10004992:	207f      	movs	r0, #127	; 0x7f
10004994:	000c      	movs	r4, r1
10004996:	4020      	ands	r0, r4
10004998:	0040      	lsls	r0, r0, #1
1000499a:	09e4      	lsrs	r4, r4, #7
1000499c:	0011      	movs	r1, r2
1000499e:	1900      	adds	r0, r0, r4
100049a0:	001a      	movs	r2, r3
100049a2:	4b03      	ldr	r3, [pc, #12]	; (100049b0 <dcd_edpt_xfer+0x20>)
100049a4:	0140      	lsls	r0, r0, #5
100049a6:	18c0      	adds	r0, r0, r3
100049a8:	f000 f858 	bl	10004a5c <hw_endpoint_xfer_start>
100049ac:	2001      	movs	r0, #1
100049ae:	bd10      	pop	{r4, pc}
100049b0:	20001b38 	.word	0x20001b38

100049b4 <dcd_edpt_stall>:
100049b4:	227f      	movs	r2, #127	; 0x7f
100049b6:	0013      	movs	r3, r2
100049b8:	b510      	push	{r4, lr}
100049ba:	400b      	ands	r3, r1
100049bc:	420a      	tst	r2, r1
100049be:	d00b      	beq.n	100049d8 <dcd_edpt_stall+0x24>
100049c0:	09c9      	lsrs	r1, r1, #7
100049c2:	2280      	movs	r2, #128	; 0x80
100049c4:	0058      	lsls	r0, r3, #1
100049c6:	1840      	adds	r0, r0, r1
100049c8:	4906      	ldr	r1, [pc, #24]	; (100049e4 <dcd_edpt_stall+0x30>)
100049ca:	0140      	lsls	r0, r0, #5
100049cc:	1840      	adds	r0, r0, r1
100049ce:	0112      	lsls	r2, r2, #4
100049d0:	2100      	movs	r1, #0
100049d2:	f001 ff99 	bl	10006908 <___hw_endpoint_buffer_control_update32_veneer>
100049d6:	bd10      	pop	{r4, pc}
100049d8:	2202      	movs	r2, #2
100049da:	4803      	ldr	r0, [pc, #12]	; (100049e8 <dcd_edpt_stall+0x34>)
100049dc:	09c9      	lsrs	r1, r1, #7
100049de:	1a52      	subs	r2, r2, r1
100049e0:	6682      	str	r2, [r0, #104]	; 0x68
100049e2:	e7ee      	b.n	100049c2 <dcd_edpt_stall+0xe>
100049e4:	20001b38 	.word	0x20001b38
100049e8:	50112000 	.word	0x50112000

100049ec <dcd_edpt_clear_stall>:
100049ec:	227f      	movs	r2, #127	; 0x7f
100049ee:	0010      	movs	r0, r2
100049f0:	b510      	push	{r4, lr}
100049f2:	4008      	ands	r0, r1
100049f4:	420a      	tst	r2, r1
100049f6:	d100      	bne.n	100049fa <dcd_edpt_clear_stall+0xe>
100049f8:	bd10      	pop	{r4, pc}
100049fa:	2300      	movs	r3, #0
100049fc:	09c9      	lsrs	r1, r1, #7
100049fe:	0040      	lsls	r0, r0, #1
10004a00:	1840      	adds	r0, r0, r1
10004a02:	4904      	ldr	r1, [pc, #16]	; (10004a14 <dcd_edpt_clear_stall+0x28>)
10004a04:	0140      	lsls	r0, r0, #5
10004a06:	1808      	adds	r0, r1, r0
10004a08:	2200      	movs	r2, #0
10004a0a:	4903      	ldr	r1, [pc, #12]	; (10004a18 <dcd_edpt_clear_stall+0x2c>)
10004a0c:	70c3      	strb	r3, [r0, #3]
10004a0e:	f001 ff7b 	bl	10006908 <___hw_endpoint_buffer_control_update32_veneer>
10004a12:	e7f1      	b.n	100049f8 <dcd_edpt_clear_stall+0xc>
10004a14:	20001b38 	.word	0x20001b38
10004a18:	fffff7ff 	.word	0xfffff7ff

10004a1c <rp2040_usb_init>:
10004a1c:	2280      	movs	r2, #128	; 0x80
10004a1e:	4b0a      	ldr	r3, [pc, #40]	; (10004a48 <rp2040_usb_init+0x2c>)
10004a20:	0452      	lsls	r2, r2, #17
10004a22:	b510      	push	{r4, lr}
10004a24:	601a      	str	r2, [r3, #0]
10004a26:	4b09      	ldr	r3, [pc, #36]	; (10004a4c <rp2040_usb_init+0x30>)
10004a28:	4909      	ldr	r1, [pc, #36]	; (10004a50 <rp2040_usb_init+0x34>)
10004a2a:	601a      	str	r2, [r3, #0]
10004a2c:	0010      	movs	r0, r2
10004a2e:	680b      	ldr	r3, [r1, #0]
10004a30:	4398      	bics	r0, r3
10004a32:	d1fb      	bne.n	10004a2c <rp2040_usb_init+0x10>
10004a34:	2280      	movs	r2, #128	; 0x80
10004a36:	2100      	movs	r1, #0
10004a38:	0152      	lsls	r2, r2, #5
10004a3a:	4806      	ldr	r0, [pc, #24]	; (10004a54 <rp2040_usb_init+0x38>)
10004a3c:	f7fd fdb8 	bl	100025b0 <__wrap_memset>
10004a40:	2209      	movs	r2, #9
10004a42:	4b05      	ldr	r3, [pc, #20]	; (10004a58 <rp2040_usb_init+0x3c>)
10004a44:	675a      	str	r2, [r3, #116]	; 0x74
10004a46:	bd10      	pop	{r4, pc}
10004a48:	4000e000 	.word	0x4000e000
10004a4c:	4000f000 	.word	0x4000f000
10004a50:	4000c008 	.word	0x4000c008
10004a54:	50100000 	.word	0x50100000
10004a58:	50110000 	.word	0x50110000

10004a5c <hw_endpoint_xfer_start>:
10004a5c:	b570      	push	{r4, r5, r6, lr}
10004a5e:	7e83      	ldrb	r3, [r0, #26]
10004a60:	0004      	movs	r4, r0
10004a62:	000d      	movs	r5, r1
10004a64:	0016      	movs	r6, r2
10004a66:	2b00      	cmp	r3, #0
10004a68:	d117      	bne.n	10004a9a <hw_endpoint_xfer_start+0x3e>
10004a6a:	2300      	movs	r3, #0
10004a6c:	82e3      	strh	r3, [r4, #22]
10004a6e:	3301      	adds	r3, #1
10004a70:	0020      	movs	r0, r4
10004a72:	82a6      	strh	r6, [r4, #20]
10004a74:	76a3      	strb	r3, [r4, #26]
10004a76:	6125      	str	r5, [r4, #16]
10004a78:	f001 ff16 	bl	100068a8 <__e15_is_bulkin_ep_veneer>
10004a7c:	2800      	cmp	r0, #0
10004a7e:	d004      	beq.n	10004a8a <hw_endpoint_xfer_start+0x2e>
10004a80:	2180      	movs	r1, #128	; 0x80
10004a82:	2390      	movs	r3, #144	; 0x90
10004a84:	4a08      	ldr	r2, [pc, #32]	; (10004aa8 <hw_endpoint_xfer_start+0x4c>)
10004a86:	0289      	lsls	r1, r1, #10
10004a88:	50d1      	str	r1, [r2, r3]
10004a8a:	0020      	movs	r0, r4
10004a8c:	f001 ff1c 	bl	100068c8 <__e15_is_critical_frame_period_veneer>
10004a90:	2800      	cmp	r0, #0
10004a92:	d005      	beq.n	10004aa0 <hw_endpoint_xfer_start+0x44>
10004a94:	2301      	movs	r3, #1
10004a96:	7723      	strb	r3, [r4, #28]
10004a98:	bd70      	pop	{r4, r5, r6, pc}
10004a9a:	f001 ff2d 	bl	100068f8 <__hw_endpoint_reset_transfer_veneer>
10004a9e:	e7e4      	b.n	10004a6a <hw_endpoint_xfer_start+0xe>
10004aa0:	0020      	movs	r0, r4
10004aa2:	f001 ff21 	bl	100068e8 <__hw_endpoint_start_next_buffer_veneer>
10004aa6:	e7f7      	b.n	10004a98 <hw_endpoint_xfer_start+0x3c>
10004aa8:	50112000 	.word	0x50112000

10004aac <tud_event_hook_cb>:
10004aac:	4770      	bx	lr
10004aae:	46c0      	nop			; (mov r8, r8)

10004ab0 <tud_sof_cb>:
10004ab0:	4770      	bx	lr
10004ab2:	46c0      	nop			; (mov r8, r8)

10004ab4 <tud_descriptor_device_qualifier_cb>:
10004ab4:	2000      	movs	r0, #0
10004ab6:	4770      	bx	lr

10004ab8 <tud_descriptor_other_speed_configuration_cb>:
10004ab8:	2000      	movs	r0, #0
10004aba:	4770      	bx	lr

10004abc <tud_mount_cb>:
10004abc:	4770      	bx	lr
10004abe:	46c0      	nop			; (mov r8, r8)

10004ac0 <tud_umount_cb>:
10004ac0:	4770      	bx	lr
10004ac2:	46c0      	nop			; (mov r8, r8)

10004ac4 <tud_suspend_cb>:
10004ac4:	4770      	bx	lr
10004ac6:	46c0      	nop			; (mov r8, r8)

10004ac8 <tud_resume_cb>:
10004ac8:	4770      	bx	lr
10004aca:	46c0      	nop			; (mov r8, r8)

10004acc <tud_mounted>:
10004acc:	4b02      	ldr	r3, [pc, #8]	; (10004ad8 <tud_mounted+0xc>)
10004ace:	7858      	ldrb	r0, [r3, #1]
10004ad0:	1e43      	subs	r3, r0, #1
10004ad2:	4198      	sbcs	r0, r3
10004ad4:	b2c0      	uxtb	r0, r0
10004ad6:	4770      	bx	lr
10004ad8:	200015e4 	.word	0x200015e4

10004adc <tud_suspended>:
10004adc:	4b02      	ldr	r3, [pc, #8]	; (10004ae8 <tud_suspended+0xc>)
10004ade:	7818      	ldrb	r0, [r3, #0]
10004ae0:	0740      	lsls	r0, r0, #29
10004ae2:	0fc0      	lsrs	r0, r0, #31
10004ae4:	4770      	bx	lr
10004ae6:	46c0      	nop			; (mov r8, r8)
10004ae8:	200015e4 	.word	0x200015e4

10004aec <tud_rhport_init>:
10004aec:	b5f0      	push	{r4, r5, r6, r7, lr}
10004aee:	4646      	mov	r6, r8
10004af0:	464f      	mov	r7, r9
10004af2:	46d6      	mov	lr, sl
10004af4:	b5c0      	push	{r6, r7, lr}
10004af6:	4b2f      	ldr	r3, [pc, #188]	; (10004bb4 <tud_rhport_init+0xc8>)
10004af8:	4681      	mov	r9, r0
10004afa:	4698      	mov	r8, r3
10004afc:	781b      	ldrb	r3, [r3, #0]
10004afe:	000e      	movs	r6, r1
10004b00:	2401      	movs	r4, #1
10004b02:	2bff      	cmp	r3, #255	; 0xff
10004b04:	d143      	bne.n	10004b8e <tud_rhport_init+0xa2>
10004b06:	2900      	cmp	r1, #0
10004b08:	d040      	beq.n	10004b8c <tud_rhport_init+0xa0>
10004b0a:	2100      	movs	r1, #0
10004b0c:	2254      	movs	r2, #84	; 0x54
10004b0e:	482a      	ldr	r0, [pc, #168]	; (10004bb8 <tud_rhport_init+0xcc>)
10004b10:	f7fd fd4e 	bl	100025b0 <__wrap_memset>
10004b14:	2200      	movs	r2, #0
10004b16:	4c29      	ldr	r4, [pc, #164]	; (10004bbc <tud_rhport_init+0xd0>)
10004b18:	4b29      	ldr	r3, [pc, #164]	; (10004bc0 <tud_rhport_init+0xd4>)
10004b1a:	0020      	movs	r0, r4
10004b1c:	701a      	strb	r2, [r3, #0]
10004b1e:	f7fb ff63 	bl	100009e8 <mutex_init>
10004b22:	4b28      	ldr	r3, [pc, #160]	; (10004bc4 <tud_rhport_init+0xd8>)
10004b24:	601c      	str	r4, [r3, #0]
10004b26:	4c28      	ldr	r4, [pc, #160]	; (10004bc8 <tud_rhport_init+0xdc>)
10004b28:	0020      	movs	r0, r4
10004b2a:	3014      	adds	r0, #20
10004b2c:	f7fb ff6a 	bl	10000a04 <critical_section_init>
10004b30:	0020      	movs	r0, r4
10004b32:	f001 fdf7 	bl	10006724 <tu_fifo_clear>
10004b36:	4b25      	ldr	r3, [pc, #148]	; (10004bcc <tud_rhport_init+0xe0>)
10004b38:	4d25      	ldr	r5, [pc, #148]	; (10004bd0 <tud_rhport_init+0xe4>)
10004b3a:	601c      	str	r4, [r3, #0]
10004b3c:	4b25      	ldr	r3, [pc, #148]	; (10004bd4 <tud_rhport_init+0xe8>)
10004b3e:	2b00      	cmp	r3, #0
10004b40:	d004      	beq.n	10004b4c <tud_rhport_init+0x60>
10004b42:	0028      	movs	r0, r5
10004b44:	f7ff fabc 	bl	100040c0 <usbd_app_driver_get_cb>
10004b48:	4b23      	ldr	r3, [pc, #140]	; (10004bd8 <tud_rhport_init+0xec>)
10004b4a:	6018      	str	r0, [r3, #0]
10004b4c:	4923      	ldr	r1, [pc, #140]	; (10004bdc <tud_rhport_init+0xf0>)
10004b4e:	2400      	movs	r4, #0
10004b50:	2300      	movs	r3, #0
10004b52:	468a      	mov	sl, r1
10004b54:	782a      	ldrb	r2, [r5, #0]
10004b56:	4f20      	ldr	r7, [pc, #128]	; (10004bd8 <tud_rhport_init+0xec>)
10004b58:	e010      	b.n	10004b7c <tud_rhport_init+0x90>
10004b5a:	683a      	ldr	r2, [r7, #0]
10004b5c:	0163      	lsls	r3, r4, #5
10004b5e:	4694      	mov	ip, r2
10004b60:	4463      	add	r3, ip
10004b62:	2b00      	cmp	r3, #0
10004b64:	d012      	beq.n	10004b8c <tud_rhport_init+0xa0>
10004b66:	685b      	ldr	r3, [r3, #4]
10004b68:	2b00      	cmp	r3, #0
10004b6a:	d00f      	beq.n	10004b8c <tud_rhport_init+0xa0>
10004b6c:	4798      	blx	r3
10004b6e:	782a      	ldrb	r2, [r5, #0]
10004b70:	3401      	adds	r4, #1
10004b72:	b2e4      	uxtb	r4, r4
10004b74:	1c51      	adds	r1, r2, #1
10004b76:	0023      	movs	r3, r4
10004b78:	42a1      	cmp	r1, r4
10004b7a:	db0e      	blt.n	10004b9a <tud_rhport_init+0xae>
10004b7c:	42a2      	cmp	r2, r4
10004b7e:	d8ec      	bhi.n	10004b5a <tud_rhport_init+0x6e>
10004b80:	1a9b      	subs	r3, r3, r2
10004b82:	015b      	lsls	r3, r3, #5
10004b84:	4453      	add	r3, sl
10004b86:	685b      	ldr	r3, [r3, #4]
10004b88:	2b00      	cmp	r3, #0
10004b8a:	d1ef      	bne.n	10004b6c <tud_rhport_init+0x80>
10004b8c:	2400      	movs	r4, #0
10004b8e:	0020      	movs	r0, r4
10004b90:	bce0      	pop	{r5, r6, r7}
10004b92:	46ba      	mov	sl, r7
10004b94:	46b1      	mov	r9, r6
10004b96:	46a8      	mov	r8, r5
10004b98:	bdf0      	pop	{r4, r5, r6, r7, pc}
10004b9a:	4643      	mov	r3, r8
10004b9c:	464a      	mov	r2, r9
10004b9e:	0031      	movs	r1, r6
10004ba0:	4648      	mov	r0, r9
10004ba2:	701a      	strb	r2, [r3, #0]
10004ba4:	f7ff fdf2 	bl	1000478c <dcd_init>
10004ba8:	1e04      	subs	r4, r0, #0
10004baa:	d0ef      	beq.n	10004b8c <tud_rhport_init+0xa0>
10004bac:	4648      	mov	r0, r9
10004bae:	f7ff fe35 	bl	1000481c <dcd_int_enable>
10004bb2:	e7ec      	b.n	10004b8e <tud_rhport_init+0xa2>
10004bb4:	20001084 	.word	0x20001084
10004bb8:	200015e4 	.word	0x200015e4
10004bbc:	200015dc 	.word	0x200015dc
10004bc0:	20001f87 	.word	0x20001f87
10004bc4:	20001638 	.word	0x20001638
10004bc8:	20001068 	.word	0x20001068
10004bcc:	2000163c 	.word	0x2000163c
10004bd0:	20001f85 	.word	0x20001f85
10004bd4:	100040c1 	.word	0x100040c1
10004bd8:	20001434 	.word	0x20001434
10004bdc:	10006f88 	.word	0x10006f88

10004be0 <tud_task_ext>:
10004be0:	b5f0      	push	{r4, r5, r6, r7, lr}
10004be2:	46de      	mov	lr, fp
10004be4:	4657      	mov	r7, sl
10004be6:	464e      	mov	r6, r9
10004be8:	4645      	mov	r5, r8
10004bea:	b5e0      	push	{r5, r6, r7, lr}
10004bec:	4bc4      	ldr	r3, [pc, #784]	; (10004f00 <tud_task_ext+0x320>)
10004bee:	b08b      	sub	sp, #44	; 0x2c
10004bf0:	781b      	ldrb	r3, [r3, #0]
10004bf2:	2bff      	cmp	r3, #255	; 0xff
10004bf4:	d100      	bne.n	10004bf8 <tud_task_ext+0x18>
10004bf6:	e12e      	b.n	10004e56 <tud_task_ext+0x276>
10004bf8:	4bc2      	ldr	r3, [pc, #776]	; (10004f04 <tud_task_ext+0x324>)
10004bfa:	4dc3      	ldr	r5, [pc, #780]	; (10004f08 <tud_task_ext+0x328>)
10004bfc:	469a      	mov	sl, r3
10004bfe:	ac07      	add	r4, sp, #28
10004c00:	682e      	ldr	r6, [r5, #0]
10004c02:	6972      	ldr	r2, [r6, #20]
10004c04:	f3ef 8110 	mrs	r1, PRIMASK
10004c08:	b672      	cpsid	i
10004c0a:	6813      	ldr	r3, [r2, #0]
10004c0c:	2b00      	cmp	r3, #0
10004c0e:	d0fc      	beq.n	10004c0a <tud_task_ext+0x2a>
10004c10:	f3bf 8f5f 	dmb	sy
10004c14:	61b1      	str	r1, [r6, #24]
10004c16:	0030      	movs	r0, r6
10004c18:	0021      	movs	r1, r4
10004c1a:	f001 fbc5 	bl	100063a8 <tu_fifo_read>
10004c1e:	6972      	ldr	r2, [r6, #20]
10004c20:	69b3      	ldr	r3, [r6, #24]
10004c22:	f3bf 8f5f 	dmb	sy
10004c26:	2100      	movs	r1, #0
10004c28:	6011      	str	r1, [r2, #0]
10004c2a:	f383 8810 	msr	PRIMASK, r3
10004c2e:	2800      	cmp	r0, #0
10004c30:	d100      	bne.n	10004c34 <tud_task_ext+0x54>
10004c32:	e110      	b.n	10004e56 <tud_task_ext+0x276>
10004c34:	7863      	ldrb	r3, [r4, #1]
10004c36:	2b08      	cmp	r3, #8
10004c38:	d8e2      	bhi.n	10004c00 <tud_task_ext+0x20>
10004c3a:	4652      	mov	r2, sl
10004c3c:	009b      	lsls	r3, r3, #2
10004c3e:	58d3      	ldr	r3, [r2, r3]
10004c40:	469f      	mov	pc, r3
10004c42:	6863      	ldr	r3, [r4, #4]
10004c44:	2b00      	cmp	r3, #0
10004c46:	d0db      	beq.n	10004c00 <tud_task_ext+0x20>
10004c48:	68a0      	ldr	r0, [r4, #8]
10004c4a:	4798      	blx	r3
10004c4c:	e7d8      	b.n	10004c00 <tud_task_ext+0x20>
10004c4e:	237f      	movs	r3, #127	; 0x7f
10004c50:	7921      	ldrb	r1, [r4, #4]
10004c52:	4eae      	ldr	r6, [pc, #696]	; (10004f0c <tud_task_ext+0x32c>)
10004c54:	400b      	ands	r3, r1
10004c56:	0058      	lsls	r0, r3, #1
10004c58:	09ca      	lsrs	r2, r1, #7
10004c5a:	1836      	adds	r6, r6, r0
10004c5c:	18b6      	adds	r6, r6, r2
10004c5e:	0032      	movs	r2, r6
10004c60:	2701      	movs	r7, #1
10004c62:	3230      	adds	r2, #48	; 0x30
10004c64:	7910      	ldrb	r0, [r2, #4]
10004c66:	43b8      	bics	r0, r7
10004c68:	7110      	strb	r0, [r2, #4]
10004c6a:	7910      	ldrb	r0, [r2, #4]
10004c6c:	3703      	adds	r7, #3
10004c6e:	43b8      	bics	r0, r7
10004c70:	7110      	strb	r0, [r2, #4]
10004c72:	2b00      	cmp	r3, #0
10004c74:	d100      	bne.n	10004c78 <tud_task_ext+0x98>
10004c76:	e0f7      	b.n	10004e68 <tud_task_ext+0x288>
10004c78:	4aa5      	ldr	r2, [pc, #660]	; (10004f10 <tud_task_ext+0x330>)
10004c7a:	7d33      	ldrb	r3, [r6, #20]
10004c7c:	7812      	ldrb	r2, [r2, #0]
10004c7e:	4293      	cmp	r3, r2
10004c80:	d300      	bcc.n	10004c84 <tud_task_ext+0xa4>
10004c82:	e0e5      	b.n	10004e50 <tud_task_ext+0x270>
10004c84:	4aa3      	ldr	r2, [pc, #652]	; (10004f14 <tud_task_ext+0x334>)
10004c86:	015b      	lsls	r3, r3, #5
10004c88:	6812      	ldr	r2, [r2, #0]
10004c8a:	18d3      	adds	r3, r2, r3
10004c8c:	2b00      	cmp	r3, #0
10004c8e:	d100      	bne.n	10004c92 <tud_task_ext+0xb2>
10004c90:	e0e1      	b.n	10004e56 <tud_task_ext+0x276>
10004c92:	699e      	ldr	r6, [r3, #24]
10004c94:	7962      	ldrb	r2, [r4, #5]
10004c96:	7820      	ldrb	r0, [r4, #0]
10004c98:	68a3      	ldr	r3, [r4, #8]
10004c9a:	47b0      	blx	r6
10004c9c:	e7b0      	b.n	10004c00 <tud_task_ext+0x20>
10004c9e:	4a9e      	ldr	r2, [pc, #632]	; (10004f18 <tud_task_ext+0x338>)
10004ca0:	7813      	ldrb	r3, [r2, #0]
10004ca2:	2b00      	cmp	r3, #0
10004ca4:	d100      	bne.n	10004ca8 <tud_task_ext+0xc8>
10004ca6:	e0d6      	b.n	10004e56 <tud_task_ext+0x276>
10004ca8:	7813      	ldrb	r3, [r2, #0]
10004caa:	3b01      	subs	r3, #1
10004cac:	b2db      	uxtb	r3, r3
10004cae:	7013      	strb	r3, [r2, #0]
10004cb0:	7813      	ldrb	r3, [r2, #0]
10004cb2:	2b00      	cmp	r3, #0
10004cb4:	d1a4      	bne.n	10004c00 <tud_task_ext+0x20>
10004cb6:	2201      	movs	r2, #1
10004cb8:	4b94      	ldr	r3, [pc, #592]	; (10004f0c <tud_task_ext+0x32c>)
10004cba:	2101      	movs	r1, #1
10004cbc:	781b      	ldrb	r3, [r3, #0]
10004cbe:	4893      	ldr	r0, [pc, #588]	; (10004f0c <tud_task_ext+0x32c>)
10004cc0:	4313      	orrs	r3, r2
10004cc2:	4a92      	ldr	r2, [pc, #584]	; (10004f0c <tud_task_ext+0x32c>)
10004cc4:	4e91      	ldr	r6, [pc, #580]	; (10004f0c <tud_task_ext+0x32c>)
10004cc6:	7013      	strb	r3, [r2, #0]
10004cc8:	2334      	movs	r3, #52	; 0x34
10004cca:	5cd2      	ldrb	r2, [r2, r3]
10004ccc:	438a      	bics	r2, r1
10004cce:	54c2      	strb	r2, [r0, r3]
10004cd0:	5cc2      	ldrb	r2, [r0, r3]
10004cd2:	2004      	movs	r0, #4
10004cd4:	4382      	bics	r2, r0
10004cd6:	54f2      	strb	r2, [r6, r3]
10004cd8:	3301      	adds	r3, #1
10004cda:	5cf2      	ldrb	r2, [r6, r3]
10004cdc:	438a      	bics	r2, r1
10004cde:	54f2      	strb	r2, [r6, r3]
10004ce0:	5cf2      	ldrb	r2, [r6, r3]
10004ce2:	4382      	bics	r2, r0
10004ce4:	54f2      	strb	r2, [r6, r3]
10004ce6:	7823      	ldrb	r3, [r4, #0]
10004ce8:	2000      	movs	r0, #0
10004cea:	469b      	mov	fp, r3
10004cec:	f000 fcae 	bl	1000564c <usbd_control_set_complete_callback>
10004cf0:	2260      	movs	r2, #96	; 0x60
10004cf2:	7923      	ldrb	r3, [r4, #4]
10004cf4:	401a      	ands	r2, r3
10004cf6:	2a60      	cmp	r2, #96	; 0x60
10004cf8:	d00d      	beq.n	10004d16 <tud_task_ext+0x136>
10004cfa:	2a40      	cmp	r2, #64	; 0x40
10004cfc:	d100      	bne.n	10004d00 <tud_task_ext+0x120>
10004cfe:	e0be      	b.n	10004e7e <tud_task_ext+0x29e>
10004d00:	06db      	lsls	r3, r3, #27
10004d02:	0edb      	lsrs	r3, r3, #27
10004d04:	2b01      	cmp	r3, #1
10004d06:	d100      	bne.n	10004d0a <tud_task_ext+0x12a>
10004d08:	e10e      	b.n	10004f28 <tud_task_ext+0x348>
10004d0a:	2b02      	cmp	r3, #2
10004d0c:	d100      	bne.n	10004d10 <tud_task_ext+0x130>
10004d0e:	e0d0      	b.n	10004eb2 <tud_task_ext+0x2d2>
10004d10:	2b00      	cmp	r3, #0
10004d12:	d100      	bne.n	10004d16 <tud_task_ext+0x136>
10004d14:	e0bf      	b.n	10004e96 <tud_task_ext+0x2b6>
10004d16:	7820      	ldrb	r0, [r4, #0]
10004d18:	2100      	movs	r1, #0
10004d1a:	f7ff fe4b 	bl	100049b4 <dcd_edpt_stall>
10004d1e:	2180      	movs	r1, #128	; 0x80
10004d20:	7820      	ldrb	r0, [r4, #0]
10004d22:	f7ff fe47 	bl	100049b4 <dcd_edpt_stall>
10004d26:	e76b      	b.n	10004c00 <tud_task_ext+0x20>
10004d28:	4e78      	ldr	r6, [pc, #480]	; (10004f0c <tud_task_ext+0x32c>)
10004d2a:	7833      	ldrb	r3, [r6, #0]
10004d2c:	07db      	lsls	r3, r3, #31
10004d2e:	d400      	bmi.n	10004d32 <tud_task_ext+0x152>
10004d30:	e766      	b.n	10004c00 <tud_task_ext+0x20>
10004d32:	f7ff fec9 	bl	10004ac8 <tud_resume_cb>
10004d36:	e763      	b.n	10004c00 <tud_task_ext+0x20>
10004d38:	4b74      	ldr	r3, [pc, #464]	; (10004f0c <tud_task_ext+0x32c>)
10004d3a:	78db      	ldrb	r3, [r3, #3]
10004d3c:	07db      	lsls	r3, r3, #31
10004d3e:	d400      	bmi.n	10004d42 <tud_task_ext+0x162>
10004d40:	e75e      	b.n	10004c00 <tud_task_ext+0x20>
10004d42:	6860      	ldr	r0, [r4, #4]
10004d44:	f7ff feb4 	bl	10004ab0 <tud_sof_cb>
10004d48:	e75a      	b.n	10004c00 <tud_task_ext+0x20>
10004d4a:	4e70      	ldr	r6, [pc, #448]	; (10004f0c <tud_task_ext+0x32c>)
10004d4c:	7833      	ldrb	r3, [r6, #0]
10004d4e:	07db      	lsls	r3, r3, #31
10004d50:	d400      	bmi.n	10004d54 <tud_task_ext+0x174>
10004d52:	e755      	b.n	10004c00 <tud_task_ext+0x20>
10004d54:	7830      	ldrb	r0, [r6, #0]
10004d56:	0700      	lsls	r0, r0, #28
10004d58:	0fc0      	lsrs	r0, r0, #31
10004d5a:	f7ff feb3 	bl	10004ac4 <tud_suspend_cb>
10004d5e:	e74f      	b.n	10004c00 <tud_task_ext+0x20>
10004d60:	496e      	ldr	r1, [pc, #440]	; (10004f1c <tud_task_ext+0x33c>)
10004d62:	4e6b      	ldr	r6, [pc, #428]	; (10004f10 <tud_task_ext+0x330>)
10004d64:	7823      	ldrb	r3, [r4, #0]
10004d66:	468b      	mov	fp, r1
10004d68:	496a      	ldr	r1, [pc, #424]	; (10004f14 <tud_task_ext+0x334>)
10004d6a:	4698      	mov	r8, r3
10004d6c:	4689      	mov	r9, r1
10004d6e:	0031      	movs	r1, r6
10004d70:	7832      	ldrb	r2, [r6, #0]
10004d72:	2300      	movs	r3, #0
10004d74:	4646      	mov	r6, r8
10004d76:	2700      	movs	r7, #0
10004d78:	4688      	mov	r8, r1
10004d7a:	e011      	b.n	10004da0 <tud_task_ext+0x1c0>
10004d7c:	464a      	mov	r2, r9
10004d7e:	6812      	ldr	r2, [r2, #0]
10004d80:	017b      	lsls	r3, r7, #5
10004d82:	4694      	mov	ip, r2
10004d84:	4463      	add	r3, ip
10004d86:	2b00      	cmp	r3, #0
10004d88:	d06c      	beq.n	10004e64 <tud_task_ext+0x284>
10004d8a:	68db      	ldr	r3, [r3, #12]
10004d8c:	0030      	movs	r0, r6
10004d8e:	4798      	blx	r3
10004d90:	4643      	mov	r3, r8
10004d92:	781a      	ldrb	r2, [r3, #0]
10004d94:	3701      	adds	r7, #1
10004d96:	b2ff      	uxtb	r7, r7
10004d98:	1c51      	adds	r1, r2, #1
10004d9a:	003b      	movs	r3, r7
10004d9c:	428f      	cmp	r7, r1
10004d9e:	dc41      	bgt.n	10004e24 <tud_task_ext+0x244>
10004da0:	4297      	cmp	r7, r2
10004da2:	d3eb      	bcc.n	10004d7c <tud_task_ext+0x19c>
10004da4:	1a9b      	subs	r3, r3, r2
10004da6:	015b      	lsls	r3, r3, #5
10004da8:	445b      	add	r3, fp
10004daa:	e7ee      	b.n	10004d8a <tud_task_ext+0x1aa>
10004dac:	495b      	ldr	r1, [pc, #364]	; (10004f1c <tud_task_ext+0x33c>)
10004dae:	4e58      	ldr	r6, [pc, #352]	; (10004f10 <tud_task_ext+0x330>)
10004db0:	7823      	ldrb	r3, [r4, #0]
10004db2:	468b      	mov	fp, r1
10004db4:	4957      	ldr	r1, [pc, #348]	; (10004f14 <tud_task_ext+0x334>)
10004db6:	4698      	mov	r8, r3
10004db8:	4689      	mov	r9, r1
10004dba:	0031      	movs	r1, r6
10004dbc:	7832      	ldrb	r2, [r6, #0]
10004dbe:	2300      	movs	r3, #0
10004dc0:	4646      	mov	r6, r8
10004dc2:	2700      	movs	r7, #0
10004dc4:	4688      	mov	r8, r1
10004dc6:	e011      	b.n	10004dec <tud_task_ext+0x20c>
10004dc8:	464a      	mov	r2, r9
10004dca:	6812      	ldr	r2, [r2, #0]
10004dcc:	017b      	lsls	r3, r7, #5
10004dce:	4694      	mov	ip, r2
10004dd0:	4463      	add	r3, ip
10004dd2:	2b00      	cmp	r3, #0
10004dd4:	d021      	beq.n	10004e1a <tud_task_ext+0x23a>
10004dd6:	68db      	ldr	r3, [r3, #12]
10004dd8:	0030      	movs	r0, r6
10004dda:	4798      	blx	r3
10004ddc:	4643      	mov	r3, r8
10004dde:	781a      	ldrb	r2, [r3, #0]
10004de0:	3701      	adds	r7, #1
10004de2:	b2ff      	uxtb	r7, r7
10004de4:	1c51      	adds	r1, r2, #1
10004de6:	003b      	movs	r3, r7
10004de8:	428f      	cmp	r7, r1
10004dea:	dc05      	bgt.n	10004df8 <tud_task_ext+0x218>
10004dec:	42ba      	cmp	r2, r7
10004dee:	d8eb      	bhi.n	10004dc8 <tud_task_ext+0x1e8>
10004df0:	1a9b      	subs	r3, r3, r2
10004df2:	015b      	lsls	r3, r3, #5
10004df4:	445b      	add	r3, fp
10004df6:	e7ee      	b.n	10004dd6 <tud_task_ext+0x1f6>
10004df8:	4e44      	ldr	r6, [pc, #272]	; (10004f0c <tud_task_ext+0x32c>)
10004dfa:	2254      	movs	r2, #84	; 0x54
10004dfc:	2100      	movs	r1, #0
10004dfe:	0030      	movs	r0, r6
10004e00:	f7fd fbd6 	bl	100025b0 <__wrap_memset>
10004e04:	2210      	movs	r2, #16
10004e06:	21ff      	movs	r1, #255	; 0xff
10004e08:	1d30      	adds	r0, r6, #4
10004e0a:	f7fd fbd1 	bl	100025b0 <__wrap_memset>
10004e0e:	0030      	movs	r0, r6
10004e10:	2220      	movs	r2, #32
10004e12:	21ff      	movs	r1, #255	; 0xff
10004e14:	3014      	adds	r0, #20
10004e16:	f7fd fbcb 	bl	100025b0 <__wrap_memset>
10004e1a:	f000 fc0d 	bl	10005638 <usbd_control_reset>
10004e1e:	f7ff fe4f 	bl	10004ac0 <tud_umount_cb>
10004e22:	e6ed      	b.n	10004c00 <tud_task_ext+0x20>
10004e24:	4e39      	ldr	r6, [pc, #228]	; (10004f0c <tud_task_ext+0x32c>)
10004e26:	2254      	movs	r2, #84	; 0x54
10004e28:	2100      	movs	r1, #0
10004e2a:	0030      	movs	r0, r6
10004e2c:	f7fd fbc0 	bl	100025b0 <__wrap_memset>
10004e30:	2210      	movs	r2, #16
10004e32:	21ff      	movs	r1, #255	; 0xff
10004e34:	1d30      	adds	r0, r6, #4
10004e36:	f7fd fbbb 	bl	100025b0 <__wrap_memset>
10004e3a:	0030      	movs	r0, r6
10004e3c:	2220      	movs	r2, #32
10004e3e:	21ff      	movs	r1, #255	; 0xff
10004e40:	3014      	adds	r0, #20
10004e42:	f7fd fbb5 	bl	100025b0 <__wrap_memset>
10004e46:	f000 fbf7 	bl	10005638 <usbd_control_reset>
10004e4a:	7923      	ldrb	r3, [r4, #4]
10004e4c:	70b3      	strb	r3, [r6, #2]
10004e4e:	e6d7      	b.n	10004c00 <tud_task_ext+0x20>
10004e50:	1c50      	adds	r0, r2, #1
10004e52:	4298      	cmp	r0, r3
10004e54:	da0e      	bge.n	10004e74 <tud_task_ext+0x294>
10004e56:	b00b      	add	sp, #44	; 0x2c
10004e58:	bcf0      	pop	{r4, r5, r6, r7}
10004e5a:	46bb      	mov	fp, r7
10004e5c:	46b2      	mov	sl, r6
10004e5e:	46a9      	mov	r9, r5
10004e60:	46a0      	mov	r8, r4
10004e62:	bdf0      	pop	{r4, r5, r6, r7, pc}
10004e64:	4e29      	ldr	r6, [pc, #164]	; (10004f0c <tud_task_ext+0x32c>)
10004e66:	e7ee      	b.n	10004e46 <tud_task_ext+0x266>
10004e68:	7962      	ldrb	r2, [r4, #5]
10004e6a:	7820      	ldrb	r0, [r4, #0]
10004e6c:	68a3      	ldr	r3, [r4, #8]
10004e6e:	f000 fc01 	bl	10005674 <usbd_control_xfer_cb>
10004e72:	e6c5      	b.n	10004c00 <tud_task_ext+0x20>
10004e74:	1a9b      	subs	r3, r3, r2
10004e76:	4a29      	ldr	r2, [pc, #164]	; (10004f1c <tud_task_ext+0x33c>)
10004e78:	015b      	lsls	r3, r3, #5
10004e7a:	18d3      	adds	r3, r2, r3
10004e7c:	e709      	b.n	10004c92 <tud_task_ext+0xb2>
10004e7e:	4828      	ldr	r0, [pc, #160]	; (10004f20 <tud_task_ext+0x340>)
10004e80:	f000 fbe4 	bl	1000564c <usbd_control_set_complete_callback>
10004e84:	2101      	movs	r1, #1
10004e86:	4658      	mov	r0, fp
10004e88:	aa08      	add	r2, sp, #32
10004e8a:	f7ff f8ff 	bl	1000408c <tud_vendor_control_xfer_cb>
10004e8e:	2800      	cmp	r0, #0
10004e90:	d000      	beq.n	10004e94 <tud_task_ext+0x2b4>
10004e92:	e6b5      	b.n	10004c00 <tud_task_ext+0x20>
10004e94:	e73f      	b.n	10004d16 <tud_task_ext+0x136>
10004e96:	2a20      	cmp	r2, #32
10004e98:	d100      	bne.n	10004e9c <tud_task_ext+0x2bc>
10004e9a:	e14e      	b.n	1000513a <tud_task_ext+0x55a>
10004e9c:	2a00      	cmp	r2, #0
10004e9e:	d000      	beq.n	10004ea2 <tud_task_ext+0x2c2>
10004ea0:	e739      	b.n	10004d16 <tud_task_ext+0x136>
10004ea2:	7963      	ldrb	r3, [r4, #5]
10004ea4:	2b09      	cmp	r3, #9
10004ea6:	d900      	bls.n	10004eaa <tud_task_ext+0x2ca>
10004ea8:	e735      	b.n	10004d16 <tud_task_ext+0x136>
10004eaa:	4a1e      	ldr	r2, [pc, #120]	; (10004f24 <tud_task_ext+0x344>)
10004eac:	009b      	lsls	r3, r3, #2
10004eae:	58d3      	ldr	r3, [r2, r3]
10004eb0:	469f      	mov	pc, r3
10004eb2:	2370      	movs	r3, #112	; 0x70
10004eb4:	7a21      	ldrb	r1, [r4, #8]
10004eb6:	420b      	tst	r3, r1
10004eb8:	d000      	beq.n	10004ebc <tud_task_ext+0x2dc>
10004eba:	e72c      	b.n	10004d16 <tud_task_ext+0x136>
10004ebc:	267f      	movs	r6, #127	; 0x7f
10004ebe:	09cb      	lsrs	r3, r1, #7
10004ec0:	4698      	mov	r8, r3
10004ec2:	400e      	ands	r6, r1
10004ec4:	4b11      	ldr	r3, [pc, #68]	; (10004f0c <tud_task_ext+0x32c>)
10004ec6:	0076      	lsls	r6, r6, #1
10004ec8:	199b      	adds	r3, r3, r6
10004eca:	4443      	add	r3, r8
10004ecc:	7d1f      	ldrb	r7, [r3, #20]
10004ece:	4b10      	ldr	r3, [pc, #64]	; (10004f10 <tud_task_ext+0x330>)
10004ed0:	781b      	ldrb	r3, [r3, #0]
10004ed2:	429f      	cmp	r7, r3
10004ed4:	d35e      	bcc.n	10004f94 <tud_task_ext+0x3b4>
10004ed6:	1c58      	adds	r0, r3, #1
10004ed8:	42b8      	cmp	r0, r7
10004eda:	da00      	bge.n	10004ede <tud_task_ext+0x2fe>
10004edc:	e149      	b.n	10005172 <tud_task_ext+0x592>
10004ede:	1aff      	subs	r7, r7, r3
10004ee0:	4b0e      	ldr	r3, [pc, #56]	; (10004f1c <tud_task_ext+0x33c>)
10004ee2:	017f      	lsls	r7, r7, #5
10004ee4:	19df      	adds	r7, r3, r7
10004ee6:	2a00      	cmp	r2, #0
10004ee8:	d100      	bne.n	10004eec <tud_task_ext+0x30c>
10004eea:	e146      	b.n	1000517a <tud_task_ext+0x59a>
10004eec:	6978      	ldr	r0, [r7, #20]
10004eee:	f000 fbad 	bl	1000564c <usbd_control_set_complete_callback>
10004ef2:	2101      	movs	r1, #1
10004ef4:	4658      	mov	r0, fp
10004ef6:	697b      	ldr	r3, [r7, #20]
10004ef8:	aa08      	add	r2, sp, #32
10004efa:	4798      	blx	r3
10004efc:	e7c7      	b.n	10004e8e <tud_task_ext+0x2ae>
10004efe:	46c0      	nop			; (mov r8, r8)
10004f00:	20001084 	.word	0x20001084
10004f04:	10006ee0 	.word	0x10006ee0
10004f08:	2000163c 	.word	0x2000163c
10004f0c:	200015e4 	.word	0x200015e4
10004f10:	20001f85 	.word	0x20001f85
10004f14:	20001434 	.word	0x20001434
10004f18:	20001f87 	.word	0x20001f87
10004f1c:	10006f88 	.word	0x10006f88
10004f20:	1000408d 	.word	0x1000408d
10004f24:	10006f04 	.word	0x10006f04
10004f28:	7a23      	ldrb	r3, [r4, #8]
10004f2a:	2b0f      	cmp	r3, #15
10004f2c:	d900      	bls.n	10004f30 <tud_task_ext+0x350>
10004f2e:	e6f2      	b.n	10004d16 <tud_task_ext+0x136>
10004f30:	4ad6      	ldr	r2, [pc, #856]	; (1000528c <tud_task_ext+0x6ac>)
10004f32:	4694      	mov	ip, r2
10004f34:	4ad6      	ldr	r2, [pc, #856]	; (10005290 <tud_task_ext+0x6b0>)
10004f36:	4463      	add	r3, ip
10004f38:	791b      	ldrb	r3, [r3, #4]
10004f3a:	7812      	ldrb	r2, [r2, #0]
10004f3c:	4293      	cmp	r3, r2
10004f3e:	d334      	bcc.n	10004faa <tud_task_ext+0x3ca>
10004f40:	1c51      	adds	r1, r2, #1
10004f42:	4299      	cmp	r1, r3
10004f44:	da00      	bge.n	10004f48 <tud_task_ext+0x368>
10004f46:	e6e6      	b.n	10004d16 <tud_task_ext+0x136>
10004f48:	4ed2      	ldr	r6, [pc, #840]	; (10005294 <tud_task_ext+0x6b4>)
10004f4a:	1a9b      	subs	r3, r3, r2
10004f4c:	015b      	lsls	r3, r3, #5
10004f4e:	18f6      	adds	r6, r6, r3
10004f50:	6970      	ldr	r0, [r6, #20]
10004f52:	f000 fb7b 	bl	1000564c <usbd_control_set_complete_callback>
10004f56:	2101      	movs	r1, #1
10004f58:	4658      	mov	r0, fp
10004f5a:	6973      	ldr	r3, [r6, #20]
10004f5c:	aa08      	add	r2, sp, #32
10004f5e:	4798      	blx	r3
10004f60:	2800      	cmp	r0, #0
10004f62:	d000      	beq.n	10004f66 <tud_task_ext+0x386>
10004f64:	e64c      	b.n	10004c00 <tud_task_ext+0x20>
10004f66:	2260      	movs	r2, #96	; 0x60
10004f68:	0016      	movs	r6, r2
10004f6a:	7923      	ldrb	r3, [r4, #4]
10004f6c:	401e      	ands	r6, r3
10004f6e:	421a      	tst	r2, r3
10004f70:	d000      	beq.n	10004f74 <tud_task_ext+0x394>
10004f72:	e6d0      	b.n	10004d16 <tud_task_ext+0x136>
10004f74:	7963      	ldrb	r3, [r4, #5]
10004f76:	3b0a      	subs	r3, #10
10004f78:	2b01      	cmp	r3, #1
10004f7a:	d900      	bls.n	10004f7e <tud_task_ext+0x39e>
10004f7c:	e6cb      	b.n	10004d16 <tud_task_ext+0x136>
10004f7e:	f000 fb65 	bl	1000564c <usbd_control_set_complete_callback>
10004f82:	7963      	ldrb	r3, [r4, #5]
10004f84:	2b0a      	cmp	r3, #10
10004f86:	d100      	bne.n	10004f8a <tud_task_ext+0x3aa>
10004f88:	e150      	b.n	1000522c <tud_task_ext+0x64c>
10004f8a:	4658      	mov	r0, fp
10004f8c:	a908      	add	r1, sp, #32
10004f8e:	f000 fadd 	bl	1000554c <tud_control_status>
10004f92:	e635      	b.n	10004c00 <tud_task_ext+0x20>
10004f94:	4bc0      	ldr	r3, [pc, #768]	; (10005298 <tud_task_ext+0x6b8>)
10004f96:	017f      	lsls	r7, r7, #5
10004f98:	681b      	ldr	r3, [r3, #0]
10004f9a:	19df      	adds	r7, r3, r7
10004f9c:	2a00      	cmp	r2, #0
10004f9e:	d100      	bne.n	10004fa2 <tud_task_ext+0x3c2>
10004fa0:	e0eb      	b.n	1000517a <tud_task_ext+0x59a>
10004fa2:	2f00      	cmp	r7, #0
10004fa4:	d100      	bne.n	10004fa8 <tud_task_ext+0x3c8>
10004fa6:	e6b6      	b.n	10004d16 <tud_task_ext+0x136>
10004fa8:	e7a0      	b.n	10004eec <tud_task_ext+0x30c>
10004faa:	4abb      	ldr	r2, [pc, #748]	; (10005298 <tud_task_ext+0x6b8>)
10004fac:	015b      	lsls	r3, r3, #5
10004fae:	6816      	ldr	r6, [r2, #0]
10004fb0:	18f6      	adds	r6, r6, r3
10004fb2:	2e00      	cmp	r6, #0
10004fb4:	d100      	bne.n	10004fb8 <tud_task_ext+0x3d8>
10004fb6:	e6ae      	b.n	10004d16 <tud_task_ext+0x136>
10004fb8:	e7ca      	b.n	10004f50 <tud_task_ext+0x370>
10004fba:	4bb4      	ldr	r3, [pc, #720]	; (1000528c <tud_task_ext+0x6ac>)
10004fbc:	79a7      	ldrb	r7, [r4, #6]
10004fbe:	785b      	ldrb	r3, [r3, #1]
10004fc0:	429f      	cmp	r7, r3
10004fc2:	d0e2      	beq.n	10004f8a <tud_task_ext+0x3aa>
10004fc4:	4bb1      	ldr	r3, [pc, #708]	; (1000528c <tud_task_ext+0x6ac>)
10004fc6:	785b      	ldrb	r3, [r3, #1]
10004fc8:	2b00      	cmp	r3, #0
10004fca:	d000      	beq.n	10004fce <tud_task_ext+0x3ee>
10004fcc:	e16a      	b.n	100052a4 <tud_task_ext+0x6c4>
10004fce:	4baf      	ldr	r3, [pc, #700]	; (1000528c <tud_task_ext+0x6ac>)
10004fd0:	705f      	strb	r7, [r3, #1]
10004fd2:	2f00      	cmp	r7, #0
10004fd4:	d100      	bne.n	10004fd8 <tud_task_ext+0x3f8>
10004fd6:	e155      	b.n	10005284 <tud_task_ext+0x6a4>
10004fd8:	1e78      	subs	r0, r7, #1
10004fda:	b2c0      	uxtb	r0, r0
10004fdc:	f7ff fa9c 	bl	10004518 <tud_descriptor_configuration_cb>
10004fe0:	2800      	cmp	r0, #0
10004fe2:	d100      	bne.n	10004fe6 <tud_task_ext+0x406>
10004fe4:	e14a      	b.n	1000527c <tud_task_ext+0x69c>
10004fe6:	7843      	ldrb	r3, [r0, #1]
10004fe8:	9304      	str	r3, [sp, #16]
10004fea:	2b02      	cmp	r3, #2
10004fec:	d000      	beq.n	10004ff0 <tud_task_ext+0x410>
10004fee:	e145      	b.n	1000527c <tud_task_ext+0x69c>
10004ff0:	2101      	movs	r1, #1
10004ff2:	79c2      	ldrb	r2, [r0, #7]
10004ff4:	1193      	asrs	r3, r2, #6
10004ff6:	1152      	asrs	r2, r2, #5
10004ff8:	400b      	ands	r3, r1
10004ffa:	400a      	ands	r2, r1
10004ffc:	0112      	lsls	r2, r2, #4
10004ffe:	015b      	lsls	r3, r3, #5
10005000:	4313      	orrs	r3, r2
10005002:	4aa2      	ldr	r2, [pc, #648]	; (1000528c <tud_task_ext+0x6ac>)
10005004:	312f      	adds	r1, #47	; 0x2f
10005006:	7812      	ldrb	r2, [r2, #0]
10005008:	438a      	bics	r2, r1
1000500a:	4313      	orrs	r3, r2
1000500c:	4a9f      	ldr	r2, [pc, #636]	; (1000528c <tud_task_ext+0x6ac>)
1000500e:	7013      	strb	r3, [r2, #0]
10005010:	2309      	movs	r3, #9
10005012:	4699      	mov	r9, r3
10005014:	78c3      	ldrb	r3, [r0, #3]
10005016:	7882      	ldrb	r2, [r0, #2]
10005018:	021b      	lsls	r3, r3, #8
1000501a:	4313      	orrs	r3, r2
1000501c:	18c3      	adds	r3, r0, r3
1000501e:	9302      	str	r3, [sp, #8]
10005020:	4b9d      	ldr	r3, [pc, #628]	; (10005298 <tud_task_ext+0x6b8>)
10005022:	4481      	add	r9, r0
10005024:	4698      	mov	r8, r3
10005026:	464f      	mov	r7, r9
10005028:	9b02      	ldr	r3, [sp, #8]
1000502a:	42bb      	cmp	r3, r7
1000502c:	d800      	bhi.n	10005030 <tud_task_ext+0x450>
1000502e:	e106      	b.n	1000523e <tud_task_ext+0x65e>
10005030:	2201      	movs	r2, #1
10005032:	787b      	ldrb	r3, [r7, #1]
10005034:	9200      	str	r2, [sp, #0]
10005036:	2b0b      	cmp	r3, #11
10005038:	d104      	bne.n	10005044 <tud_task_ext+0x464>
1000503a:	78fb      	ldrb	r3, [r7, #3]
1000503c:	9300      	str	r3, [sp, #0]
1000503e:	783b      	ldrb	r3, [r7, #0]
10005040:	18ff      	adds	r7, r7, r3
10005042:	787b      	ldrb	r3, [r7, #1]
10005044:	2b04      	cmp	r3, #4
10005046:	d000      	beq.n	1000504a <tud_task_ext+0x46a>
10005048:	e118      	b.n	1000527c <tud_task_ext+0x69c>
1000504a:	9b02      	ldr	r3, [sp, #8]
1000504c:	46b9      	mov	r9, r7
1000504e:	1bdb      	subs	r3, r3, r7
10005050:	b29b      	uxth	r3, r3
10005052:	9303      	str	r3, [sp, #12]
10005054:	4b8e      	ldr	r3, [pc, #568]	; (10005290 <tud_task_ext+0x6b0>)
10005056:	781e      	ldrb	r6, [r3, #0]
10005058:	2300      	movs	r3, #0
1000505a:	001f      	movs	r7, r3
1000505c:	9301      	str	r3, [sp, #4]
1000505e:	e01b      	b.n	10005098 <tud_task_ext+0x4b8>
10005060:	4642      	mov	r2, r8
10005062:	6812      	ldr	r2, [r2, #0]
10005064:	017b      	lsls	r3, r7, #5
10005066:	18d6      	adds	r6, r2, r3
10005068:	2e00      	cmp	r6, #0
1000506a:	d100      	bne.n	1000506e <tud_task_ext+0x48e>
1000506c:	e106      	b.n	1000527c <tud_task_ext+0x69c>
1000506e:	4649      	mov	r1, r9
10005070:	4658      	mov	r0, fp
10005072:	9a03      	ldr	r2, [sp, #12]
10005074:	6933      	ldr	r3, [r6, #16]
10005076:	4798      	blx	r3
10005078:	9005      	str	r0, [sp, #20]
1000507a:	2808      	cmp	r0, #8
1000507c:	d903      	bls.n	10005086 <tud_task_ext+0x4a6>
1000507e:	9a03      	ldr	r2, [sp, #12]
10005080:	4282      	cmp	r2, r0
10005082:	d300      	bcc.n	10005086 <tud_task_ext+0x4a6>
10005084:	e0de      	b.n	10005244 <tud_task_ext+0x664>
10005086:	4b82      	ldr	r3, [pc, #520]	; (10005290 <tud_task_ext+0x6b0>)
10005088:	3701      	adds	r7, #1
1000508a:	781e      	ldrb	r6, [r3, #0]
1000508c:	b2ff      	uxtb	r7, r7
1000508e:	1c73      	adds	r3, r6, #1
10005090:	9701      	str	r7, [sp, #4]
10005092:	429f      	cmp	r7, r3
10005094:	dd00      	ble.n	10005098 <tud_task_ext+0x4b8>
10005096:	e0f1      	b.n	1000527c <tud_task_ext+0x69c>
10005098:	42be      	cmp	r6, r7
1000509a:	d8e1      	bhi.n	10005060 <tud_task_ext+0x480>
1000509c:	9b01      	ldr	r3, [sp, #4]
1000509e:	1b9e      	subs	r6, r3, r6
100050a0:	4b7c      	ldr	r3, [pc, #496]	; (10005294 <tud_task_ext+0x6b4>)
100050a2:	0176      	lsls	r6, r6, #5
100050a4:	469c      	mov	ip, r3
100050a6:	4466      	add	r6, ip
100050a8:	e7e1      	b.n	1000506e <tud_task_ext+0x48e>
100050aa:	4b78      	ldr	r3, [pc, #480]	; (1000528c <tud_task_ext+0x6ac>)
100050ac:	aa06      	add	r2, sp, #24
100050ae:	785b      	ldrb	r3, [r3, #1]
100050b0:	3202      	adds	r2, #2
100050b2:	7013      	strb	r3, [r2, #0]
100050b4:	4658      	mov	r0, fp
100050b6:	2301      	movs	r3, #1
100050b8:	a908      	add	r1, sp, #32
100050ba:	f000 fa5f 	bl	1000557c <tud_control_xfer>
100050be:	e59f      	b.n	10004c00 <tud_task_ext+0x20>
100050c0:	88e0      	ldrh	r0, [r4, #6]
100050c2:	0a03      	lsrs	r3, r0, #8
100050c4:	b2c0      	uxtb	r0, r0
100050c6:	2b0f      	cmp	r3, #15
100050c8:	d900      	bls.n	100050cc <tud_task_ext+0x4ec>
100050ca:	e624      	b.n	10004d16 <tud_task_ext+0x136>
100050cc:	4973      	ldr	r1, [pc, #460]	; (1000529c <tud_task_ext+0x6bc>)
100050ce:	009a      	lsls	r2, r3, #2
100050d0:	588a      	ldr	r2, [r1, r2]
100050d2:	4697      	mov	pc, r2
100050d4:	a808      	add	r0, sp, #32
100050d6:	f000 fabf 	bl	10005658 <usbd_control_set_request>
100050da:	4658      	mov	r0, fp
100050dc:	79a1      	ldrb	r1, [r4, #6]
100050de:	f7ff fba3 	bl	10004828 <dcd_set_address>
100050e2:	2202      	movs	r2, #2
100050e4:	4b69      	ldr	r3, [pc, #420]	; (1000528c <tud_task_ext+0x6ac>)
100050e6:	781b      	ldrb	r3, [r3, #0]
100050e8:	4313      	orrs	r3, r2
100050ea:	4a68      	ldr	r2, [pc, #416]	; (1000528c <tud_task_ext+0x6ac>)
100050ec:	7013      	strb	r3, [r2, #0]
100050ee:	e587      	b.n	10004c00 <tud_task_ext+0x20>
100050f0:	88e3      	ldrh	r3, [r4, #6]
100050f2:	2b01      	cmp	r3, #1
100050f4:	d000      	beq.n	100050f8 <tud_task_ext+0x518>
100050f6:	e60e      	b.n	10004d16 <tud_task_ext+0x136>
100050f8:	2208      	movs	r2, #8
100050fa:	4b64      	ldr	r3, [pc, #400]	; (1000528c <tud_task_ext+0x6ac>)
100050fc:	781b      	ldrb	r3, [r3, #0]
100050fe:	4393      	bics	r3, r2
10005100:	4a62      	ldr	r2, [pc, #392]	; (1000528c <tud_task_ext+0x6ac>)
10005102:	7013      	strb	r3, [r2, #0]
10005104:	e741      	b.n	10004f8a <tud_task_ext+0x3aa>
10005106:	2002      	movs	r0, #2
10005108:	4b60      	ldr	r3, [pc, #384]	; (1000528c <tud_task_ext+0x6ac>)
1000510a:	7819      	ldrb	r1, [r3, #0]
1000510c:	ab06      	add	r3, sp, #24
1000510e:	1c9a      	adds	r2, r3, #2
10005110:	068b      	lsls	r3, r1, #26
10005112:	0889      	lsrs	r1, r1, #2
10005114:	0fdb      	lsrs	r3, r3, #31
10005116:	4001      	ands	r1, r0
10005118:	430b      	orrs	r3, r1
1000511a:	8013      	strh	r3, [r2, #0]
1000511c:	4658      	mov	r0, fp
1000511e:	2302      	movs	r3, #2
10005120:	a908      	add	r1, sp, #32
10005122:	f000 fa2b 	bl	1000557c <tud_control_xfer>
10005126:	e56b      	b.n	10004c00 <tud_task_ext+0x20>
10005128:	88e3      	ldrh	r3, [r4, #6]
1000512a:	2b01      	cmp	r3, #1
1000512c:	d000      	beq.n	10005130 <tud_task_ext+0x550>
1000512e:	e5f2      	b.n	10004d16 <tud_task_ext+0x136>
10005130:	2208      	movs	r2, #8
10005132:	4b56      	ldr	r3, [pc, #344]	; (1000528c <tud_task_ext+0x6ac>)
10005134:	781b      	ldrb	r3, [r3, #0]
10005136:	4313      	orrs	r3, r2
10005138:	e7e2      	b.n	10005100 <tud_task_ext+0x520>
1000513a:	7a23      	ldrb	r3, [r4, #8]
1000513c:	2b0f      	cmp	r3, #15
1000513e:	d900      	bls.n	10005142 <tud_task_ext+0x562>
10005140:	e5e9      	b.n	10004d16 <tud_task_ext+0x136>
10005142:	4a52      	ldr	r2, [pc, #328]	; (1000528c <tud_task_ext+0x6ac>)
10005144:	4694      	mov	ip, r2
10005146:	4a52      	ldr	r2, [pc, #328]	; (10005290 <tud_task_ext+0x6b0>)
10005148:	4463      	add	r3, ip
1000514a:	791b      	ldrb	r3, [r3, #4]
1000514c:	7812      	ldrb	r2, [r2, #0]
1000514e:	4293      	cmp	r3, r2
10005150:	d227      	bcs.n	100051a2 <tud_task_ext+0x5c2>
10005152:	4a51      	ldr	r2, [pc, #324]	; (10005298 <tud_task_ext+0x6b8>)
10005154:	015b      	lsls	r3, r3, #5
10005156:	6816      	ldr	r6, [r2, #0]
10005158:	18f6      	adds	r6, r6, r3
1000515a:	2e00      	cmp	r6, #0
1000515c:	d100      	bne.n	10005160 <tud_task_ext+0x580>
1000515e:	e5da      	b.n	10004d16 <tud_task_ext+0x136>
10005160:	6970      	ldr	r0, [r6, #20]
10005162:	f000 fa73 	bl	1000564c <usbd_control_set_complete_callback>
10005166:	2101      	movs	r1, #1
10005168:	4658      	mov	r0, fp
1000516a:	6973      	ldr	r3, [r6, #20]
1000516c:	aa08      	add	r2, sp, #32
1000516e:	4798      	blx	r3
10005170:	e68d      	b.n	10004e8e <tud_task_ext+0x2ae>
10005172:	2700      	movs	r7, #0
10005174:	2a00      	cmp	r2, #0
10005176:	d000      	beq.n	1000517a <tud_task_ext+0x59a>
10005178:	e5cd      	b.n	10004d16 <tud_task_ext+0x136>
1000517a:	2202      	movs	r2, #2
1000517c:	7963      	ldrb	r3, [r4, #5]
1000517e:	4699      	mov	r9, r3
10005180:	4393      	bics	r3, r2
10005182:	2b01      	cmp	r3, #1
10005184:	d016      	beq.n	100051b4 <tud_task_ext+0x5d4>
10005186:	464b      	mov	r3, r9
10005188:	2b00      	cmp	r3, #0
1000518a:	d000      	beq.n	1000518e <tud_task_ext+0x5ae>
1000518c:	e5c3      	b.n	10004d16 <tud_task_ext+0x136>
1000518e:	4b3f      	ldr	r3, [pc, #252]	; (1000528c <tud_task_ext+0x6ac>)
10005190:	aa06      	add	r2, sp, #24
10005192:	199b      	adds	r3, r3, r6
10005194:	4443      	add	r3, r8
10005196:	3330      	adds	r3, #48	; 0x30
10005198:	791b      	ldrb	r3, [r3, #4]
1000519a:	3202      	adds	r2, #2
1000519c:	079b      	lsls	r3, r3, #30
1000519e:	0fdb      	lsrs	r3, r3, #31
100051a0:	e7bb      	b.n	1000511a <tud_task_ext+0x53a>
100051a2:	1c51      	adds	r1, r2, #1
100051a4:	4299      	cmp	r1, r3
100051a6:	da00      	bge.n	100051aa <tud_task_ext+0x5ca>
100051a8:	e5b5      	b.n	10004d16 <tud_task_ext+0x136>
100051aa:	4e3a      	ldr	r6, [pc, #232]	; (10005294 <tud_task_ext+0x6b4>)
100051ac:	1a9b      	subs	r3, r3, r2
100051ae:	015b      	lsls	r3, r3, #5
100051b0:	18f6      	adds	r6, r6, r3
100051b2:	e7d5      	b.n	10005160 <tud_task_ext+0x580>
100051b4:	88e3      	ldrh	r3, [r4, #6]
100051b6:	2b00      	cmp	r3, #0
100051b8:	d112      	bne.n	100051e0 <tud_task_ext+0x600>
100051ba:	464b      	mov	r3, r9
100051bc:	2b01      	cmp	r3, #1
100051be:	d024      	beq.n	1000520a <tud_task_ext+0x62a>
100051c0:	4b37      	ldr	r3, [pc, #220]	; (100052a0 <tud_task_ext+0x6c0>)
100051c2:	7818      	ldrb	r0, [r3, #0]
100051c4:	f7ff fbf6 	bl	100049b4 <dcd_edpt_stall>
100051c8:	2102      	movs	r1, #2
100051ca:	4b30      	ldr	r3, [pc, #192]	; (1000528c <tud_task_ext+0x6ac>)
100051cc:	199b      	adds	r3, r3, r6
100051ce:	4443      	add	r3, r8
100051d0:	3330      	adds	r3, #48	; 0x30
100051d2:	791a      	ldrb	r2, [r3, #4]
100051d4:	430a      	orrs	r2, r1
100051d6:	2101      	movs	r1, #1
100051d8:	711a      	strb	r2, [r3, #4]
100051da:	791a      	ldrb	r2, [r3, #4]
100051dc:	430a      	orrs	r2, r1
100051de:	711a      	strb	r2, [r3, #4]
100051e0:	2f00      	cmp	r7, #0
100051e2:	d100      	bne.n	100051e6 <tud_task_ext+0x606>
100051e4:	e50c      	b.n	10004c00 <tud_task_ext+0x20>
100051e6:	6978      	ldr	r0, [r7, #20]
100051e8:	f000 fa30 	bl	1000564c <usbd_control_set_complete_callback>
100051ec:	697b      	ldr	r3, [r7, #20]
100051ee:	aa08      	add	r2, sp, #32
100051f0:	2101      	movs	r1, #1
100051f2:	4658      	mov	r0, fp
100051f4:	4798      	blx	r3
100051f6:	2000      	movs	r0, #0
100051f8:	f000 fa28 	bl	1000564c <usbd_control_set_complete_callback>
100051fc:	2335      	movs	r3, #53	; 0x35
100051fe:	4a23      	ldr	r2, [pc, #140]	; (1000528c <tud_task_ext+0x6ac>)
10005200:	5cd3      	ldrb	r3, [r2, r3]
10005202:	07db      	lsls	r3, r3, #31
10005204:	d500      	bpl.n	10005208 <tud_task_ext+0x628>
10005206:	e4fb      	b.n	10004c00 <tud_task_ext+0x20>
10005208:	e6bf      	b.n	10004f8a <tud_task_ext+0x3aa>
1000520a:	4b25      	ldr	r3, [pc, #148]	; (100052a0 <tud_task_ext+0x6c0>)
1000520c:	7818      	ldrb	r0, [r3, #0]
1000520e:	f7ff fbed 	bl	100049ec <dcd_edpt_clear_stall>
10005212:	2102      	movs	r1, #2
10005214:	4b1d      	ldr	r3, [pc, #116]	; (1000528c <tud_task_ext+0x6ac>)
10005216:	199b      	adds	r3, r3, r6
10005218:	4443      	add	r3, r8
1000521a:	3330      	adds	r3, #48	; 0x30
1000521c:	791a      	ldrb	r2, [r3, #4]
1000521e:	438a      	bics	r2, r1
10005220:	4649      	mov	r1, r9
10005222:	711a      	strb	r2, [r3, #4]
10005224:	791a      	ldrb	r2, [r3, #4]
10005226:	438a      	bics	r2, r1
10005228:	711a      	strb	r2, [r3, #4]
1000522a:	e7d9      	b.n	100051e0 <tud_task_ext+0x600>
1000522c:	ab06      	add	r3, sp, #24
1000522e:	1c9a      	adds	r2, r3, #2
10005230:	4658      	mov	r0, fp
10005232:	2301      	movs	r3, #1
10005234:	a908      	add	r1, sp, #32
10005236:	7016      	strb	r6, [r2, #0]
10005238:	f000 f9a0 	bl	1000557c <tud_control_xfer>
1000523c:	e4e0      	b.n	10004c00 <tud_task_ext+0x20>
1000523e:	f7ff fc3d 	bl	10004abc <tud_mount_cb>
10005242:	e6a2      	b.n	10004f8a <tud_task_ext+0x3aa>
10005244:	003b      	movs	r3, r7
10005246:	464f      	mov	r7, r9
10005248:	4699      	mov	r9, r3
1000524a:	9b00      	ldr	r3, [sp, #0]
1000524c:	2b01      	cmp	r3, #1
1000524e:	d100      	bne.n	10005252 <tud_task_ext+0x672>
10005250:	e089      	b.n	10005366 <tud_task_ext+0x786>
10005252:	9b00      	ldr	r3, [sp, #0]
10005254:	2b00      	cmp	r3, #0
10005256:	d075      	beq.n	10005344 <tud_task_ext+0x764>
10005258:	2300      	movs	r3, #0
1000525a:	464e      	mov	r6, r9
1000525c:	78b9      	ldrb	r1, [r7, #2]
1000525e:	e005      	b.n	1000526c <tud_task_ext+0x68c>
10005260:	7116      	strb	r6, [r2, #4]
10005262:	3301      	adds	r3, #1
10005264:	9a00      	ldr	r2, [sp, #0]
10005266:	b2db      	uxtb	r3, r3
10005268:	4293      	cmp	r3, r2
1000526a:	d26a      	bcs.n	10005342 <tud_task_ext+0x762>
1000526c:	4807      	ldr	r0, [pc, #28]	; (1000528c <tud_task_ext+0x6ac>)
1000526e:	185a      	adds	r2, r3, r1
10005270:	4684      	mov	ip, r0
10005272:	b2d2      	uxtb	r2, r2
10005274:	4462      	add	r2, ip
10005276:	7910      	ldrb	r0, [r2, #4]
10005278:	28ff      	cmp	r0, #255	; 0xff
1000527a:	d0f1      	beq.n	10005260 <tud_task_ext+0x680>
1000527c:	2300      	movs	r3, #0
1000527e:	4a03      	ldr	r2, [pc, #12]	; (1000528c <tud_task_ext+0x6ac>)
10005280:	7053      	strb	r3, [r2, #1]
10005282:	e548      	b.n	10004d16 <tud_task_ext+0x136>
10005284:	f7ff fc1c 	bl	10004ac0 <tud_umount_cb>
10005288:	e67f      	b.n	10004f8a <tud_task_ext+0x3aa>
1000528a:	46c0      	nop			; (mov r8, r8)
1000528c:	200015e4 	.word	0x200015e4
10005290:	20001f85 	.word	0x20001f85
10005294:	10006f88 	.word	0x10006f88
10005298:	20001434 	.word	0x20001434
1000529c:	10006f2c 	.word	0x10006f2c
100052a0:	20001084 	.word	0x20001084
100052a4:	2100      	movs	r1, #0
100052a6:	4658      	mov	r0, fp
100052a8:	f7ff fac8 	bl	1000483c <dcd_sof_enable>
100052ac:	4658      	mov	r0, fp
100052ae:	f7ff fb6b 	bl	10004988 <dcd_edpt_close_all>
100052b2:	4b45      	ldr	r3, [pc, #276]	; (100053c8 <tud_task_ext+0x7e8>)
100052b4:	4e45      	ldr	r6, [pc, #276]	; (100053cc <tud_task_ext+0x7ec>)
100052b6:	789b      	ldrb	r3, [r3, #2]
100052b8:	4945      	ldr	r1, [pc, #276]	; (100053d0 <tud_task_ext+0x7f0>)
100052ba:	9300      	str	r3, [sp, #0]
100052bc:	4689      	mov	r9, r1
100052be:	2300      	movs	r3, #0
100052c0:	0031      	movs	r1, r6
100052c2:	7832      	ldrb	r2, [r6, #0]
100052c4:	4688      	mov	r8, r1
100052c6:	001e      	movs	r6, r3
100052c8:	e011      	b.n	100052ee <tud_task_ext+0x70e>
100052ca:	464a      	mov	r2, r9
100052cc:	6812      	ldr	r2, [r2, #0]
100052ce:	0173      	lsls	r3, r6, #5
100052d0:	4694      	mov	ip, r2
100052d2:	4463      	add	r3, ip
100052d4:	2b00      	cmp	r3, #0
100052d6:	d022      	beq.n	1000531e <tud_task_ext+0x73e>
100052d8:	68db      	ldr	r3, [r3, #12]
100052da:	4658      	mov	r0, fp
100052dc:	4798      	blx	r3
100052de:	4643      	mov	r3, r8
100052e0:	781a      	ldrb	r2, [r3, #0]
100052e2:	3601      	adds	r6, #1
100052e4:	b2f6      	uxtb	r6, r6
100052e6:	1c51      	adds	r1, r2, #1
100052e8:	0033      	movs	r3, r6
100052ea:	428e      	cmp	r6, r1
100052ec:	dc07      	bgt.n	100052fe <tud_task_ext+0x71e>
100052ee:	42b2      	cmp	r2, r6
100052f0:	d8eb      	bhi.n	100052ca <tud_task_ext+0x6ea>
100052f2:	1a9b      	subs	r3, r3, r2
100052f4:	4a37      	ldr	r2, [pc, #220]	; (100053d4 <tud_task_ext+0x7f4>)
100052f6:	015b      	lsls	r3, r3, #5
100052f8:	4694      	mov	ip, r2
100052fa:	4463      	add	r3, ip
100052fc:	e7ec      	b.n	100052d8 <tud_task_ext+0x6f8>
100052fe:	2254      	movs	r2, #84	; 0x54
10005300:	2100      	movs	r1, #0
10005302:	4831      	ldr	r0, [pc, #196]	; (100053c8 <tud_task_ext+0x7e8>)
10005304:	f7fd f954 	bl	100025b0 <__wrap_memset>
10005308:	4b2f      	ldr	r3, [pc, #188]	; (100053c8 <tud_task_ext+0x7e8>)
1000530a:	2210      	movs	r2, #16
1000530c:	21ff      	movs	r1, #255	; 0xff
1000530e:	1d18      	adds	r0, r3, #4
10005310:	f7fd f94e 	bl	100025b0 <__wrap_memset>
10005314:	2220      	movs	r2, #32
10005316:	21ff      	movs	r1, #255	; 0xff
10005318:	482f      	ldr	r0, [pc, #188]	; (100053d8 <tud_task_ext+0x7f8>)
1000531a:	f7fd f949 	bl	100025b0 <__wrap_memset>
1000531e:	4b2a      	ldr	r3, [pc, #168]	; (100053c8 <tud_task_ext+0x7e8>)
10005320:	9a00      	ldr	r2, [sp, #0]
10005322:	709a      	strb	r2, [r3, #2]
10005324:	e653      	b.n	10004fce <tud_task_ext+0x3ee>
10005326:	f7fe fead 	bl	10004084 <tud_descriptor_bos_cb>
1000532a:	1e02      	subs	r2, r0, #0
1000532c:	d100      	bne.n	10005330 <tud_task_ext+0x750>
1000532e:	e4f2      	b.n	10004d16 <tud_task_ext+0x136>
10005330:	78d3      	ldrb	r3, [r2, #3]
10005332:	7891      	ldrb	r1, [r2, #2]
10005334:	021b      	lsls	r3, r3, #8
10005336:	430b      	orrs	r3, r1
10005338:	4658      	mov	r0, fp
1000533a:	a908      	add	r1, sp, #32
1000533c:	f000 f91e 	bl	1000557c <tud_control_xfer>
10005340:	e5a5      	b.n	10004e8e <tud_task_ext+0x2ae>
10005342:	46b1      	mov	r9, r6
10005344:	9e05      	ldr	r6, [sp, #20]
10005346:	464b      	mov	r3, r9
10005348:	0032      	movs	r2, r6
1000534a:	0039      	movs	r1, r7
1000534c:	4822      	ldr	r0, [pc, #136]	; (100053d8 <tud_task_ext+0x7f8>)
1000534e:	f000 fea1 	bl	10006094 <tu_edpt_bind_driver>
10005352:	46b4      	mov	ip, r6
10005354:	4b1d      	ldr	r3, [pc, #116]	; (100053cc <tud_task_ext+0x7ec>)
10005356:	9a01      	ldr	r2, [sp, #4]
10005358:	781b      	ldrb	r3, [r3, #0]
1000535a:	4467      	add	r7, ip
1000535c:	3301      	adds	r3, #1
1000535e:	4293      	cmp	r3, r2
10005360:	db00      	blt.n	10005364 <tud_task_ext+0x784>
10005362:	e661      	b.n	10005028 <tud_task_ext+0x448>
10005364:	e78a      	b.n	1000527c <tud_task_ext+0x69c>
10005366:	4b1d      	ldr	r3, [pc, #116]	; (100053dc <tud_task_ext+0x7fc>)
10005368:	6932      	ldr	r2, [r6, #16]
1000536a:	429a      	cmp	r2, r3
1000536c:	d000      	beq.n	10005370 <tud_task_ext+0x790>
1000536e:	e773      	b.n	10005258 <tud_task_ext+0x678>
10005370:	9b04      	ldr	r3, [sp, #16]
10005372:	9300      	str	r3, [sp, #0]
10005374:	e770      	b.n	10005258 <tud_task_ext+0x678>
10005376:	f7ff fb9d 	bl	10004ab4 <tud_descriptor_device_qualifier_cb>
1000537a:	1e02      	subs	r2, r0, #0
1000537c:	d100      	bne.n	10005380 <tud_task_ext+0x7a0>
1000537e:	e4ca      	b.n	10004d16 <tud_task_ext+0x136>
10005380:	4658      	mov	r0, fp
10005382:	7813      	ldrb	r3, [r2, #0]
10005384:	a908      	add	r1, sp, #32
10005386:	f000 f8f9 	bl	1000557c <tud_control_xfer>
1000538a:	e580      	b.n	10004e8e <tud_task_ext+0x2ae>
1000538c:	8921      	ldrh	r1, [r4, #8]
1000538e:	f7ff f8c7 	bl	10004520 <tud_descriptor_string_cb>
10005392:	1e02      	subs	r2, r0, #0
10005394:	d1f4      	bne.n	10005380 <tud_task_ext+0x7a0>
10005396:	e4be      	b.n	10004d16 <tud_task_ext+0x136>
10005398:	2b02      	cmp	r3, #2
1000539a:	d00f      	beq.n	100053bc <tud_task_ext+0x7dc>
1000539c:	f7ff fb8c 	bl	10004ab8 <tud_descriptor_other_speed_configuration_cb>
100053a0:	1e02      	subs	r2, r0, #0
100053a2:	d1c5      	bne.n	10005330 <tud_task_ext+0x750>
100053a4:	e4b7      	b.n	10004d16 <tud_task_ext+0x136>
100053a6:	f7ff f8b3 	bl	10004510 <tud_descriptor_device_cb>
100053aa:	1e02      	subs	r2, r0, #0
100053ac:	d100      	bne.n	100053b0 <tud_task_ext+0x7d0>
100053ae:	e4b2      	b.n	10004d16 <tud_task_ext+0x136>
100053b0:	2312      	movs	r3, #18
100053b2:	4658      	mov	r0, fp
100053b4:	a908      	add	r1, sp, #32
100053b6:	f000 f8e1 	bl	1000557c <tud_control_xfer>
100053ba:	e568      	b.n	10004e8e <tud_task_ext+0x2ae>
100053bc:	f7ff f8ac 	bl	10004518 <tud_descriptor_configuration_cb>
100053c0:	1e02      	subs	r2, r0, #0
100053c2:	d1b5      	bne.n	10005330 <tud_task_ext+0x750>
100053c4:	e4a7      	b.n	10004d16 <tud_task_ext+0x136>
100053c6:	46c0      	nop			; (mov r8, r8)
100053c8:	200015e4 	.word	0x200015e4
100053cc:	20001f85 	.word	0x20001f85
100053d0:	20001434 	.word	0x20001434
100053d4:	10006f88 	.word	0x10006f88
100053d8:	200015f8 	.word	0x200015f8
100053dc:	10005a5d 	.word	0x10005a5d

100053e0 <usbd_open_edpt_pair>:
100053e0:	b5f8      	push	{r3, r4, r5, r6, r7, lr}
100053e2:	4657      	mov	r7, sl
100053e4:	464e      	mov	r6, r9
100053e6:	46de      	mov	lr, fp
100053e8:	4645      	mov	r5, r8
100053ea:	000c      	movs	r4, r1
100053ec:	b5e0      	push	{r5, r6, r7, lr}
100053ee:	0016      	movs	r6, r2
100053f0:	001f      	movs	r7, r3
100053f2:	2a00      	cmp	r2, #0
100053f4:	d03c      	beq.n	10005470 <usbd_open_edpt_pair+0x90>
100053f6:	2370      	movs	r3, #112	; 0x70
100053f8:	4698      	mov	r8, r3
100053fa:	4b1e      	ldr	r3, [pc, #120]	; (10005474 <usbd_open_edpt_pair+0x94>)
100053fc:	2500      	movs	r5, #0
100053fe:	469b      	mov	fp, r3
10005400:	4b1d      	ldr	r3, [pc, #116]	; (10005478 <usbd_open_edpt_pair+0x98>)
10005402:	469a      	mov	sl, r3
10005404:	e01a      	b.n	1000543c <usbd_open_edpt_pair+0x5c>
10005406:	465b      	mov	r3, fp
10005408:	781b      	ldrb	r3, [r3, #0]
1000540a:	0020      	movs	r0, r4
1000540c:	4699      	mov	r9, r3
1000540e:	4653      	mov	r3, sl
10005410:	7899      	ldrb	r1, [r3, #2]
10005412:	f000 fe03 	bl	1000601c <tu_edpt_validate>
10005416:	2800      	cmp	r0, #0
10005418:	d01c      	beq.n	10005454 <usbd_open_edpt_pair+0x74>
1000541a:	0021      	movs	r1, r4
1000541c:	4648      	mov	r0, r9
1000541e:	f7ff fa29 	bl	10004874 <dcd_edpt_open>
10005422:	2800      	cmp	r0, #0
10005424:	d016      	beq.n	10005454 <usbd_open_edpt_pair+0x74>
10005426:	78a3      	ldrb	r3, [r4, #2]
10005428:	09da      	lsrs	r2, r3, #7
1000542a:	2a01      	cmp	r2, #1
1000542c:	d019      	beq.n	10005462 <usbd_open_edpt_pair+0x82>
1000542e:	9a0a      	ldr	r2, [sp, #40]	; 0x28
10005430:	3501      	adds	r5, #1
10005432:	7013      	strb	r3, [r2, #0]
10005434:	7823      	ldrb	r3, [r4, #0]
10005436:	18e4      	adds	r4, r4, r3
10005438:	42b5      	cmp	r5, r6
1000543a:	da19      	bge.n	10005470 <usbd_open_edpt_pair+0x90>
1000543c:	7863      	ldrb	r3, [r4, #1]
1000543e:	2b05      	cmp	r3, #5
10005440:	d108      	bne.n	10005454 <usbd_open_edpt_pair+0x74>
10005442:	78e3      	ldrb	r3, [r4, #3]
10005444:	079b      	lsls	r3, r3, #30
10005446:	0f9b      	lsrs	r3, r3, #30
10005448:	42bb      	cmp	r3, r7
1000544a:	d103      	bne.n	10005454 <usbd_open_edpt_pair+0x74>
1000544c:	4642      	mov	r2, r8
1000544e:	78a3      	ldrb	r3, [r4, #2]
10005450:	421a      	tst	r2, r3
10005452:	d0d8      	beq.n	10005406 <usbd_open_edpt_pair+0x26>
10005454:	2000      	movs	r0, #0
10005456:	bcf0      	pop	{r4, r5, r6, r7}
10005458:	46bb      	mov	fp, r7
1000545a:	46b2      	mov	sl, r6
1000545c:	46a9      	mov	r9, r5
1000545e:	46a0      	mov	r8, r4
10005460:	bdf8      	pop	{r3, r4, r5, r6, r7, pc}
10005462:	9a0b      	ldr	r2, [sp, #44]	; 0x2c
10005464:	3501      	adds	r5, #1
10005466:	7013      	strb	r3, [r2, #0]
10005468:	7823      	ldrb	r3, [r4, #0]
1000546a:	18e4      	adds	r4, r4, r3
1000546c:	42b5      	cmp	r5, r6
1000546e:	dbe5      	blt.n	1000543c <usbd_open_edpt_pair+0x5c>
10005470:	2001      	movs	r0, #1
10005472:	e7f0      	b.n	10005456 <usbd_open_edpt_pair+0x76>
10005474:	20001084 	.word	0x20001084
10005478:	200015e4 	.word	0x200015e4

1000547c <usbd_edpt_open>:
1000547c:	2270      	movs	r2, #112	; 0x70
1000547e:	b570      	push	{r4, r5, r6, lr}
10005480:	788b      	ldrb	r3, [r1, #2]
10005482:	000c      	movs	r4, r1
10005484:	421a      	tst	r2, r3
10005486:	d001      	beq.n	1000548c <usbd_edpt_open+0x10>
10005488:	2000      	movs	r0, #0
1000548a:	bd70      	pop	{r4, r5, r6, pc}
1000548c:	4b06      	ldr	r3, [pc, #24]	; (100054a8 <usbd_edpt_open+0x2c>)
1000548e:	0020      	movs	r0, r4
10005490:	781d      	ldrb	r5, [r3, #0]
10005492:	4b06      	ldr	r3, [pc, #24]	; (100054ac <usbd_edpt_open+0x30>)
10005494:	7899      	ldrb	r1, [r3, #2]
10005496:	f000 fdc1 	bl	1000601c <tu_edpt_validate>
1000549a:	2800      	cmp	r0, #0
1000549c:	d0f4      	beq.n	10005488 <usbd_edpt_open+0xc>
1000549e:	0021      	movs	r1, r4
100054a0:	0028      	movs	r0, r5
100054a2:	f7ff f9e7 	bl	10004874 <dcd_edpt_open>
100054a6:	e7f0      	b.n	1000548a <usbd_edpt_open+0xe>
100054a8:	20001084 	.word	0x20001084
100054ac:	200015e4 	.word	0x200015e4

100054b0 <usbd_edpt_claim>:
100054b0:	4b07      	ldr	r3, [pc, #28]	; (100054d0 <usbd_edpt_claim+0x20>)
100054b2:	0008      	movs	r0, r1
100054b4:	6819      	ldr	r1, [r3, #0]
100054b6:	237f      	movs	r3, #127	; 0x7f
100054b8:	b510      	push	{r4, lr}
100054ba:	4003      	ands	r3, r0
100054bc:	09c0      	lsrs	r0, r0, #7
100054be:	005b      	lsls	r3, r3, #1
100054c0:	3034      	adds	r0, #52	; 0x34
100054c2:	1818      	adds	r0, r3, r0
100054c4:	4b03      	ldr	r3, [pc, #12]	; (100054d4 <usbd_edpt_claim+0x24>)
100054c6:	1818      	adds	r0, r3, r0
100054c8:	f000 fd64 	bl	10005f94 <tu_edpt_claim>
100054cc:	bd10      	pop	{r4, pc}
100054ce:	46c0      	nop			; (mov r8, r8)
100054d0:	20001638 	.word	0x20001638
100054d4:	200015e4 	.word	0x200015e4

100054d8 <usbd_edpt_release>:
100054d8:	4b07      	ldr	r3, [pc, #28]	; (100054f8 <usbd_edpt_release+0x20>)
100054da:	0008      	movs	r0, r1
100054dc:	6819      	ldr	r1, [r3, #0]
100054de:	237f      	movs	r3, #127	; 0x7f
100054e0:	b510      	push	{r4, lr}
100054e2:	4003      	ands	r3, r0
100054e4:	09c0      	lsrs	r0, r0, #7
100054e6:	005b      	lsls	r3, r3, #1
100054e8:	3034      	adds	r0, #52	; 0x34
100054ea:	1818      	adds	r0, r3, r0
100054ec:	4b03      	ldr	r3, [pc, #12]	; (100054fc <usbd_edpt_release+0x24>)
100054ee:	1818      	adds	r0, r3, r0
100054f0:	f000 fd78 	bl	10005fe4 <tu_edpt_release>
100054f4:	bd10      	pop	{r4, pc}
100054f6:	46c0      	nop			; (mov r8, r8)
100054f8:	20001638 	.word	0x20001638
100054fc:	200015e4 	.word	0x200015e4

10005500 <usbd_edpt_xfer>:
10005500:	207f      	movs	r0, #127	; 0x7f
10005502:	b570      	push	{r4, r5, r6, lr}
10005504:	4008      	ands	r0, r1
10005506:	4c0f      	ldr	r4, [pc, #60]	; (10005544 <usbd_edpt_xfer+0x44>)
10005508:	0040      	lsls	r0, r0, #1
1000550a:	09cd      	lsrs	r5, r1, #7
1000550c:	1824      	adds	r4, r4, r0
1000550e:	1964      	adds	r4, r4, r5
10005510:	3430      	adds	r4, #48	; 0x30
10005512:	7925      	ldrb	r5, [r4, #4]
10005514:	2000      	movs	r0, #0
10005516:	07ed      	lsls	r5, r5, #31
10005518:	d500      	bpl.n	1000551c <usbd_edpt_xfer+0x1c>
1000551a:	bd70      	pop	{r4, r5, r6, pc}
1000551c:	2601      	movs	r6, #1
1000551e:	7925      	ldrb	r5, [r4, #4]
10005520:	4809      	ldr	r0, [pc, #36]	; (10005548 <usbd_edpt_xfer+0x48>)
10005522:	4335      	orrs	r5, r6
10005524:	7800      	ldrb	r0, [r0, #0]
10005526:	7125      	strb	r5, [r4, #4]
10005528:	f7ff fa32 	bl	10004990 <dcd_edpt_xfer>
1000552c:	2800      	cmp	r0, #0
1000552e:	d1f4      	bne.n	1000551a <usbd_edpt_xfer+0x1a>
10005530:	2201      	movs	r2, #1
10005532:	7923      	ldrb	r3, [r4, #4]
10005534:	4393      	bics	r3, r2
10005536:	7123      	strb	r3, [r4, #4]
10005538:	7923      	ldrb	r3, [r4, #4]
1000553a:	3203      	adds	r2, #3
1000553c:	4393      	bics	r3, r2
1000553e:	7123      	strb	r3, [r4, #4]
10005540:	e7eb      	b.n	1000551a <usbd_edpt_xfer+0x1a>
10005542:	46c0      	nop			; (mov r8, r8)
10005544:	200015e4 	.word	0x200015e4
10005548:	20001084 	.word	0x20001084

1000554c <tud_control_status>:
1000554c:	b570      	push	{r4, r5, r6, lr}
1000554e:	4e0a      	ldr	r6, [pc, #40]	; (10005578 <tud_control_status+0x2c>)
10005550:	0005      	movs	r5, r0
10005552:	0030      	movs	r0, r6
10005554:	2208      	movs	r2, #8
10005556:	000c      	movs	r4, r1
10005558:	f7fd f830 	bl	100025bc <__wrap___aeabi_memcpy>
1000555c:	2300      	movs	r3, #0
1000555e:	217f      	movs	r1, #127	; 0x7f
10005560:	60f3      	str	r3, [r6, #12]
10005562:	7822      	ldrb	r2, [r4, #0]
10005564:	60b3      	str	r3, [r6, #8]
10005566:	4291      	cmp	r1, r2
10005568:	415b      	adcs	r3, r3
1000556a:	0028      	movs	r0, r5
1000556c:	01d9      	lsls	r1, r3, #7
1000556e:	2200      	movs	r2, #0
10005570:	2300      	movs	r3, #0
10005572:	f7ff ffc5 	bl	10005500 <usbd_edpt_xfer>
10005576:	bd70      	pop	{r4, r5, r6, pc}
10005578:	200015c4 	.word	0x200015c4

1000557c <tud_control_xfer>:
1000557c:	b5f8      	push	{r3, r4, r5, r6, r7, lr}
1000557e:	46ce      	mov	lr, r9
10005580:	4647      	mov	r7, r8
10005582:	4691      	mov	r9, r2
10005584:	4e2a      	ldr	r6, [pc, #168]	; (10005630 <tud_control_xfer+0xb4>)
10005586:	b580      	push	{r7, lr}
10005588:	2208      	movs	r2, #8
1000558a:	0007      	movs	r7, r0
1000558c:	0030      	movs	r0, r6
1000558e:	000d      	movs	r5, r1
10005590:	4698      	mov	r8, r3
10005592:	f7fd f813 	bl	100025bc <__wrap___aeabi_memcpy>
10005596:	464b      	mov	r3, r9
10005598:	60b3      	str	r3, [r6, #8]
1000559a:	2300      	movs	r3, #0
1000559c:	81f3      	strh	r3, [r6, #14]
1000559e:	79ec      	ldrb	r4, [r5, #7]
100055a0:	79a9      	ldrb	r1, [r5, #6]
100055a2:	0224      	lsls	r4, r4, #8
100055a4:	430c      	orrs	r4, r1
100055a6:	1c23      	adds	r3, r4, #0
100055a8:	4544      	cmp	r4, r8
100055aa:	d900      	bls.n	100055ae <tud_control_xfer+0x32>
100055ac:	4643      	mov	r3, r8
100055ae:	b29a      	uxth	r2, r3
100055b0:	4690      	mov	r8, r2
100055b2:	81b3      	strh	r3, [r6, #12]
100055b4:	2c00      	cmp	r4, #0
100055b6:	d013      	beq.n	100055e0 <tud_control_xfer+0x64>
100055b8:	2a00      	cmp	r2, #0
100055ba:	d01f      	beq.n	100055fc <tud_control_xfer+0x80>
100055bc:	464b      	mov	r3, r9
100055be:	2b00      	cmp	r3, #0
100055c0:	d034      	beq.n	1000562c <tud_control_xfer+0xb0>
100055c2:	1c13      	adds	r3, r2, #0
100055c4:	2a40      	cmp	r2, #64	; 0x40
100055c6:	d81f      	bhi.n	10005608 <tud_control_xfer+0x8c>
100055c8:	b29b      	uxth	r3, r3
100055ca:	4698      	mov	r8, r3
100055cc:	7833      	ldrb	r3, [r6, #0]
100055ce:	2b7f      	cmp	r3, #127	; 0x7f
100055d0:	d820      	bhi.n	10005614 <tud_control_xfer+0x98>
100055d2:	2100      	movs	r1, #0
100055d4:	4a17      	ldr	r2, [pc, #92]	; (10005634 <tud_control_xfer+0xb8>)
100055d6:	4643      	mov	r3, r8
100055d8:	0038      	movs	r0, r7
100055da:	f7ff ff91 	bl	10005500 <usbd_edpt_xfer>
100055de:	e009      	b.n	100055f4 <tud_control_xfer+0x78>
100055e0:	227f      	movs	r2, #127	; 0x7f
100055e2:	782b      	ldrb	r3, [r5, #0]
100055e4:	0038      	movs	r0, r7
100055e6:	429a      	cmp	r2, r3
100055e8:	4164      	adcs	r4, r4
100055ea:	2300      	movs	r3, #0
100055ec:	2200      	movs	r2, #0
100055ee:	01e1      	lsls	r1, r4, #7
100055f0:	f7ff ff86 	bl	10005500 <usbd_edpt_xfer>
100055f4:	bcc0      	pop	{r6, r7}
100055f6:	46b9      	mov	r9, r7
100055f8:	46b0      	mov	r8, r6
100055fa:	bdf8      	pop	{r3, r4, r5, r6, r7, pc}
100055fc:	7833      	ldrb	r3, [r6, #0]
100055fe:	2b7f      	cmp	r3, #127	; 0x7f
10005600:	d911      	bls.n	10005626 <tud_control_xfer+0xaa>
10005602:	2180      	movs	r1, #128	; 0x80
10005604:	2200      	movs	r2, #0
10005606:	e7e6      	b.n	100055d6 <tud_control_xfer+0x5a>
10005608:	2340      	movs	r3, #64	; 0x40
1000560a:	b29b      	uxth	r3, r3
1000560c:	4698      	mov	r8, r3
1000560e:	7833      	ldrb	r3, [r6, #0]
10005610:	2b7f      	cmp	r3, #127	; 0x7f
10005612:	d9de      	bls.n	100055d2 <tud_control_xfer+0x56>
10005614:	4c07      	ldr	r4, [pc, #28]	; (10005634 <tud_control_xfer+0xb8>)
10005616:	4642      	mov	r2, r8
10005618:	4649      	mov	r1, r9
1000561a:	0020      	movs	r0, r4
1000561c:	f7fc ffce 	bl	100025bc <__wrap___aeabi_memcpy>
10005620:	2180      	movs	r1, #128	; 0x80
10005622:	0022      	movs	r2, r4
10005624:	e7d7      	b.n	100055d6 <tud_control_xfer+0x5a>
10005626:	2100      	movs	r1, #0
10005628:	2200      	movs	r2, #0
1000562a:	e7d4      	b.n	100055d6 <tud_control_xfer+0x5a>
1000562c:	2000      	movs	r0, #0
1000562e:	e7e1      	b.n	100055f4 <tud_control_xfer+0x78>
10005630:	200015c4 	.word	0x200015c4
10005634:	20001584 	.word	0x20001584

10005638 <usbd_control_reset>:
10005638:	b510      	push	{r4, lr}
1000563a:	2214      	movs	r2, #20
1000563c:	2100      	movs	r1, #0
1000563e:	4802      	ldr	r0, [pc, #8]	; (10005648 <usbd_control_reset+0x10>)
10005640:	f7fc ffb6 	bl	100025b0 <__wrap_memset>
10005644:	bd10      	pop	{r4, pc}
10005646:	46c0      	nop			; (mov r8, r8)
10005648:	200015c4 	.word	0x200015c4

1000564c <usbd_control_set_complete_callback>:
1000564c:	4b01      	ldr	r3, [pc, #4]	; (10005654 <usbd_control_set_complete_callback+0x8>)
1000564e:	6118      	str	r0, [r3, #16]
10005650:	4770      	bx	lr
10005652:	46c0      	nop			; (mov r8, r8)
10005654:	200015c4 	.word	0x200015c4

10005658 <usbd_control_set_request>:
10005658:	b510      	push	{r4, lr}
1000565a:	4c05      	ldr	r4, [pc, #20]	; (10005670 <usbd_control_set_request+0x18>)
1000565c:	0001      	movs	r1, r0
1000565e:	2208      	movs	r2, #8
10005660:	0020      	movs	r0, r4
10005662:	f7fc ffab 	bl	100025bc <__wrap___aeabi_memcpy>
10005666:	2300      	movs	r3, #0
10005668:	60a3      	str	r3, [r4, #8]
1000566a:	60e3      	str	r3, [r4, #12]
1000566c:	bd10      	pop	{r4, pc}
1000566e:	46c0      	nop			; (mov r8, r8)
10005670:	200015c4 	.word	0x200015c4

10005674 <usbd_control_xfer_cb>:
10005674:	b5f8      	push	{r3, r4, r5, r6, r7, lr}
10005676:	4c39      	ldr	r4, [pc, #228]	; (1000575c <usbd_control_xfer_cb+0xe8>)
10005678:	001d      	movs	r5, r3
1000567a:	7823      	ldrb	r3, [r4, #0]
1000567c:	0006      	movs	r6, r0
1000567e:	09da      	lsrs	r2, r3, #7
10005680:	09c9      	lsrs	r1, r1, #7
10005682:	428a      	cmp	r2, r1
10005684:	d010      	beq.n	100056a8 <usbd_control_xfer_cb+0x34>
10005686:	2000      	movs	r0, #0
10005688:	2d00      	cmp	r5, #0
1000568a:	d000      	beq.n	1000568e <usbd_control_xfer_cb+0x1a>
1000568c:	bdf8      	pop	{r3, r4, r5, r6, r7, pc}
1000568e:	0021      	movs	r1, r4
10005690:	0030      	movs	r0, r6
10005692:	f7ff f8e1 	bl	10004858 <dcd_edpt0_status_complete>
10005696:	6923      	ldr	r3, [r4, #16]
10005698:	2b00      	cmp	r3, #0
1000569a:	d042      	beq.n	10005722 <usbd_control_xfer_cb+0xae>
1000569c:	0022      	movs	r2, r4
1000569e:	2103      	movs	r1, #3
100056a0:	0030      	movs	r0, r6
100056a2:	4798      	blx	r3
100056a4:	2001      	movs	r0, #1
100056a6:	e7f1      	b.n	1000568c <usbd_control_xfer_cb+0x18>
100056a8:	2b7f      	cmp	r3, #127	; 0x7f
100056aa:	d806      	bhi.n	100056ba <usbd_control_xfer_cb+0x46>
100056ac:	68a0      	ldr	r0, [r4, #8]
100056ae:	2800      	cmp	r0, #0
100056b0:	d039      	beq.n	10005726 <usbd_control_xfer_cb+0xb2>
100056b2:	002a      	movs	r2, r5
100056b4:	492a      	ldr	r1, [pc, #168]	; (10005760 <usbd_control_xfer_cb+0xec>)
100056b6:	f7fc ff81 	bl	100025bc <__wrap___aeabi_memcpy>
100056ba:	68a3      	ldr	r3, [r4, #8]
100056bc:	89e2      	ldrh	r2, [r4, #14]
100056be:	1959      	adds	r1, r3, r5
100056c0:	1952      	adds	r2, r2, r5
100056c2:	88e3      	ldrh	r3, [r4, #6]
100056c4:	b292      	uxth	r2, r2
100056c6:	81e2      	strh	r2, [r4, #14]
100056c8:	60a1      	str	r1, [r4, #8]
100056ca:	4293      	cmp	r3, r2
100056cc:	d014      	beq.n	100056f8 <usbd_control_xfer_cb+0x84>
100056ce:	2d3f      	cmp	r5, #63	; 0x3f
100056d0:	d912      	bls.n	100056f8 <usbd_control_xfer_cb+0x84>
100056d2:	89a5      	ldrh	r5, [r4, #12]
100056d4:	1aa8      	subs	r0, r5, r2
100056d6:	1c07      	adds	r7, r0, #0
100056d8:	b280      	uxth	r0, r0
100056da:	2840      	cmp	r0, #64	; 0x40
100056dc:	d82f      	bhi.n	1000573e <usbd_control_xfer_cb+0xca>
100056de:	7823      	ldrb	r3, [r4, #0]
100056e0:	b2bf      	uxth	r7, r7
100056e2:	2b7f      	cmp	r3, #127	; 0x7f
100056e4:	d82d      	bhi.n	10005742 <usbd_control_xfer_cb+0xce>
100056e6:	2100      	movs	r1, #0
100056e8:	42aa      	cmp	r2, r5
100056ea:	d035      	beq.n	10005758 <usbd_control_xfer_cb+0xe4>
100056ec:	4a1c      	ldr	r2, [pc, #112]	; (10005760 <usbd_control_xfer_cb+0xec>)
100056ee:	003b      	movs	r3, r7
100056f0:	0030      	movs	r0, r6
100056f2:	f7ff ff05 	bl	10005500 <usbd_edpt_xfer>
100056f6:	e7c9      	b.n	1000568c <usbd_control_xfer_cb+0x18>
100056f8:	6923      	ldr	r3, [r4, #16]
100056fa:	2b00      	cmp	r3, #0
100056fc:	d005      	beq.n	1000570a <usbd_control_xfer_cb+0x96>
100056fe:	0022      	movs	r2, r4
10005700:	2102      	movs	r1, #2
10005702:	0030      	movs	r0, r6
10005704:	4798      	blx	r3
10005706:	2800      	cmp	r0, #0
10005708:	d00f      	beq.n	1000572a <usbd_control_xfer_cb+0xb6>
1000570a:	227f      	movs	r2, #127	; 0x7f
1000570c:	2100      	movs	r1, #0
1000570e:	7823      	ldrb	r3, [r4, #0]
10005710:	0030      	movs	r0, r6
10005712:	429a      	cmp	r2, r3
10005714:	4149      	adcs	r1, r1
10005716:	2300      	movs	r3, #0
10005718:	2200      	movs	r2, #0
1000571a:	01c9      	lsls	r1, r1, #7
1000571c:	f7ff fef0 	bl	10005500 <usbd_edpt_xfer>
10005720:	e7b4      	b.n	1000568c <usbd_control_xfer_cb+0x18>
10005722:	2001      	movs	r0, #1
10005724:	e7b2      	b.n	1000568c <usbd_control_xfer_cb+0x18>
10005726:	2000      	movs	r0, #0
10005728:	e7b0      	b.n	1000568c <usbd_control_xfer_cb+0x18>
1000572a:	2100      	movs	r1, #0
1000572c:	0030      	movs	r0, r6
1000572e:	f7ff f941 	bl	100049b4 <dcd_edpt_stall>
10005732:	0030      	movs	r0, r6
10005734:	2180      	movs	r1, #128	; 0x80
10005736:	f7ff f93d 	bl	100049b4 <dcd_edpt_stall>
1000573a:	2001      	movs	r0, #1
1000573c:	e7a6      	b.n	1000568c <usbd_control_xfer_cb+0x18>
1000573e:	2740      	movs	r7, #64	; 0x40
10005740:	e7cd      	b.n	100056de <usbd_control_xfer_cb+0x6a>
10005742:	42aa      	cmp	r2, r5
10005744:	d007      	beq.n	10005756 <usbd_control_xfer_cb+0xe2>
10005746:	4c06      	ldr	r4, [pc, #24]	; (10005760 <usbd_control_xfer_cb+0xec>)
10005748:	003a      	movs	r2, r7
1000574a:	0020      	movs	r0, r4
1000574c:	f7fc ff36 	bl	100025bc <__wrap___aeabi_memcpy>
10005750:	2180      	movs	r1, #128	; 0x80
10005752:	0022      	movs	r2, r4
10005754:	e7cb      	b.n	100056ee <usbd_control_xfer_cb+0x7a>
10005756:	2180      	movs	r1, #128	; 0x80
10005758:	2200      	movs	r2, #0
1000575a:	e7c8      	b.n	100056ee <usbd_control_xfer_cb+0x7a>
1000575c:	200015c4 	.word	0x200015c4
10005760:	20001584 	.word	0x20001584

10005764 <_prep_out_transaction.isra.0>:
10005764:	b570      	push	{r4, r5, r6, lr}
10005766:	0005      	movs	r5, r0
10005768:	f7ff f9b0 	bl	10004acc <tud_mounted>
1000576c:	2800      	cmp	r0, #0
1000576e:	d100      	bne.n	10005772 <_prep_out_transaction.isra.0+0xe>
10005770:	bd70      	pop	{r4, r5, r6, pc}
10005772:	f7ff f9b3 	bl	10004adc <tud_suspended>
10005776:	2800      	cmp	r0, #0
10005778:	d1fa      	bne.n	10005770 <_prep_out_transaction.isra.0+0xc>
1000577a:	23c8      	movs	r3, #200	; 0xc8
1000577c:	436b      	muls	r3, r5
1000577e:	4a12      	ldr	r2, [pc, #72]	; (100057c8 <_prep_out_transaction.isra.0+0x64>)
10005780:	18d6      	adds	r6, r2, r3
10005782:	78f1      	ldrb	r1, [r6, #3]
10005784:	2900      	cmp	r1, #0
10005786:	d0f3      	beq.n	10005770 <_prep_out_transaction.isra.0+0xc>
10005788:	3310      	adds	r3, #16
1000578a:	189c      	adds	r4, r3, r2
1000578c:	0020      	movs	r0, r4
1000578e:	f000 fdf5 	bl	1000637c <tu_fifo_remaining>
10005792:	283f      	cmp	r0, #63	; 0x3f
10005794:	d9ec      	bls.n	10005770 <_prep_out_transaction.isra.0+0xc>
10005796:	2000      	movs	r0, #0
10005798:	78f1      	ldrb	r1, [r6, #3]
1000579a:	f7ff fe89 	bl	100054b0 <usbd_edpt_claim>
1000579e:	2800      	cmp	r0, #0
100057a0:	d0e6      	beq.n	10005770 <_prep_out_transaction.isra.0+0xc>
100057a2:	0020      	movs	r0, r4
100057a4:	f000 fdea 	bl	1000637c <tu_fifo_remaining>
100057a8:	283f      	cmp	r0, #63	; 0x3f
100057aa:	d908      	bls.n	100057be <_prep_out_transaction.isra.0+0x5a>
100057ac:	01ea      	lsls	r2, r5, #7
100057ae:	4d07      	ldr	r5, [pc, #28]	; (100057cc <_prep_out_transaction.isra.0+0x68>)
100057b0:	2340      	movs	r3, #64	; 0x40
100057b2:	78f1      	ldrb	r1, [r6, #3]
100057b4:	1952      	adds	r2, r2, r5
100057b6:	2000      	movs	r0, #0
100057b8:	f7ff fea2 	bl	10005500 <usbd_edpt_xfer>
100057bc:	e7d8      	b.n	10005770 <_prep_out_transaction.isra.0+0xc>
100057be:	78f1      	ldrb	r1, [r6, #3]
100057c0:	2000      	movs	r0, #0
100057c2:	f7ff fe89 	bl	100054d8 <usbd_edpt_release>
100057c6:	e7d3      	b.n	10005770 <_prep_out_transaction.isra.0+0xc>
100057c8:	200014bc 	.word	0x200014bc
100057cc:	20001438 	.word	0x20001438

100057d0 <tud_cdc_n_connected>:
100057d0:	b510      	push	{r4, lr}
100057d2:	0004      	movs	r4, r0
100057d4:	f7ff f97a 	bl	10004acc <tud_mounted>
100057d8:	2800      	cmp	r0, #0
100057da:	d101      	bne.n	100057e0 <tud_cdc_n_connected+0x10>
100057dc:	2000      	movs	r0, #0
100057de:	bd10      	pop	{r4, pc}
100057e0:	f7ff f97c 	bl	10004adc <tud_suspended>
100057e4:	2800      	cmp	r0, #0
100057e6:	d1f9      	bne.n	100057dc <tud_cdc_n_connected+0xc>
100057e8:	30c8      	adds	r0, #200	; 0xc8
100057ea:	4344      	muls	r4, r0
100057ec:	4802      	ldr	r0, [pc, #8]	; (100057f8 <tud_cdc_n_connected+0x28>)
100057ee:	1900      	adds	r0, r0, r4
100057f0:	7903      	ldrb	r3, [r0, #4]
100057f2:	2001      	movs	r0, #1
100057f4:	4018      	ands	r0, r3
100057f6:	e7f2      	b.n	100057de <tud_cdc_n_connected+0xe>
100057f8:	200014bc 	.word	0x200014bc

100057fc <tud_cdc_n_available>:
100057fc:	23c8      	movs	r3, #200	; 0xc8
100057fe:	4358      	muls	r0, r3
10005800:	b510      	push	{r4, lr}
10005802:	4b03      	ldr	r3, [pc, #12]	; (10005810 <tud_cdc_n_available+0x14>)
10005804:	3010      	adds	r0, #16
10005806:	18c0      	adds	r0, r0, r3
10005808:	f000 fd9a 	bl	10006340 <tu_fifo_count>
1000580c:	bd10      	pop	{r4, pc}
1000580e:	46c0      	nop			; (mov r8, r8)
10005810:	200014bc 	.word	0x200014bc

10005814 <tud_cdc_n_read>:
10005814:	b5f0      	push	{r4, r5, r6, r7, lr}
10005816:	24c8      	movs	r4, #200	; 0xc8
10005818:	46c6      	mov	lr, r8
1000581a:	4344      	muls	r4, r0
1000581c:	4f1e      	ldr	r7, [pc, #120]	; (10005898 <tud_cdc_n_read+0x84>)
1000581e:	4b1f      	ldr	r3, [pc, #124]	; (1000589c <tud_cdc_n_read+0x88>)
10005820:	3410      	adds	r4, #16
10005822:	0005      	movs	r5, r0
10005824:	b500      	push	{lr}
10005826:	193c      	adds	r4, r7, r4
10005828:	429a      	cmp	r2, r3
1000582a:	d900      	bls.n	1000582e <tud_cdc_n_read+0x1a>
1000582c:	4a1c      	ldr	r2, [pc, #112]	; (100058a0 <tud_cdc_n_read+0x8c>)
1000582e:	0020      	movs	r0, r4
10005830:	b292      	uxth	r2, r2
10005832:	f000 fe09 	bl	10006448 <tu_fifo_read_n>
10005836:	4680      	mov	r8, r0
10005838:	f7ff f948 	bl	10004acc <tud_mounted>
1000583c:	2800      	cmp	r0, #0
1000583e:	d103      	bne.n	10005848 <tud_cdc_n_read+0x34>
10005840:	4640      	mov	r0, r8
10005842:	bc80      	pop	{r7}
10005844:	46b8      	mov	r8, r7
10005846:	bdf0      	pop	{r4, r5, r6, r7, pc}
10005848:	f7ff f948 	bl	10004adc <tud_suspended>
1000584c:	2800      	cmp	r0, #0
1000584e:	d1f7      	bne.n	10005840 <tud_cdc_n_read+0x2c>
10005850:	26c8      	movs	r6, #200	; 0xc8
10005852:	436e      	muls	r6, r5
10005854:	19be      	adds	r6, r7, r6
10005856:	78f3      	ldrb	r3, [r6, #3]
10005858:	2b00      	cmp	r3, #0
1000585a:	d0f1      	beq.n	10005840 <tud_cdc_n_read+0x2c>
1000585c:	0020      	movs	r0, r4
1000585e:	f000 fd8d 	bl	1000637c <tu_fifo_remaining>
10005862:	283f      	cmp	r0, #63	; 0x3f
10005864:	d9ec      	bls.n	10005840 <tud_cdc_n_read+0x2c>
10005866:	2000      	movs	r0, #0
10005868:	78f1      	ldrb	r1, [r6, #3]
1000586a:	f7ff fe21 	bl	100054b0 <usbd_edpt_claim>
1000586e:	2800      	cmp	r0, #0
10005870:	d0e6      	beq.n	10005840 <tud_cdc_n_read+0x2c>
10005872:	0020      	movs	r0, r4
10005874:	f000 fd82 	bl	1000637c <tu_fifo_remaining>
10005878:	283f      	cmp	r0, #63	; 0x3f
1000587a:	d908      	bls.n	1000588e <tud_cdc_n_read+0x7a>
1000587c:	01ea      	lsls	r2, r5, #7
1000587e:	4d09      	ldr	r5, [pc, #36]	; (100058a4 <tud_cdc_n_read+0x90>)
10005880:	2340      	movs	r3, #64	; 0x40
10005882:	78f1      	ldrb	r1, [r6, #3]
10005884:	1952      	adds	r2, r2, r5
10005886:	2000      	movs	r0, #0
10005888:	f7ff fe3a 	bl	10005500 <usbd_edpt_xfer>
1000588c:	e7d8      	b.n	10005840 <tud_cdc_n_read+0x2c>
1000588e:	78f1      	ldrb	r1, [r6, #3]
10005890:	2000      	movs	r0, #0
10005892:	f7ff fe21 	bl	100054d8 <usbd_edpt_release>
10005896:	e7d3      	b.n	10005840 <tud_cdc_n_read+0x2c>
10005898:	200014bc 	.word	0x200014bc
1000589c:	0000fffe 	.word	0x0000fffe
100058a0:	0000ffff 	.word	0x0000ffff
100058a4:	20001438 	.word	0x20001438

100058a8 <tud_cdc_n_write_flush>:
100058a8:	b5f8      	push	{r3, r4, r5, r6, r7, lr}
100058aa:	0006      	movs	r6, r0
100058ac:	f7ff f90e 	bl	10004acc <tud_mounted>
100058b0:	2800      	cmp	r0, #0
100058b2:	d101      	bne.n	100058b8 <tud_cdc_n_write_flush+0x10>
100058b4:	2000      	movs	r0, #0
100058b6:	bdf8      	pop	{r3, r4, r5, r6, r7, pc}
100058b8:	f7ff f910 	bl	10004adc <tud_suspended>
100058bc:	2800      	cmp	r0, #0
100058be:	d1f9      	bne.n	100058b4 <tud_cdc_n_write_flush+0xc>
100058c0:	24c8      	movs	r4, #200	; 0xc8
100058c2:	4374      	muls	r4, r6
100058c4:	0025      	movs	r5, r4
100058c6:	4f14      	ldr	r7, [pc, #80]	; (10005918 <tud_cdc_n_write_flush+0x70>)
100058c8:	3524      	adds	r5, #36	; 0x24
100058ca:	19ed      	adds	r5, r5, r7
100058cc:	0028      	movs	r0, r5
100058ce:	f000 fd37 	bl	10006340 <tu_fifo_count>
100058d2:	2800      	cmp	r0, #0
100058d4:	d0ee      	beq.n	100058b4 <tud_cdc_n_write_flush+0xc>
100058d6:	193f      	adds	r7, r7, r4
100058d8:	2000      	movs	r0, #0
100058da:	78b9      	ldrb	r1, [r7, #2]
100058dc:	f7ff fde8 	bl	100054b0 <usbd_edpt_claim>
100058e0:	2800      	cmp	r0, #0
100058e2:	d0e7      	beq.n	100058b4 <tud_cdc_n_write_flush+0xc>
100058e4:	480d      	ldr	r0, [pc, #52]	; (1000591c <tud_cdc_n_write_flush+0x74>)
100058e6:	01f6      	lsls	r6, r6, #7
100058e8:	3640      	adds	r6, #64	; 0x40
100058ea:	1836      	adds	r6, r6, r0
100058ec:	0031      	movs	r1, r6
100058ee:	2240      	movs	r2, #64	; 0x40
100058f0:	0028      	movs	r0, r5
100058f2:	f000 fda9 	bl	10006448 <tu_fifo_read_n>
100058f6:	78b9      	ldrb	r1, [r7, #2]
100058f8:	1e04      	subs	r4, r0, #0
100058fa:	d008      	beq.n	1000590e <tud_cdc_n_write_flush+0x66>
100058fc:	0003      	movs	r3, r0
100058fe:	0032      	movs	r2, r6
10005900:	2000      	movs	r0, #0
10005902:	f7ff fdfd 	bl	10005500 <usbd_edpt_xfer>
10005906:	2800      	cmp	r0, #0
10005908:	d0d4      	beq.n	100058b4 <tud_cdc_n_write_flush+0xc>
1000590a:	0020      	movs	r0, r4
1000590c:	e7d3      	b.n	100058b6 <tud_cdc_n_write_flush+0xe>
1000590e:	2000      	movs	r0, #0
10005910:	f7ff fde2 	bl	100054d8 <usbd_edpt_release>
10005914:	e7ce      	b.n	100058b4 <tud_cdc_n_write_flush+0xc>
10005916:	46c0      	nop			; (mov r8, r8)
10005918:	200014bc 	.word	0x200014bc
1000591c:	20001438 	.word	0x20001438

10005920 <tud_cdc_n_write>:
10005920:	b570      	push	{r4, r5, r6, lr}
10005922:	24c8      	movs	r4, #200	; 0xc8
10005924:	4344      	muls	r4, r0
10005926:	4b0c      	ldr	r3, [pc, #48]	; (10005958 <tud_cdc_n_write+0x38>)
10005928:	3424      	adds	r4, #36	; 0x24
1000592a:	18e4      	adds	r4, r4, r3
1000592c:	4b0b      	ldr	r3, [pc, #44]	; (1000595c <tud_cdc_n_write+0x3c>)
1000592e:	0005      	movs	r5, r0
10005930:	429a      	cmp	r2, r3
10005932:	d900      	bls.n	10005936 <tud_cdc_n_write+0x16>
10005934:	4a0a      	ldr	r2, [pc, #40]	; (10005960 <tud_cdc_n_write+0x40>)
10005936:	0020      	movs	r0, r4
10005938:	b292      	uxth	r2, r2
1000593a:	f000 fe3f 	bl	100065bc <tu_fifo_write_n>
1000593e:	0006      	movs	r6, r0
10005940:	0020      	movs	r0, r4
10005942:	f000 fcfd 	bl	10006340 <tu_fifo_count>
10005946:	283f      	cmp	r0, #63	; 0x3f
10005948:	d801      	bhi.n	1000594e <tud_cdc_n_write+0x2e>
1000594a:	0030      	movs	r0, r6
1000594c:	bd70      	pop	{r4, r5, r6, pc}
1000594e:	0028      	movs	r0, r5
10005950:	f7ff ffaa 	bl	100058a8 <tud_cdc_n_write_flush>
10005954:	e7f9      	b.n	1000594a <tud_cdc_n_write+0x2a>
10005956:	46c0      	nop			; (mov r8, r8)
10005958:	200014bc 	.word	0x200014bc
1000595c:	0000fffe 	.word	0x0000fffe
10005960:	0000ffff 	.word	0x0000ffff

10005964 <tud_cdc_n_write_available>:
10005964:	23c8      	movs	r3, #200	; 0xc8
10005966:	4358      	muls	r0, r3
10005968:	b510      	push	{r4, lr}
1000596a:	4b03      	ldr	r3, [pc, #12]	; (10005978 <tud_cdc_n_write_available+0x14>)
1000596c:	3024      	adds	r0, #36	; 0x24
1000596e:	18c0      	adds	r0, r0, r3
10005970:	f000 fd04 	bl	1000637c <tu_fifo_remaining>
10005974:	bd10      	pop	{r4, pc}
10005976:	46c0      	nop			; (mov r8, r8)
10005978:	200014bc 	.word	0x200014bc

1000597c <cdcd_init>:
1000597c:	b5f0      	push	{r4, r5, r6, r7, lr}
1000597e:	2500      	movs	r5, #0
10005980:	4c18      	ldr	r4, [pc, #96]	; (100059e4 <cdcd_init+0x68>)
10005982:	b083      	sub	sp, #12
10005984:	22c8      	movs	r2, #200	; 0xc8
10005986:	2100      	movs	r1, #0
10005988:	0020      	movs	r0, r4
1000598a:	f7fc fe11 	bl	100025b0 <__wrap_memset>
1000598e:	4b16      	ldr	r3, [pc, #88]	; (100059e8 <cdcd_init+0x6c>)
10005990:	0021      	movs	r1, r4
10005992:	701d      	strb	r5, [r3, #0]
10005994:	23ff      	movs	r3, #255	; 0xff
10005996:	7163      	strb	r3, [r4, #5]
10005998:	23e1      	movs	r3, #225	; 0xe1
1000599a:	025b      	lsls	r3, r3, #9
1000599c:	60a3      	str	r3, [r4, #8]
1000599e:	0020      	movs	r0, r4
100059a0:	2308      	movs	r3, #8
100059a2:	2240      	movs	r2, #64	; 0x40
100059a4:	73a3      	strb	r3, [r4, #14]
100059a6:	3138      	adds	r1, #56	; 0x38
100059a8:	9500      	str	r5, [sp, #0]
100059aa:	3b07      	subs	r3, #7
100059ac:	3010      	adds	r0, #16
100059ae:	f000 fc8f 	bl	100062d0 <tu_fifo_config>
100059b2:	0027      	movs	r7, r4
100059b4:	2301      	movs	r3, #1
100059b6:	0021      	movs	r1, r4
100059b8:	0020      	movs	r0, r4
100059ba:	0026      	movs	r6, r4
100059bc:	2240      	movs	r2, #64	; 0x40
100059be:	3178      	adds	r1, #120	; 0x78
100059c0:	9300      	str	r3, [sp, #0]
100059c2:	37b8      	adds	r7, #184	; 0xb8
100059c4:	3024      	adds	r0, #36	; 0x24
100059c6:	f000 fc83 	bl	100062d0 <tu_fifo_config>
100059ca:	36c0      	adds	r6, #192	; 0xc0
100059cc:	0038      	movs	r0, r7
100059ce:	f7fb f80b 	bl	100009e8 <mutex_init>
100059d2:	0030      	movs	r0, r6
100059d4:	f7fb f808 	bl	100009e8 <mutex_init>
100059d8:	61e5      	str	r5, [r4, #28]
100059da:	6227      	str	r7, [r4, #32]
100059dc:	6326      	str	r6, [r4, #48]	; 0x30
100059de:	6365      	str	r5, [r4, #52]	; 0x34
100059e0:	b003      	add	sp, #12
100059e2:	bdf0      	pop	{r4, r5, r6, r7, pc}
100059e4:	200014bc 	.word	0x200014bc
100059e8:	200014b8 	.word	0x200014b8

100059ec <cdcd_deinit>:
100059ec:	4b07      	ldr	r3, [pc, #28]	; (10005a0c <cdcd_deinit+0x20>)
100059ee:	6a1a      	ldr	r2, [r3, #32]
100059f0:	6b19      	ldr	r1, [r3, #48]	; 0x30
100059f2:	2a00      	cmp	r2, #0
100059f4:	d002      	beq.n	100059fc <cdcd_deinit+0x10>
100059f6:	2200      	movs	r2, #0
100059f8:	61da      	str	r2, [r3, #28]
100059fa:	621a      	str	r2, [r3, #32]
100059fc:	2900      	cmp	r1, #0
100059fe:	d002      	beq.n	10005a06 <cdcd_deinit+0x1a>
10005a00:	2200      	movs	r2, #0
10005a02:	631a      	str	r2, [r3, #48]	; 0x30
10005a04:	635a      	str	r2, [r3, #52]	; 0x34
10005a06:	2001      	movs	r0, #1
10005a08:	4770      	bx	lr
10005a0a:	46c0      	nop			; (mov r8, r8)
10005a0c:	200014bc 	.word	0x200014bc

10005a10 <cdcd_reset>:
10005a10:	b570      	push	{r4, r5, r6, lr}
10005a12:	4c0f      	ldr	r4, [pc, #60]	; (10005a50 <cdcd_reset+0x40>)
10005a14:	2205      	movs	r2, #5
10005a16:	2100      	movs	r1, #0
10005a18:	0020      	movs	r0, r4
10005a1a:	f7fc fdc9 	bl	100025b0 <__wrap_memset>
10005a1e:	4d0d      	ldr	r5, [pc, #52]	; (10005a54 <cdcd_reset+0x44>)
10005a20:	782b      	ldrb	r3, [r5, #0]
10005a22:	07da      	lsls	r2, r3, #31
10005a24:	d507      	bpl.n	10005a36 <cdcd_reset+0x26>
10005a26:	4c0c      	ldr	r4, [pc, #48]	; (10005a58 <cdcd_reset+0x48>)
10005a28:	079b      	lsls	r3, r3, #30
10005a2a:	d50c      	bpl.n	10005a46 <cdcd_reset+0x36>
10005a2c:	2101      	movs	r1, #1
10005a2e:	0020      	movs	r0, r4
10005a30:	f000 fe98 	bl	10006764 <tu_fifo_set_overwritable>
10005a34:	bd70      	pop	{r4, r5, r6, pc}
10005a36:	0020      	movs	r0, r4
10005a38:	3010      	adds	r0, #16
10005a3a:	f000 fe73 	bl	10006724 <tu_fifo_clear>
10005a3e:	782b      	ldrb	r3, [r5, #0]
10005a40:	4c05      	ldr	r4, [pc, #20]	; (10005a58 <cdcd_reset+0x48>)
10005a42:	079b      	lsls	r3, r3, #30
10005a44:	d4f2      	bmi.n	10005a2c <cdcd_reset+0x1c>
10005a46:	0020      	movs	r0, r4
10005a48:	f000 fe6c 	bl	10006724 <tu_fifo_clear>
10005a4c:	e7ee      	b.n	10005a2c <cdcd_reset+0x1c>
10005a4e:	46c0      	nop			; (mov r8, r8)
10005a50:	200014bc 	.word	0x200014bc
10005a54:	200014b8 	.word	0x200014b8
10005a58:	200014e0 	.word	0x200014e0

10005a5c <cdcd_open>:
10005a5c:	b5f0      	push	{r4, r5, r6, r7, lr}
10005a5e:	794b      	ldrb	r3, [r1, #5]
10005a60:	0006      	movs	r6, r0
10005a62:	b083      	sub	sp, #12
10005a64:	2b02      	cmp	r3, #2
10005a66:	d102      	bne.n	10005a6e <cdcd_open+0x12>
10005a68:	798b      	ldrb	r3, [r1, #6]
10005a6a:	2b02      	cmp	r3, #2
10005a6c:	d003      	beq.n	10005a76 <cdcd_open+0x1a>
10005a6e:	2500      	movs	r5, #0
10005a70:	0028      	movs	r0, r5
10005a72:	b003      	add	sp, #12
10005a74:	bdf0      	pop	{r4, r5, r6, r7, pc}
10005a76:	4f21      	ldr	r7, [pc, #132]	; (10005afc <cdcd_open+0xa0>)
10005a78:	78bb      	ldrb	r3, [r7, #2]
10005a7a:	2b00      	cmp	r3, #0
10005a7c:	d1f7      	bne.n	10005a6e <cdcd_open+0x12>
10005a7e:	788b      	ldrb	r3, [r1, #2]
10005a80:	2509      	movs	r5, #9
10005a82:	703b      	strb	r3, [r7, #0]
10005a84:	780c      	ldrb	r4, [r1, #0]
10005a86:	190c      	adds	r4, r1, r4
10005a88:	7863      	ldrb	r3, [r4, #1]
10005a8a:	2b24      	cmp	r3, #36	; 0x24
10005a8c:	d10b      	bne.n	10005aa6 <cdcd_open+0x4a>
10005a8e:	2a08      	cmp	r2, #8
10005a90:	d802      	bhi.n	10005a98 <cdcd_open+0x3c>
10005a92:	e00f      	b.n	10005ab4 <cdcd_open+0x58>
10005a94:	42aa      	cmp	r2, r5
10005a96:	d30d      	bcc.n	10005ab4 <cdcd_open+0x58>
10005a98:	7823      	ldrb	r3, [r4, #0]
10005a9a:	18e4      	adds	r4, r4, r3
10005a9c:	18ed      	adds	r5, r5, r3
10005a9e:	7863      	ldrb	r3, [r4, #1]
10005aa0:	b2ad      	uxth	r5, r5
10005aa2:	2b24      	cmp	r3, #36	; 0x24
10005aa4:	d0f6      	beq.n	10005a94 <cdcd_open+0x38>
10005aa6:	2b05      	cmp	r3, #5
10005aa8:	d008      	beq.n	10005abc <cdcd_open+0x60>
10005aaa:	2b04      	cmp	r3, #4
10005aac:	d102      	bne.n	10005ab4 <cdcd_open+0x58>
10005aae:	7963      	ldrb	r3, [r4, #5]
10005ab0:	2b0a      	cmp	r3, #10
10005ab2:	d011      	beq.n	10005ad8 <cdcd_open+0x7c>
10005ab4:	2000      	movs	r0, #0
10005ab6:	f7ff fe55 	bl	10005764 <_prep_out_transaction.isra.0>
10005aba:	e7d9      	b.n	10005a70 <cdcd_open+0x14>
10005abc:	0021      	movs	r1, r4
10005abe:	0030      	movs	r0, r6
10005ac0:	f7ff fcdc 	bl	1000547c <usbd_edpt_open>
10005ac4:	2800      	cmp	r0, #0
10005ac6:	d0d2      	beq.n	10005a6e <cdcd_open+0x12>
10005ac8:	78a3      	ldrb	r3, [r4, #2]
10005aca:	707b      	strb	r3, [r7, #1]
10005acc:	7823      	ldrb	r3, [r4, #0]
10005ace:	18ed      	adds	r5, r5, r3
10005ad0:	18e4      	adds	r4, r4, r3
10005ad2:	7863      	ldrb	r3, [r4, #1]
10005ad4:	b2ad      	uxth	r5, r5
10005ad6:	e7e8      	b.n	10005aaa <cdcd_open+0x4e>
10005ad8:	4b09      	ldr	r3, [pc, #36]	; (10005b00 <cdcd_open+0xa4>)
10005ada:	7827      	ldrb	r7, [r4, #0]
10005adc:	9301      	str	r3, [sp, #4]
10005ade:	3301      	adds	r3, #1
10005ae0:	9300      	str	r3, [sp, #0]
10005ae2:	2202      	movs	r2, #2
10005ae4:	2302      	movs	r3, #2
10005ae6:	0030      	movs	r0, r6
10005ae8:	19e1      	adds	r1, r4, r7
10005aea:	f7ff fc79 	bl	100053e0 <usbd_open_edpt_pair>
10005aee:	2800      	cmp	r0, #0
10005af0:	d0bd      	beq.n	10005a6e <cdcd_open+0x12>
10005af2:	350e      	adds	r5, #14
10005af4:	19ed      	adds	r5, r5, r7
10005af6:	b2ad      	uxth	r5, r5
10005af8:	e7dc      	b.n	10005ab4 <cdcd_open+0x58>
10005afa:	46c0      	nop			; (mov r8, r8)
10005afc:	200014bc 	.word	0x200014bc
10005b00:	200014be 	.word	0x200014be

10005b04 <cdcd_control_xfer_cb>:
10005b04:	b5f8      	push	{r3, r4, r5, r6, r7, lr}
10005b06:	2360      	movs	r3, #96	; 0x60
10005b08:	0014      	movs	r4, r2
10005b0a:	7812      	ldrb	r2, [r2, #0]
10005b0c:	0005      	movs	r5, r0
10005b0e:	4013      	ands	r3, r2
10005b10:	2000      	movs	r0, #0
10005b12:	2b20      	cmp	r3, #32
10005b14:	d107      	bne.n	10005b26 <cdcd_control_xfer_cb+0x22>
10005b16:	4a30      	ldr	r2, [pc, #192]	; (10005bd8 <cdcd_control_xfer_cb+0xd4>)
10005b18:	7963      	ldrb	r3, [r4, #5]
10005b1a:	7927      	ldrb	r7, [r4, #4]
10005b1c:	7816      	ldrb	r6, [r2, #0]
10005b1e:	021b      	lsls	r3, r3, #8
10005b20:	433b      	orrs	r3, r7
10005b22:	429e      	cmp	r6, r3
10005b24:	d000      	beq.n	10005b28 <cdcd_control_xfer_cb+0x24>
10005b26:	bdf8      	pop	{r3, r4, r5, r6, r7, pc}
10005b28:	7863      	ldrb	r3, [r4, #1]
10005b2a:	2b22      	cmp	r3, #34	; 0x22
10005b2c:	d028      	beq.n	10005b80 <cdcd_control_xfer_cb+0x7c>
10005b2e:	d807      	bhi.n	10005b40 <cdcd_control_xfer_cb+0x3c>
10005b30:	2b20      	cmp	r3, #32
10005b32:	d017      	beq.n	10005b64 <cdcd_control_xfer_cb+0x60>
10005b34:	2b21      	cmp	r3, #33	; 0x21
10005b36:	d1f6      	bne.n	10005b26 <cdcd_control_xfer_cb+0x22>
10005b38:	2901      	cmp	r1, #1
10005b3a:	d03e      	beq.n	10005bba <cdcd_control_xfer_cb+0xb6>
10005b3c:	2001      	movs	r0, #1
10005b3e:	e7f2      	b.n	10005b26 <cdcd_control_xfer_cb+0x22>
10005b40:	2b23      	cmp	r3, #35	; 0x23
10005b42:	d1f0      	bne.n	10005b26 <cdcd_control_xfer_cb+0x22>
10005b44:	2901      	cmp	r1, #1
10005b46:	d040      	beq.n	10005bca <cdcd_control_xfer_cb+0xc6>
10005b48:	2903      	cmp	r1, #3
10005b4a:	d1f7      	bne.n	10005b3c <cdcd_control_xfer_cb+0x38>
10005b4c:	4b23      	ldr	r3, [pc, #140]	; (10005bdc <cdcd_control_xfer_cb+0xd8>)
10005b4e:	2b00      	cmp	r3, #0
10005b50:	d0f4      	beq.n	10005b3c <cdcd_control_xfer_cb+0x38>
10005b52:	78e1      	ldrb	r1, [r4, #3]
10005b54:	78a3      	ldrb	r3, [r4, #2]
10005b56:	0209      	lsls	r1, r1, #8
10005b58:	2000      	movs	r0, #0
10005b5a:	4319      	orrs	r1, r3
10005b5c:	e000      	b.n	10005b60 <cdcd_control_xfer_cb+0x5c>
10005b5e:	bf00      	nop
10005b60:	2001      	movs	r0, #1
10005b62:	e7e0      	b.n	10005b26 <cdcd_control_xfer_cb+0x22>
10005b64:	2901      	cmp	r1, #1
10005b66:	d028      	beq.n	10005bba <cdcd_control_xfer_cb+0xb6>
10005b68:	2903      	cmp	r1, #3
10005b6a:	d1e7      	bne.n	10005b3c <cdcd_control_xfer_cb+0x38>
10005b6c:	4b1c      	ldr	r3, [pc, #112]	; (10005be0 <cdcd_control_xfer_cb+0xdc>)
10005b6e:	2b00      	cmp	r3, #0
10005b70:	d0e4      	beq.n	10005b3c <cdcd_control_xfer_cb+0x38>
10005b72:	3208      	adds	r2, #8
10005b74:	2000      	movs	r0, #0
10005b76:	0011      	movs	r1, r2
10005b78:	f7fe faa8 	bl	100040cc <tud_cdc_line_coding_cb>
10005b7c:	2001      	movs	r0, #1
10005b7e:	e7d2      	b.n	10005b26 <cdcd_control_xfer_cb+0x22>
10005b80:	2901      	cmp	r1, #1
10005b82:	d022      	beq.n	10005bca <cdcd_control_xfer_cb+0xc6>
10005b84:	2903      	cmp	r1, #3
10005b86:	d1d9      	bne.n	10005b3c <cdcd_control_xfer_cb+0x38>
10005b88:	2501      	movs	r5, #1
10005b8a:	78a1      	ldrb	r1, [r4, #2]
10005b8c:	78e4      	ldrb	r4, [r4, #3]
10005b8e:	002e      	movs	r6, r5
10005b90:	0224      	lsls	r4, r4, #8
10005b92:	430c      	orrs	r4, r1
10005b94:	2101      	movs	r1, #1
10005b96:	7114      	strb	r4, [r2, #4]
10005b98:	4026      	ands	r6, r4
10005b9a:	3224      	adds	r2, #36	; 0x24
10005b9c:	0010      	movs	r0, r2
10005b9e:	4071      	eors	r1, r6
10005ba0:	f000 fde0 	bl	10006764 <tu_fifo_set_overwritable>
10005ba4:	4b0f      	ldr	r3, [pc, #60]	; (10005be4 <cdcd_control_xfer_cb+0xe0>)
10005ba6:	2b00      	cmp	r3, #0
10005ba8:	d0c8      	beq.n	10005b3c <cdcd_control_xfer_cb+0x38>
10005baa:	0862      	lsrs	r2, r4, #1
10005bac:	2000      	movs	r0, #0
10005bae:	0031      	movs	r1, r6
10005bb0:	402a      	ands	r2, r5
10005bb2:	e000      	b.n	10005bb6 <cdcd_control_xfer_cb+0xb2>
10005bb4:	bf00      	nop
10005bb6:	2001      	movs	r0, #1
10005bb8:	e7b5      	b.n	10005b26 <cdcd_control_xfer_cb+0x22>
10005bba:	2307      	movs	r3, #7
10005bbc:	0021      	movs	r1, r4
10005bbe:	0028      	movs	r0, r5
10005bc0:	4a09      	ldr	r2, [pc, #36]	; (10005be8 <cdcd_control_xfer_cb+0xe4>)
10005bc2:	f7ff fcdb 	bl	1000557c <tud_control_xfer>
10005bc6:	2001      	movs	r0, #1
10005bc8:	e7ad      	b.n	10005b26 <cdcd_control_xfer_cb+0x22>
10005bca:	0021      	movs	r1, r4
10005bcc:	0028      	movs	r0, r5
10005bce:	f7ff fcbd 	bl	1000554c <tud_control_status>
10005bd2:	2001      	movs	r0, #1
10005bd4:	e7a7      	b.n	10005b26 <cdcd_control_xfer_cb+0x22>
10005bd6:	46c0      	nop			; (mov r8, r8)
10005bd8:	200014bc 	.word	0x200014bc
10005bdc:	00000000 	.word	0x00000000
10005be0:	100040cd 	.word	0x100040cd
10005be4:	00000000 	.word	0x00000000
10005be8:	200014c4 	.word	0x200014c4

10005bec <cdcd_xfer_cb>:
10005bec:	b5f0      	push	{r4, r5, r6, r7, lr}
10005bee:	464f      	mov	r7, r9
10005bf0:	4646      	mov	r6, r8
10005bf2:	46d6      	mov	lr, sl
10005bf4:	b5c0      	push	{r6, r7, lr}
10005bf6:	4d35      	ldr	r5, [pc, #212]	; (10005ccc <cdcd_xfer_cb+0xe0>)
10005bf8:	4680      	mov	r8, r0
10005bfa:	78ea      	ldrb	r2, [r5, #3]
10005bfc:	000c      	movs	r4, r1
10005bfe:	001f      	movs	r7, r3
10005c00:	428a      	cmp	r2, r1
10005c02:	d15b      	bne.n	10005cbc <cdcd_xfer_cb+0xd0>
10005c04:	b29a      	uxth	r2, r3
10005c06:	2310      	movs	r3, #16
10005c08:	469a      	mov	sl, r3
10005c0a:	4e31      	ldr	r6, [pc, #196]	; (10005cd0 <cdcd_xfer_cb+0xe4>)
10005c0c:	44aa      	add	sl, r5
10005c0e:	0031      	movs	r1, r6
10005c10:	4650      	mov	r0, sl
10005c12:	f000 fcd3 	bl	100065bc <tu_fifo_write_n>
10005c16:	4b2f      	ldr	r3, [pc, #188]	; (10005cd4 <cdcd_xfer_cb+0xe8>)
10005c18:	2b00      	cmp	r3, #0
10005c1a:	d017      	beq.n	10005c4c <cdcd_xfer_cb+0x60>
10005c1c:	796b      	ldrb	r3, [r5, #5]
10005c1e:	2bff      	cmp	r3, #255	; 0xff
10005c20:	d014      	beq.n	10005c4c <cdcd_xfer_cb+0x60>
10005c22:	2f00      	cmp	r7, #0
10005c24:	d012      	beq.n	10005c4c <cdcd_xfer_cb+0x60>
10005c26:	19f2      	adds	r2, r6, r7
10005c28:	4691      	mov	r9, r2
10005c2a:	e003      	b.n	10005c34 <cdcd_xfer_cb+0x48>
10005c2c:	3601      	adds	r6, #1
10005c2e:	454e      	cmp	r6, r9
10005c30:	d00c      	beq.n	10005c4c <cdcd_xfer_cb+0x60>
10005c32:	796b      	ldrb	r3, [r5, #5]
10005c34:	7832      	ldrb	r2, [r6, #0]
10005c36:	429a      	cmp	r2, r3
10005c38:	d1f8      	bne.n	10005c2c <cdcd_xfer_cb+0x40>
10005c3a:	4650      	mov	r0, sl
10005c3c:	f000 fb96 	bl	1000636c <tu_fifo_empty>
10005c40:	2800      	cmp	r0, #0
10005c42:	d1f3      	bne.n	10005c2c <cdcd_xfer_cb+0x40>
10005c44:	7969      	ldrb	r1, [r5, #5]
10005c46:	e000      	b.n	10005c4a <cdcd_xfer_cb+0x5e>
10005c48:	bf00      	nop
10005c4a:	e7ef      	b.n	10005c2c <cdcd_xfer_cb+0x40>
10005c4c:	4b22      	ldr	r3, [pc, #136]	; (10005cd8 <cdcd_xfer_cb+0xec>)
10005c4e:	2b00      	cmp	r3, #0
10005c50:	d004      	beq.n	10005c5c <cdcd_xfer_cb+0x70>
10005c52:	4822      	ldr	r0, [pc, #136]	; (10005cdc <cdcd_xfer_cb+0xf0>)
10005c54:	f000 fb8a 	bl	1000636c <tu_fifo_empty>
10005c58:	2800      	cmp	r0, #0
10005c5a:	d034      	beq.n	10005cc6 <cdcd_xfer_cb+0xda>
10005c5c:	2000      	movs	r0, #0
10005c5e:	f7ff fd81 	bl	10005764 <_prep_out_transaction.isra.0>
10005c62:	78ab      	ldrb	r3, [r5, #2]
10005c64:	42a3      	cmp	r3, r4
10005c66:	d006      	beq.n	10005c76 <cdcd_xfer_cb+0x8a>
10005c68:	2401      	movs	r4, #1
10005c6a:	0020      	movs	r0, r4
10005c6c:	bce0      	pop	{r5, r6, r7}
10005c6e:	46ba      	mov	sl, r7
10005c70:	46b1      	mov	r9, r6
10005c72:	46a8      	mov	r8, r5
10005c74:	bdf0      	pop	{r4, r5, r6, r7, pc}
10005c76:	4b1a      	ldr	r3, [pc, #104]	; (10005ce0 <cdcd_xfer_cb+0xf4>)
10005c78:	2b00      	cmp	r3, #0
10005c7a:	d002      	beq.n	10005c82 <cdcd_xfer_cb+0x96>
10005c7c:	2000      	movs	r0, #0
10005c7e:	e000      	b.n	10005c82 <cdcd_xfer_cb+0x96>
10005c80:	bf00      	nop
10005c82:	2000      	movs	r0, #0
10005c84:	f7ff fe10 	bl	100058a8 <tud_cdc_n_write_flush>
10005c88:	2800      	cmp	r0, #0
10005c8a:	d1ed      	bne.n	10005c68 <cdcd_xfer_cb+0x7c>
10005c8c:	4d15      	ldr	r5, [pc, #84]	; (10005ce4 <cdcd_xfer_cb+0xf8>)
10005c8e:	0028      	movs	r0, r5
10005c90:	f000 fb56 	bl	10006340 <tu_fifo_count>
10005c94:	2800      	cmp	r0, #0
10005c96:	d1e7      	bne.n	10005c68 <cdcd_xfer_cb+0x7c>
10005c98:	2f00      	cmp	r7, #0
10005c9a:	d0e5      	beq.n	10005c68 <cdcd_xfer_cb+0x7c>
10005c9c:	06bb      	lsls	r3, r7, #26
10005c9e:	d1e3      	bne.n	10005c68 <cdcd_xfer_cb+0x7c>
10005ca0:	3d24      	subs	r5, #36	; 0x24
10005ca2:	4640      	mov	r0, r8
10005ca4:	78a9      	ldrb	r1, [r5, #2]
10005ca6:	f7ff fc03 	bl	100054b0 <usbd_edpt_claim>
10005caa:	1e04      	subs	r4, r0, #0
10005cac:	d0dc      	beq.n	10005c68 <cdcd_xfer_cb+0x7c>
10005cae:	2300      	movs	r3, #0
10005cb0:	2200      	movs	r2, #0
10005cb2:	4640      	mov	r0, r8
10005cb4:	78a9      	ldrb	r1, [r5, #2]
10005cb6:	f7ff fc23 	bl	10005500 <usbd_edpt_xfer>
10005cba:	e7d6      	b.n	10005c6a <cdcd_xfer_cb+0x7e>
10005cbc:	78ab      	ldrb	r3, [r5, #2]
10005cbe:	428b      	cmp	r3, r1
10005cc0:	d0d9      	beq.n	10005c76 <cdcd_xfer_cb+0x8a>
10005cc2:	2400      	movs	r4, #0
10005cc4:	e7d1      	b.n	10005c6a <cdcd_xfer_cb+0x7e>
10005cc6:	e000      	b.n	10005cca <cdcd_xfer_cb+0xde>
10005cc8:	bf00      	nop
10005cca:	e7c7      	b.n	10005c5c <cdcd_xfer_cb+0x70>
10005ccc:	200014bc 	.word	0x200014bc
10005cd0:	20001438 	.word	0x20001438
	...
10005cdc:	200014cc 	.word	0x200014cc
10005ce0:	00000000 	.word	0x00000000
10005ce4:	200014e0 	.word	0x200014e0

10005ce8 <vendord_init>:
10005ce8:	2293      	movs	r2, #147	; 0x93
10005cea:	b5f0      	push	{r4, r5, r6, r7, lr}
10005cec:	4c13      	ldr	r4, [pc, #76]	; (10005d3c <vendord_init+0x54>)
10005cee:	b085      	sub	sp, #20
10005cf0:	2100      	movs	r1, #0
10005cf2:	0020      	movs	r0, r4
10005cf4:	0092      	lsls	r2, r2, #2
10005cf6:	f7fc fc5b 	bl	100025b0 <__wrap_memset>
10005cfa:	0023      	movs	r3, r4
10005cfc:	0020      	movs	r0, r4
10005cfe:	2680      	movs	r6, #128	; 0x80
10005d00:	2740      	movs	r7, #64	; 0x40
10005d02:	4d0f      	ldr	r5, [pc, #60]	; (10005d40 <vendord_init+0x58>)
10005d04:	334d      	adds	r3, #77	; 0x4d
10005d06:	0076      	lsls	r6, r6, #1
10005d08:	33ff      	adds	r3, #255	; 0xff
10005d0a:	3029      	adds	r0, #41	; 0x29
10005d0c:	9502      	str	r5, [sp, #8]
10005d0e:	9300      	str	r3, [sp, #0]
10005d10:	2200      	movs	r2, #0
10005d12:	2300      	movs	r3, #0
10005d14:	2100      	movs	r1, #0
10005d16:	9703      	str	r7, [sp, #12]
10005d18:	9601      	str	r6, [sp, #4]
10005d1a:	30ff      	adds	r0, #255	; 0xff
10005d1c:	f000 f9d4 	bl	100060c8 <tu_edpt_stream_init>
10005d20:	3540      	adds	r5, #64	; 0x40
10005d22:	1d20      	adds	r0, r4, #4
10005d24:	3428      	adds	r4, #40	; 0x28
10005d26:	2300      	movs	r3, #0
10005d28:	2201      	movs	r2, #1
10005d2a:	2100      	movs	r1, #0
10005d2c:	9703      	str	r7, [sp, #12]
10005d2e:	9502      	str	r5, [sp, #8]
10005d30:	9601      	str	r6, [sp, #4]
10005d32:	9400      	str	r4, [sp, #0]
10005d34:	f000 f9c8 	bl	100060c8 <tu_edpt_stream_init>
10005d38:	b005      	add	sp, #20
10005d3a:	bdf0      	pop	{r4, r5, r6, r7, pc}
10005d3c:	20001780 	.word	0x20001780
10005d40:	20001700 	.word	0x20001700

10005d44 <vendord_deinit>:
10005d44:	b510      	push	{r4, lr}
10005d46:	4c05      	ldr	r4, [pc, #20]	; (10005d5c <vendord_deinit+0x18>)
10005d48:	0020      	movs	r0, r4
10005d4a:	f000 f9f3 	bl	10006134 <tu_edpt_stream_deinit>
10005d4e:	0020      	movs	r0, r4
10005d50:	3825      	subs	r0, #37	; 0x25
10005d52:	38ff      	subs	r0, #255	; 0xff
10005d54:	f000 f9ee 	bl	10006134 <tu_edpt_stream_deinit>
10005d58:	2001      	movs	r0, #1
10005d5a:	bd10      	pop	{r4, pc}
10005d5c:	200018a8 	.word	0x200018a8

10005d60 <vendord_reset>:
10005d60:	b570      	push	{r4, r5, r6, lr}
10005d62:	4c08      	ldr	r4, [pc, #32]	; (10005d84 <vendord_reset+0x24>)
10005d64:	2500      	movs	r5, #0
10005d66:	0020      	movs	r0, r4
10005d68:	3031      	adds	r0, #49	; 0x31
10005d6a:	7025      	strb	r5, [r4, #0]
10005d6c:	30ff      	adds	r0, #255	; 0xff
10005d6e:	f000 fcd9 	bl	10006724 <tu_fifo_clear>
10005d72:	0020      	movs	r0, r4
10005d74:	300c      	adds	r0, #12
10005d76:	f000 fcd5 	bl	10006724 <tu_fifo_clear>
10005d7a:	232a      	movs	r3, #42	; 0x2a
10005d7c:	33ff      	adds	r3, #255	; 0xff
10005d7e:	54e5      	strb	r5, [r4, r3]
10005d80:	7165      	strb	r5, [r4, #5]
10005d82:	bd70      	pop	{r4, r5, r6, pc}
10005d84:	20001780 	.word	0x20001780

10005d88 <vendord_open>:
10005d88:	b5f8      	push	{r3, r4, r5, r6, r7, lr}
10005d8a:	464e      	mov	r6, r9
10005d8c:	4645      	mov	r5, r8
10005d8e:	46de      	mov	lr, fp
10005d90:	4657      	mov	r7, sl
10005d92:	b5e0      	push	{r5, r6, r7, lr}
10005d94:	794b      	ldrb	r3, [r1, #5]
10005d96:	4681      	mov	r9, r0
10005d98:	4688      	mov	r8, r1
10005d9a:	2bff      	cmp	r3, #255	; 0xff
10005d9c:	d125      	bne.n	10005dea <vendord_open+0x62>
10005d9e:	232a      	movs	r3, #42	; 0x2a
10005da0:	4f41      	ldr	r7, [pc, #260]	; (10005ea8 <vendord_open+0x120>)
10005da2:	33ff      	adds	r3, #255	; 0xff
10005da4:	780c      	ldrb	r4, [r1, #0]
10005da6:	5cfe      	ldrb	r6, [r7, r3]
10005da8:	797b      	ldrb	r3, [r7, #5]
10005daa:	4444      	add	r4, r8
10005dac:	18a5      	adds	r5, r4, r2
10005dae:	431e      	orrs	r6, r3
10005db0:	d11b      	bne.n	10005dea <vendord_open+0x62>
10005db2:	2298      	movs	r2, #152	; 0x98
10005db4:	0052      	lsls	r2, r2, #1
10005db6:	4692      	mov	sl, r2
10005db8:	3a25      	subs	r2, #37	; 0x25
10005dba:	3aff      	subs	r2, #255	; 0xff
10005dbc:	4693      	mov	fp, r2
10005dbe:	788b      	ldrb	r3, [r1, #2]
10005dc0:	44ba      	add	sl, r7
10005dc2:	703b      	strb	r3, [r7, #0]
10005dc4:	790b      	ldrb	r3, [r1, #4]
10005dc6:	44bb      	add	fp, r7
10005dc8:	2b00      	cmp	r3, #0
10005dca:	d00a      	beq.n	10005de2 <vendord_open+0x5a>
10005dcc:	7863      	ldrb	r3, [r4, #1]
10005dce:	2b05      	cmp	r3, #5
10005dd0:	d105      	bne.n	10005dde <vendord_open+0x56>
10005dd2:	e011      	b.n	10005df8 <vendord_open+0x70>
10005dd4:	7823      	ldrb	r3, [r4, #0]
10005dd6:	18e4      	adds	r4, r4, r3
10005dd8:	7863      	ldrb	r3, [r4, #1]
10005dda:	2b05      	cmp	r3, #5
10005ddc:	d00c      	beq.n	10005df8 <vendord_open+0x70>
10005dde:	42a5      	cmp	r5, r4
10005de0:	d8f8      	bhi.n	10005dd4 <vendord_open+0x4c>
10005de2:	4643      	mov	r3, r8
10005de4:	1ae0      	subs	r0, r4, r3
10005de6:	b280      	uxth	r0, r0
10005de8:	e000      	b.n	10005dec <vendord_open+0x64>
10005dea:	2000      	movs	r0, #0
10005dec:	bcf0      	pop	{r4, r5, r6, r7}
10005dee:	46bb      	mov	fp, r7
10005df0:	46b2      	mov	sl, r6
10005df2:	46a9      	mov	r9, r5
10005df4:	46a0      	mov	r8, r4
10005df6:	bdf8      	pop	{r3, r4, r5, r6, r7, pc}
10005df8:	42a5      	cmp	r5, r4
10005dfa:	d9f2      	bls.n	10005de2 <vendord_open+0x5a>
10005dfc:	0021      	movs	r1, r4
10005dfe:	4648      	mov	r0, r9
10005e00:	f7ff fb3c 	bl	1000547c <usbd_edpt_open>
10005e04:	2800      	cmp	r0, #0
10005e06:	d0f0      	beq.n	10005dea <vendord_open+0x62>
10005e08:	78a3      	ldrb	r3, [r4, #2]
10005e0a:	3601      	adds	r6, #1
10005e0c:	b2f6      	uxtb	r6, r6
10005e0e:	09db      	lsrs	r3, r3, #7
10005e10:	2b01      	cmp	r3, #1
10005e12:	d02a      	beq.n	10005e6a <vendord_open+0xe2>
10005e14:	4650      	mov	r0, sl
10005e16:	f000 fc85 	bl	10006724 <tu_fifo_clear>
10005e1a:	232a      	movs	r3, #42	; 0x2a
10005e1c:	78a2      	ldrb	r2, [r4, #2]
10005e1e:	33ff      	adds	r3, #255	; 0xff
10005e20:	54fa      	strb	r2, [r7, r3]
10005e22:	4a22      	ldr	r2, [pc, #136]	; (10005eac <vendord_open+0x124>)
10005e24:	7963      	ldrb	r3, [r4, #5]
10005e26:	4694      	mov	ip, r2
10005e28:	7921      	ldrb	r1, [r4, #4]
10005e2a:	021b      	lsls	r3, r3, #8
10005e2c:	430b      	orrs	r3, r1
10005e2e:	055b      	lsls	r3, r3, #21
10005e30:	2194      	movs	r1, #148	; 0x94
10005e32:	0d5b      	lsrs	r3, r3, #21
10005e34:	4463      	add	r3, ip
10005e36:	425a      	negs	r2, r3
10005e38:	4153      	adcs	r3, r2
10005e3a:	2002      	movs	r0, #2
10005e3c:	0049      	lsls	r1, r1, #1
10005e3e:	5c7a      	ldrb	r2, [r7, r1]
10005e40:	005b      	lsls	r3, r3, #1
10005e42:	4382      	bics	r2, r0
10005e44:	4313      	orrs	r3, r2
10005e46:	547b      	strb	r3, [r7, r1]
10005e48:	4651      	mov	r1, sl
10005e4a:	4648      	mov	r0, r9
10005e4c:	3908      	subs	r1, #8
10005e4e:	f000 f9d1 	bl	100061f4 <tu_edpt_stream_read_xfer>
10005e52:	2800      	cmp	r0, #0
10005e54:	d0c9      	beq.n	10005dea <vendord_open+0x62>
10005e56:	7823      	ldrb	r3, [r4, #0]
10005e58:	18e4      	adds	r4, r4, r3
10005e5a:	4643      	mov	r3, r8
10005e5c:	791b      	ldrb	r3, [r3, #4]
10005e5e:	42b3      	cmp	r3, r6
10005e60:	d8b4      	bhi.n	10005dcc <vendord_open+0x44>
10005e62:	4643      	mov	r3, r8
10005e64:	1ae0      	subs	r0, r4, r3
10005e66:	b280      	uxth	r0, r0
10005e68:	e7c0      	b.n	10005dec <vendord_open+0x64>
10005e6a:	4658      	mov	r0, fp
10005e6c:	f000 fc5a 	bl	10006724 <tu_fifo_clear>
10005e70:	465a      	mov	r2, fp
10005e72:	490e      	ldr	r1, [pc, #56]	; (10005eac <vendord_open+0x124>)
10005e74:	78a3      	ldrb	r3, [r4, #2]
10005e76:	468c      	mov	ip, r1
10005e78:	3a0c      	subs	r2, #12
10005e7a:	7153      	strb	r3, [r2, #5]
10005e7c:	7963      	ldrb	r3, [r4, #5]
10005e7e:	7920      	ldrb	r0, [r4, #4]
10005e80:	021b      	lsls	r3, r3, #8
10005e82:	4303      	orrs	r3, r0
10005e84:	055b      	lsls	r3, r3, #21
10005e86:	0d5b      	lsrs	r3, r3, #21
10005e88:	4463      	add	r3, ip
10005e8a:	4259      	negs	r1, r3
10005e8c:	414b      	adcs	r3, r1
10005e8e:	2002      	movs	r0, #2
10005e90:	7911      	ldrb	r1, [r2, #4]
10005e92:	005b      	lsls	r3, r3, #1
10005e94:	4381      	bics	r1, r0
10005e96:	430b      	orrs	r3, r1
10005e98:	4659      	mov	r1, fp
10005e9a:	7113      	strb	r3, [r2, #4]
10005e9c:	3908      	subs	r1, #8
10005e9e:	2000      	movs	r0, #0
10005ea0:	f000 f976 	bl	10006190 <tu_edpt_stream_write_xfer>
10005ea4:	e7d7      	b.n	10005e56 <vendord_open+0xce>
10005ea6:	46c0      	nop			; (mov r8, r8)
10005ea8:	20001780 	.word	0x20001780
10005eac:	fffffe00 	.word	0xfffffe00

10005eb0 <vendord_xfer_cb>:
10005eb0:	b5f8      	push	{r3, r4, r5, r6, r7, lr}
10005eb2:	252a      	movs	r5, #42	; 0x2a
10005eb4:	4c1f      	ldr	r4, [pc, #124]	; (10005f34 <vendord_xfer_cb+0x84>)
10005eb6:	35ff      	adds	r5, #255	; 0xff
10005eb8:	5d65      	ldrb	r5, [r4, r5]
10005eba:	0006      	movs	r6, r0
10005ebc:	001f      	movs	r7, r3
10005ebe:	428d      	cmp	r5, r1
10005ec0:	d11d      	bne.n	10005efe <vendord_xfer_cb+0x4e>
10005ec2:	239a      	movs	r3, #154	; 0x9a
10005ec4:	005b      	lsls	r3, r3, #1
10005ec6:	5ae3      	ldrh	r3, [r4, r3]
10005ec8:	2b00      	cmp	r3, #0
10005eca:	d10e      	bne.n	10005eea <vendord_xfer_cb+0x3a>
10005ecc:	4b1a      	ldr	r3, [pc, #104]	; (10005f38 <vendord_xfer_cb+0x88>)
10005ece:	2b00      	cmp	r3, #0
10005ed0:	d004      	beq.n	10005edc <vendord_xfer_cb+0x2c>
10005ed2:	2000      	movs	r0, #0
10005ed4:	4919      	ldr	r1, [pc, #100]	; (10005f3c <vendord_xfer_cb+0x8c>)
10005ed6:	b2ba      	uxth	r2, r7
10005ed8:	e000      	b.n	10005edc <vendord_xfer_cb+0x2c>
10005eda:	bf00      	nop
10005edc:	0030      	movs	r0, r6
10005ede:	4918      	ldr	r1, [pc, #96]	; (10005f40 <vendord_xfer_cb+0x90>)
10005ee0:	f000 f988 	bl	100061f4 <tu_edpt_stream_read_xfer>
10005ee4:	2401      	movs	r4, #1
10005ee6:	0020      	movs	r0, r4
10005ee8:	bdf8      	pop	{r3, r4, r5, r6, r7, pc}
10005eea:	0020      	movs	r0, r4
10005eec:	2396      	movs	r3, #150	; 0x96
10005eee:	3031      	adds	r0, #49	; 0x31
10005ef0:	005b      	lsls	r3, r3, #1
10005ef2:	58e1      	ldr	r1, [r4, r3]
10005ef4:	b2ba      	uxth	r2, r7
10005ef6:	30ff      	adds	r0, #255	; 0xff
10005ef8:	f000 fb60 	bl	100065bc <tu_fifo_write_n>
10005efc:	e7e6      	b.n	10005ecc <vendord_xfer_cb+0x1c>
10005efe:	7963      	ldrb	r3, [r4, #5]
10005f00:	428b      	cmp	r3, r1
10005f02:	d001      	beq.n	10005f08 <vendord_xfer_cb+0x58>
10005f04:	2400      	movs	r4, #0
10005f06:	e7ee      	b.n	10005ee6 <vendord_xfer_cb+0x36>
10005f08:	4b0e      	ldr	r3, [pc, #56]	; (10005f44 <vendord_xfer_cb+0x94>)
10005f0a:	2b00      	cmp	r3, #0
10005f0c:	d004      	beq.n	10005f18 <vendord_xfer_cb+0x68>
10005f0e:	0439      	lsls	r1, r7, #16
10005f10:	2000      	movs	r0, #0
10005f12:	0c09      	lsrs	r1, r1, #16
10005f14:	e000      	b.n	10005f18 <vendord_xfer_cb+0x68>
10005f16:	bf00      	nop
10005f18:	4d0b      	ldr	r5, [pc, #44]	; (10005f48 <vendord_xfer_cb+0x98>)
10005f1a:	0030      	movs	r0, r6
10005f1c:	0029      	movs	r1, r5
10005f1e:	f000 f937 	bl	10006190 <tu_edpt_stream_write_xfer>
10005f22:	2401      	movs	r4, #1
10005f24:	2800      	cmp	r0, #0
10005f26:	d1de      	bne.n	10005ee6 <vendord_xfer_cb+0x36>
10005f28:	003a      	movs	r2, r7
10005f2a:	0029      	movs	r1, r5
10005f2c:	0030      	movs	r0, r6
10005f2e:	f000 f903 	bl	10006138 <tu_edpt_stream_write_zlp_if_needed>
10005f32:	e7d8      	b.n	10005ee6 <vendord_xfer_cb+0x36>
10005f34:	20001780 	.word	0x20001780
10005f38:	00000000 	.word	0x00000000
10005f3c:	20001700 	.word	0x20001700
10005f40:	200018a8 	.word	0x200018a8
10005f44:	00000000 	.word	0x00000000
10005f48:	20001784 	.word	0x20001784

10005f4c <tusb_rhport_init>:
10005f4c:	b500      	push	{lr}
10005f4e:	0003      	movs	r3, r0
10005f50:	b083      	sub	sp, #12
10005f52:	2900      	cmp	r1, #0
10005f54:	d010      	beq.n	10005f78 <tusb_rhport_init+0x2c>
10005f56:	2000      	movs	r0, #0
10005f58:	2b01      	cmp	r3, #1
10005f5a:	d807      	bhi.n	10005f6c <tusb_rhport_init+0x20>
10005f5c:	780a      	ldrb	r2, [r1, #0]
10005f5e:	2a00      	cmp	r2, #0
10005f60:	d004      	beq.n	10005f6c <tusb_rhport_init+0x20>
10005f62:	480b      	ldr	r0, [pc, #44]	; (10005f90 <tusb_rhport_init+0x44>)
10005f64:	54c2      	strb	r2, [r0, r3]
10005f66:	2001      	movs	r0, #1
10005f68:	2a01      	cmp	r2, #1
10005f6a:	d001      	beq.n	10005f70 <tusb_rhport_init+0x24>
10005f6c:	b003      	add	sp, #12
10005f6e:	bd00      	pop	{pc}
10005f70:	0018      	movs	r0, r3
10005f72:	f7fe fdbb 	bl	10004aec <tud_rhport_init>
10005f76:	e7f9      	b.n	10005f6c <tusb_rhport_init+0x20>
10005f78:	2301      	movs	r3, #1
10005f7a:	a901      	add	r1, sp, #4
10005f7c:	2000      	movs	r0, #0
10005f7e:	800b      	strh	r3, [r1, #0]
10005f80:	f7fe fdb4 	bl	10004aec <tud_rhport_init>
10005f84:	2800      	cmp	r0, #0
10005f86:	d0f1      	beq.n	10005f6c <tusb_rhport_init+0x20>
10005f88:	2201      	movs	r2, #1
10005f8a:	4b01      	ldr	r3, [pc, #4]	; (10005f90 <tusb_rhport_init+0x44>)
10005f8c:	701a      	strb	r2, [r3, #0]
10005f8e:	e7ed      	b.n	10005f6c <tusb_rhport_init+0x20>
10005f90:	200015d8 	.word	0x200015d8

10005f94 <tu_edpt_claim>:
10005f94:	7803      	ldrb	r3, [r0, #0]
10005f96:	b570      	push	{r4, r5, r6, lr}
10005f98:	07db      	lsls	r3, r3, #31
10005f9a:	0004      	movs	r4, r0
10005f9c:	000e      	movs	r6, r1
10005f9e:	0fdd      	lsrs	r5, r3, #31
10005fa0:	2b00      	cmp	r3, #0
10005fa2:	d117      	bne.n	10005fd4 <tu_edpt_claim+0x40>
10005fa4:	7803      	ldrb	r3, [r0, #0]
10005fa6:	075b      	lsls	r3, r3, #29
10005fa8:	d501      	bpl.n	10005fae <tu_edpt_claim+0x1a>
10005faa:	0028      	movs	r0, r5
10005fac:	bd70      	pop	{r4, r5, r6, pc}
10005fae:	2101      	movs	r1, #1
10005fb0:	0030      	movs	r0, r6
10005fb2:	4249      	negs	r1, r1
10005fb4:	f000 fc80 	bl	100068b8 <__mutex_enter_timeout_ms_veneer>
10005fb8:	7823      	ldrb	r3, [r4, #0]
10005fba:	07db      	lsls	r3, r3, #31
10005fbc:	0fdd      	lsrs	r5, r3, #31
10005fbe:	2b00      	cmp	r3, #0
10005fc0:	d10a      	bne.n	10005fd8 <tu_edpt_claim+0x44>
10005fc2:	7823      	ldrb	r3, [r4, #0]
10005fc4:	075b      	lsls	r3, r3, #29
10005fc6:	d408      	bmi.n	10005fda <tu_edpt_claim+0x46>
10005fc8:	2204      	movs	r2, #4
10005fca:	7823      	ldrb	r3, [r4, #0]
10005fcc:	2501      	movs	r5, #1
10005fce:	4313      	orrs	r3, r2
10005fd0:	7023      	strb	r3, [r4, #0]
10005fd2:	e002      	b.n	10005fda <tu_edpt_claim+0x46>
10005fd4:	2500      	movs	r5, #0
10005fd6:	e7e8      	b.n	10005faa <tu_edpt_claim+0x16>
10005fd8:	2500      	movs	r5, #0
10005fda:	0030      	movs	r0, r6
10005fdc:	f000 fc3c 	bl	10006858 <__mutex_exit_veneer>
10005fe0:	e7e3      	b.n	10005faa <tu_edpt_claim+0x16>
10005fe2:	46c0      	nop			; (mov r8, r8)

10005fe4 <tu_edpt_release>:
10005fe4:	b570      	push	{r4, r5, r6, lr}
10005fe6:	000d      	movs	r5, r1
10005fe8:	2101      	movs	r1, #1
10005fea:	0004      	movs	r4, r0
10005fec:	4249      	negs	r1, r1
10005fee:	0028      	movs	r0, r5
10005ff0:	f000 fc62 	bl	100068b8 <__mutex_enter_timeout_ms_veneer>
10005ff4:	7823      	ldrb	r3, [r4, #0]
10005ff6:	075b      	lsls	r3, r3, #29
10005ff8:	0fde      	lsrs	r6, r3, #31
10005ffa:	2b00      	cmp	r3, #0
10005ffc:	db04      	blt.n	10006008 <tu_edpt_release+0x24>
10005ffe:	0028      	movs	r0, r5
10006000:	f000 fc2a 	bl	10006858 <__mutex_exit_veneer>
10006004:	0030      	movs	r0, r6
10006006:	bd70      	pop	{r4, r5, r6, pc}
10006008:	7823      	ldrb	r3, [r4, #0]
1000600a:	07db      	lsls	r3, r3, #31
1000600c:	d404      	bmi.n	10006018 <tu_edpt_release+0x34>
1000600e:	2204      	movs	r2, #4
10006010:	7823      	ldrb	r3, [r4, #0]
10006012:	4393      	bics	r3, r2
10006014:	7023      	strb	r3, [r4, #0]
10006016:	e7f2      	b.n	10005ffe <tu_edpt_release+0x1a>
10006018:	2600      	movs	r6, #0
1000601a:	e7f0      	b.n	10005ffe <tu_edpt_release+0x1a>

1000601c <tu_edpt_validate>:
1000601c:	b510      	push	{r4, lr}
1000601e:	7943      	ldrb	r3, [r0, #5]
10006020:	7904      	ldrb	r4, [r0, #4]
10006022:	021b      	lsls	r3, r3, #8
10006024:	4323      	orrs	r3, r4
10006026:	055b      	lsls	r3, r3, #21
10006028:	0d5a      	lsrs	r2, r3, #21
1000602a:	78c3      	ldrb	r3, [r0, #3]
1000602c:	079b      	lsls	r3, r3, #30
1000602e:	0f9b      	lsrs	r3, r3, #30
10006030:	2b02      	cmp	r3, #2
10006032:	d005      	beq.n	10006040 <tu_edpt_validate+0x24>
10006034:	2b03      	cmp	r3, #3
10006036:	d015      	beq.n	10006064 <tu_edpt_validate+0x48>
10006038:	2000      	movs	r0, #0
1000603a:	2b01      	cmp	r3, #1
1000603c:	d008      	beq.n	10006050 <tu_edpt_validate+0x34>
1000603e:	bd10      	pop	{r4, pc}
10006040:	2902      	cmp	r1, #2
10006042:	d01c      	beq.n	1000607e <tu_edpt_validate+0x62>
10006044:	2000      	movs	r0, #0
10006046:	2340      	movs	r3, #64	; 0x40
10006048:	4293      	cmp	r3, r2
1000604a:	4140      	adcs	r0, r0
1000604c:	b2c0      	uxtb	r0, r0
1000604e:	e7f6      	b.n	1000603e <tu_edpt_validate+0x22>
10006050:	3902      	subs	r1, #2
10006052:	424b      	negs	r3, r1
10006054:	4159      	adcs	r1, r3
10006056:	4b0d      	ldr	r3, [pc, #52]	; (1000608c <tu_edpt_validate+0x70>)
10006058:	469c      	mov	ip, r3
1000605a:	4461      	add	r1, ip
1000605c:	4291      	cmp	r1, r2
1000605e:	4140      	adcs	r0, r0
10006060:	b2c0      	uxtb	r0, r0
10006062:	e7ec      	b.n	1000603e <tu_edpt_validate+0x22>
10006064:	3902      	subs	r1, #2
10006066:	424b      	negs	r3, r1
10006068:	4159      	adcs	r1, r3
1000606a:	23f0      	movs	r3, #240	; 0xf0
1000606c:	2000      	movs	r0, #0
1000606e:	4249      	negs	r1, r1
10006070:	009b      	lsls	r3, r3, #2
10006072:	4019      	ands	r1, r3
10006074:	3140      	adds	r1, #64	; 0x40
10006076:	4291      	cmp	r1, r2
10006078:	4140      	adcs	r0, r0
1000607a:	b2c0      	uxtb	r0, r0
1000607c:	e7df      	b.n	1000603e <tu_edpt_validate+0x22>
1000607e:	4b04      	ldr	r3, [pc, #16]	; (10006090 <tu_edpt_validate+0x74>)
10006080:	18d3      	adds	r3, r2, r3
10006082:	425a      	negs	r2, r3
10006084:	4153      	adcs	r3, r2
10006086:	b2d8      	uxtb	r0, r3
10006088:	e7d9      	b.n	1000603e <tu_edpt_validate+0x22>
1000608a:	46c0      	nop			; (mov r8, r8)
1000608c:	000003ff 	.word	0x000003ff
10006090:	fffffe00 	.word	0xfffffe00

10006094 <tu_edpt_bind_driver>:
10006094:	188a      	adds	r2, r1, r2
10006096:	b570      	push	{r4, r5, r6, lr}
10006098:	4291      	cmp	r1, r2
1000609a:	d207      	bcs.n	100060ac <tu_edpt_bind_driver+0x18>
1000609c:	267f      	movs	r6, #127	; 0x7f
1000609e:	784c      	ldrb	r4, [r1, #1]
100060a0:	2c05      	cmp	r4, #5
100060a2:	d004      	beq.n	100060ae <tu_edpt_bind_driver+0x1a>
100060a4:	780c      	ldrb	r4, [r1, #0]
100060a6:	1909      	adds	r1, r1, r4
100060a8:	428a      	cmp	r2, r1
100060aa:	d8f8      	bhi.n	1000609e <tu_edpt_bind_driver+0xa>
100060ac:	bd70      	pop	{r4, r5, r6, pc}
100060ae:	0034      	movs	r4, r6
100060b0:	788d      	ldrb	r5, [r1, #2]
100060b2:	402c      	ands	r4, r5
100060b4:	0064      	lsls	r4, r4, #1
100060b6:	1904      	adds	r4, r0, r4
100060b8:	09ed      	lsrs	r5, r5, #7
100060ba:	5563      	strb	r3, [r4, r5]
100060bc:	780c      	ldrb	r4, [r1, #0]
100060be:	1909      	adds	r1, r1, r4
100060c0:	428a      	cmp	r2, r1
100060c2:	d8ec      	bhi.n	1000609e <tu_edpt_bind_driver+0xa>
100060c4:	e7f2      	b.n	100060ac <tu_edpt_bind_driver+0x18>
100060c6:	46c0      	nop			; (mov r8, r8)

100060c8 <tu_edpt_stream_init>:
100060c8:	b5f0      	push	{r4, r5, r6, r7, lr}
100060ca:	46c6      	mov	lr, r8
100060cc:	b500      	push	{lr}
100060ce:	b082      	sub	sp, #8
100060d0:	0015      	movs	r5, r2
100060d2:	aa08      	add	r2, sp, #32
100060d4:	ca40      	ldmia	r2!, {r6}
100060d6:	0004      	movs	r4, r0
100060d8:	8817      	ldrh	r7, [r2, #0]
100060da:	aa0b      	add	r2, sp, #44	; 0x2c
100060dc:	8812      	ldrh	r2, [r2, #0]
100060de:	2001      	movs	r0, #1
100060e0:	4690      	mov	r8, r2
100060e2:	000a      	movs	r2, r1
100060e4:	7821      	ldrb	r1, [r4, #0]
100060e6:	4002      	ands	r2, r0
100060e8:	4381      	bics	r1, r0
100060ea:	0020      	movs	r0, r4
100060ec:	4311      	orrs	r1, r2
100060ee:	7021      	strb	r1, [r4, #0]
100060f0:	9300      	str	r3, [sp, #0]
100060f2:	003a      	movs	r2, r7
100060f4:	2301      	movs	r3, #1
100060f6:	0031      	movs	r1, r6
100060f8:	3008      	adds	r0, #8
100060fa:	f000 f8e9 	bl	100062d0 <tu_fifo_config>
100060fe:	2e00      	cmp	r6, #0
10006100:	d001      	beq.n	10006106 <tu_edpt_stream_init+0x3e>
10006102:	2f00      	cmp	r7, #0
10006104:	d108      	bne.n	10006118 <tu_edpt_stream_init+0x50>
10006106:	9b0a      	ldr	r3, [sp, #40]	; 0x28
10006108:	2001      	movs	r0, #1
1000610a:	6063      	str	r3, [r4, #4]
1000610c:	4643      	mov	r3, r8
1000610e:	8063      	strh	r3, [r4, #2]
10006110:	b002      	add	sp, #8
10006112:	bc80      	pop	{r7}
10006114:	46b8      	mov	r8, r7
10006116:	bdf0      	pop	{r4, r5, r6, r7, pc}
10006118:	0026      	movs	r6, r4
1000611a:	361c      	adds	r6, #28
1000611c:	0030      	movs	r0, r6
1000611e:	f7fa fc63 	bl	100009e8 <mutex_init>
10006122:	2300      	movs	r3, #0
10006124:	2d00      	cmp	r5, #0
10006126:	d001      	beq.n	1000612c <tu_edpt_stream_init+0x64>
10006128:	0033      	movs	r3, r6
1000612a:	2600      	movs	r6, #0
1000612c:	6163      	str	r3, [r4, #20]
1000612e:	61a6      	str	r6, [r4, #24]
10006130:	e7e9      	b.n	10006106 <tu_edpt_stream_init+0x3e>
10006132:	46c0      	nop			; (mov r8, r8)

10006134 <tu_edpt_stream_deinit>:
10006134:	2001      	movs	r0, #1
10006136:	4770      	bx	lr

10006138 <tu_edpt_stream_write_zlp_if_needed>:
10006138:	b5f8      	push	{r3, r4, r5, r6, r7, lr}
1000613a:	23e0      	movs	r3, #224	; 0xe0
1000613c:	0007      	movs	r7, r0
1000613e:	0008      	movs	r0, r1
10006140:	780c      	ldrb	r4, [r1, #0]
10006142:	005b      	lsls	r3, r3, #1
10006144:	07a4      	lsls	r4, r4, #30
10006146:	17e4      	asrs	r4, r4, #31
10006148:	401c      	ands	r4, r3
1000614a:	3008      	adds	r0, #8
1000614c:	000d      	movs	r5, r1
1000614e:	0016      	movs	r6, r2
10006150:	343f      	adds	r4, #63	; 0x3f
10006152:	f000 f8f5 	bl	10006340 <tu_fifo_count>
10006156:	2800      	cmp	r0, #0
10006158:	d107      	bne.n	1000616a <tu_edpt_stream_write_zlp_if_needed+0x32>
1000615a:	2e00      	cmp	r6, #0
1000615c:	d005      	beq.n	1000616a <tu_edpt_stream_write_zlp_if_needed+0x32>
1000615e:	4234      	tst	r4, r6
10006160:	d103      	bne.n	1000616a <tu_edpt_stream_write_zlp_if_needed+0x32>
10006162:	2401      	movs	r4, #1
10006164:	782b      	ldrb	r3, [r5, #0]
10006166:	421c      	tst	r4, r3
10006168:	d001      	beq.n	1000616e <tu_edpt_stream_write_zlp_if_needed+0x36>
1000616a:	2000      	movs	r0, #0
1000616c:	bdf8      	pop	{r3, r4, r5, r6, r7, pc}
1000616e:	0038      	movs	r0, r7
10006170:	7869      	ldrb	r1, [r5, #1]
10006172:	f7ff f99d 	bl	100054b0 <usbd_edpt_claim>
10006176:	2800      	cmp	r0, #0
10006178:	d0f7      	beq.n	1000616a <tu_edpt_stream_write_zlp_if_needed+0x32>
1000617a:	782b      	ldrb	r3, [r5, #0]
1000617c:	421c      	tst	r4, r3
1000617e:	d1f4      	bne.n	1000616a <tu_edpt_stream_write_zlp_if_needed+0x32>
10006180:	2300      	movs	r3, #0
10006182:	2200      	movs	r2, #0
10006184:	0038      	movs	r0, r7
10006186:	7869      	ldrb	r1, [r5, #1]
10006188:	f7ff f9ba 	bl	10005500 <usbd_edpt_xfer>
1000618c:	e7ee      	b.n	1000616c <tu_edpt_stream_write_zlp_if_needed+0x34>
1000618e:	46c0      	nop			; (mov r8, r8)

10006190 <tu_edpt_stream_write_xfer>:
10006190:	b5f8      	push	{r3, r4, r5, r6, r7, lr}
10006192:	000d      	movs	r5, r1
10006194:	3508      	adds	r5, #8
10006196:	0006      	movs	r6, r0
10006198:	0028      	movs	r0, r5
1000619a:	000c      	movs	r4, r1
1000619c:	f000 f8d0 	bl	10006340 <tu_fifo_count>
100061a0:	2800      	cmp	r0, #0
100061a2:	d003      	beq.n	100061ac <tu_edpt_stream_write_xfer+0x1c>
100061a4:	2701      	movs	r7, #1
100061a6:	7823      	ldrb	r3, [r4, #0]
100061a8:	421f      	tst	r7, r3
100061aa:	d001      	beq.n	100061b0 <tu_edpt_stream_write_xfer+0x20>
100061ac:	2000      	movs	r0, #0
100061ae:	bdf8      	pop	{r3, r4, r5, r6, r7, pc}
100061b0:	0030      	movs	r0, r6
100061b2:	7861      	ldrb	r1, [r4, #1]
100061b4:	f7ff f97c 	bl	100054b0 <usbd_edpt_claim>
100061b8:	2800      	cmp	r0, #0
100061ba:	d0f7      	beq.n	100061ac <tu_edpt_stream_write_xfer+0x1c>
100061bc:	0028      	movs	r0, r5
100061be:	8862      	ldrh	r2, [r4, #2]
100061c0:	6861      	ldr	r1, [r4, #4]
100061c2:	f000 f941 	bl	10006448 <tu_fifo_read_n>
100061c6:	7823      	ldrb	r3, [r4, #0]
100061c8:	1e05      	subs	r5, r0, #0
100061ca:	d00b      	beq.n	100061e4 <tu_edpt_stream_write_xfer+0x54>
100061cc:	421f      	tst	r7, r3
100061ce:	d1ed      	bne.n	100061ac <tu_edpt_stream_write_xfer+0x1c>
100061d0:	0003      	movs	r3, r0
100061d2:	6862      	ldr	r2, [r4, #4]
100061d4:	0030      	movs	r0, r6
100061d6:	7861      	ldrb	r1, [r4, #1]
100061d8:	f7ff f992 	bl	10005500 <usbd_edpt_xfer>
100061dc:	2800      	cmp	r0, #0
100061de:	d0e5      	beq.n	100061ac <tu_edpt_stream_write_xfer+0x1c>
100061e0:	0028      	movs	r0, r5
100061e2:	e7e4      	b.n	100061ae <tu_edpt_stream_write_xfer+0x1e>
100061e4:	421f      	tst	r7, r3
100061e6:	d1e1      	bne.n	100061ac <tu_edpt_stream_write_xfer+0x1c>
100061e8:	0030      	movs	r0, r6
100061ea:	7861      	ldrb	r1, [r4, #1]
100061ec:	f7ff f974 	bl	100054d8 <usbd_edpt_release>
100061f0:	e7dc      	b.n	100061ac <tu_edpt_stream_write_xfer+0x1c>
100061f2:	46c0      	nop			; (mov r8, r8)

100061f4 <tu_edpt_stream_read_xfer>:
100061f4:	b5f8      	push	{r3, r4, r5, r6, r7, lr}
100061f6:	46ce      	mov	lr, r9
100061f8:	4647      	mov	r7, r8
100061fa:	b580      	push	{r7, lr}
100061fc:	898b      	ldrh	r3, [r1, #12]
100061fe:	0006      	movs	r6, r0
10006200:	000c      	movs	r4, r1
10006202:	2b00      	cmp	r3, #0
10006204:	d108      	bne.n	10006218 <tu_edpt_stream_read_xfer+0x24>
10006206:	2501      	movs	r5, #1
10006208:	780b      	ldrb	r3, [r1, #0]
1000620a:	421d      	tst	r5, r3
1000620c:	d041      	beq.n	10006292 <tu_edpt_stream_read_xfer+0x9e>
1000620e:	2000      	movs	r0, #0
10006210:	bcc0      	pop	{r6, r7}
10006212:	46b9      	mov	r9, r7
10006214:	46b0      	mov	r8, r6
10006216:	bdf8      	pop	{r3, r4, r5, r6, r7, pc}
10006218:	780b      	ldrb	r3, [r1, #0]
1000621a:	079b      	lsls	r3, r3, #30
1000621c:	d434      	bmi.n	10006288 <tu_edpt_stream_read_xfer+0x94>
1000621e:	2340      	movs	r3, #64	; 0x40
10006220:	425b      	negs	r3, r3
10006222:	4699      	mov	r9, r3
10006224:	2540      	movs	r5, #64	; 0x40
10006226:	0027      	movs	r7, r4
10006228:	3708      	adds	r7, #8
1000622a:	0038      	movs	r0, r7
1000622c:	f000 f8a6 	bl	1000637c <tu_fifo_remaining>
10006230:	42a8      	cmp	r0, r5
10006232:	d3ec      	bcc.n	1000620e <tu_edpt_stream_read_xfer+0x1a>
10006234:	2201      	movs	r2, #1
10006236:	7823      	ldrb	r3, [r4, #0]
10006238:	4690      	mov	r8, r2
1000623a:	421a      	tst	r2, r3
1000623c:	d1e7      	bne.n	1000620e <tu_edpt_stream_read_xfer+0x1a>
1000623e:	0030      	movs	r0, r6
10006240:	7861      	ldrb	r1, [r4, #1]
10006242:	f7ff f935 	bl	100054b0 <usbd_edpt_claim>
10006246:	2800      	cmp	r0, #0
10006248:	d0e1      	beq.n	1000620e <tu_edpt_stream_read_xfer+0x1a>
1000624a:	0038      	movs	r0, r7
1000624c:	f000 f896 	bl	1000637c <tu_fifo_remaining>
10006250:	4642      	mov	r2, r8
10006252:	7823      	ldrb	r3, [r4, #0]
10006254:	4285      	cmp	r5, r0
10006256:	d831      	bhi.n	100062bc <tu_edpt_stream_read_xfer+0xc8>
10006258:	421a      	tst	r2, r3
1000625a:	d1d8      	bne.n	1000620e <tu_edpt_stream_read_xfer+0x1a>
1000625c:	464b      	mov	r3, r9
1000625e:	8862      	ldrh	r2, [r4, #2]
10006260:	4018      	ands	r0, r3
10006262:	1c05      	adds	r5, r0, #0
10006264:	b280      	uxth	r0, r0
10006266:	4290      	cmp	r0, r2
10006268:	d900      	bls.n	1000626c <tu_edpt_stream_read_xfer+0x78>
1000626a:	1c15      	adds	r5, r2, #0
1000626c:	b2ad      	uxth	r5, r5
1000626e:	2200      	movs	r2, #0
10006270:	7861      	ldrb	r1, [r4, #1]
10006272:	2d00      	cmp	r5, #0
10006274:	d000      	beq.n	10006278 <tu_edpt_stream_read_xfer+0x84>
10006276:	6862      	ldr	r2, [r4, #4]
10006278:	002b      	movs	r3, r5
1000627a:	0030      	movs	r0, r6
1000627c:	f7ff f940 	bl	10005500 <usbd_edpt_xfer>
10006280:	2800      	cmp	r0, #0
10006282:	d0c4      	beq.n	1000620e <tu_edpt_stream_read_xfer+0x1a>
10006284:	0028      	movs	r0, r5
10006286:	e7c3      	b.n	10006210 <tu_edpt_stream_read_xfer+0x1c>
10006288:	2580      	movs	r5, #128	; 0x80
1000628a:	4b10      	ldr	r3, [pc, #64]	; (100062cc <tu_edpt_stream_read_xfer+0xd8>)
1000628c:	00ad      	lsls	r5, r5, #2
1000628e:	4699      	mov	r9, r3
10006290:	e7c9      	b.n	10006226 <tu_edpt_stream_read_xfer+0x32>
10006292:	7849      	ldrb	r1, [r1, #1]
10006294:	f7ff f90c 	bl	100054b0 <usbd_edpt_claim>
10006298:	2800      	cmp	r0, #0
1000629a:	d0b8      	beq.n	1000620e <tu_edpt_stream_read_xfer+0x1a>
1000629c:	7823      	ldrb	r3, [r4, #0]
1000629e:	421d      	tst	r5, r3
100062a0:	d1b5      	bne.n	1000620e <tu_edpt_stream_read_xfer+0x1a>
100062a2:	8863      	ldrh	r3, [r4, #2]
100062a4:	2200      	movs	r2, #0
100062a6:	7861      	ldrb	r1, [r4, #1]
100062a8:	2b00      	cmp	r3, #0
100062aa:	d000      	beq.n	100062ae <tu_edpt_stream_read_xfer+0xba>
100062ac:	6862      	ldr	r2, [r4, #4]
100062ae:	0030      	movs	r0, r6
100062b0:	f7ff f926 	bl	10005500 <usbd_edpt_xfer>
100062b4:	2800      	cmp	r0, #0
100062b6:	d0aa      	beq.n	1000620e <tu_edpt_stream_read_xfer+0x1a>
100062b8:	8860      	ldrh	r0, [r4, #2]
100062ba:	e7a9      	b.n	10006210 <tu_edpt_stream_read_xfer+0x1c>
100062bc:	421a      	tst	r2, r3
100062be:	d1a6      	bne.n	1000620e <tu_edpt_stream_read_xfer+0x1a>
100062c0:	0030      	movs	r0, r6
100062c2:	7861      	ldrb	r1, [r4, #1]
100062c4:	f7ff f908 	bl	100054d8 <usbd_edpt_release>
100062c8:	e7a1      	b.n	1000620e <tu_edpt_stream_read_xfer+0x1a>
100062ca:	46c0      	nop			; (mov r8, r8)
100062cc:	fffffe00 	.word	0xfffffe00

100062d0 <tu_fifo_config>:
100062d0:	b5f0      	push	{r4, r5, r6, r7, lr}
100062d2:	46c6      	mov	lr, r8
100062d4:	b500      	push	{lr}
100062d6:	0004      	movs	r4, r0
100062d8:	a806      	add	r0, sp, #24
100062da:	7805      	ldrb	r5, [r0, #0]
100062dc:	2080      	movs	r0, #128	; 0x80
100062de:	4688      	mov	r8, r1
100062e0:	0017      	movs	r7, r2
100062e2:	001e      	movs	r6, r3
100062e4:	0200      	lsls	r0, r0, #8
100062e6:	4282      	cmp	r2, r0
100062e8:	d827      	bhi.n	1000633a <tu_fifo_config+0x6a>
100062ea:	68e0      	ldr	r0, [r4, #12]
100062ec:	2800      	cmp	r0, #0
100062ee:	d003      	beq.n	100062f8 <tu_fifo_config+0x28>
100062f0:	2101      	movs	r1, #1
100062f2:	4249      	negs	r1, r1
100062f4:	f000 fae0 	bl	100068b8 <__mutex_enter_timeout_ms_veneer>
100062f8:	6920      	ldr	r0, [r4, #16]
100062fa:	2800      	cmp	r0, #0
100062fc:	d003      	beq.n	10006306 <tu_fifo_config+0x36>
100062fe:	2101      	movs	r1, #1
10006300:	4249      	negs	r1, r1
10006302:	f000 fad9 	bl	100068b8 <__mutex_enter_timeout_ms_veneer>
10006306:	4643      	mov	r3, r8
10006308:	6023      	str	r3, [r4, #0]
1000630a:	0473      	lsls	r3, r6, #17
1000630c:	0c5b      	lsrs	r3, r3, #17
1000630e:	03ed      	lsls	r5, r5, #15
10006310:	431d      	orrs	r5, r3
10006312:	2300      	movs	r3, #0
10006314:	68e0      	ldr	r0, [r4, #12]
10006316:	8163      	strh	r3, [r4, #10]
10006318:	80a7      	strh	r7, [r4, #4]
1000631a:	80e5      	strh	r5, [r4, #6]
1000631c:	8123      	strh	r3, [r4, #8]
1000631e:	2800      	cmp	r0, #0
10006320:	d001      	beq.n	10006326 <tu_fifo_config+0x56>
10006322:	f000 fa99 	bl	10006858 <__mutex_exit_veneer>
10006326:	6920      	ldr	r0, [r4, #16]
10006328:	2401      	movs	r4, #1
1000632a:	2800      	cmp	r0, #0
1000632c:	d001      	beq.n	10006332 <tu_fifo_config+0x62>
1000632e:	f000 fa93 	bl	10006858 <__mutex_exit_veneer>
10006332:	0020      	movs	r0, r4
10006334:	bc80      	pop	{r7}
10006336:	46b8      	mov	r8, r7
10006338:	bdf0      	pop	{r4, r5, r6, r7, pc}
1000633a:	2400      	movs	r4, #0
1000633c:	e7f9      	b.n	10006332 <tu_fifo_config+0x62>
1000633e:	46c0      	nop			; (mov r8, r8)

10006340 <tu_fifo_count>:
10006340:	b510      	push	{r4, lr}
10006342:	8904      	ldrh	r4, [r0, #8]
10006344:	8941      	ldrh	r1, [r0, #10]
10006346:	8882      	ldrh	r2, [r0, #4]
10006348:	b2a3      	uxth	r3, r4
1000634a:	b288      	uxth	r0, r1
1000634c:	428c      	cmp	r4, r1
1000634e:	d307      	bcc.n	10006360 <tu_fifo_count+0x20>
10006350:	1a1b      	subs	r3, r3, r0
10006352:	b29b      	uxth	r3, r3
10006354:	1c10      	adds	r0, r2, #0
10006356:	429a      	cmp	r2, r3
10006358:	d900      	bls.n	1000635c <tu_fifo_count+0x1c>
1000635a:	1c18      	adds	r0, r3, #0
1000635c:	b280      	uxth	r0, r0
1000635e:	bd10      	pop	{r4, pc}
10006360:	0051      	lsls	r1, r2, #1
10006362:	1a09      	subs	r1, r1, r0
10006364:	185b      	adds	r3, r3, r1
10006366:	b29b      	uxth	r3, r3
10006368:	e7f4      	b.n	10006354 <tu_fifo_count+0x14>
1000636a:	46c0      	nop			; (mov r8, r8)

1000636c <tu_fifo_empty>:
1000636c:	0003      	movs	r3, r0
1000636e:	8900      	ldrh	r0, [r0, #8]
10006370:	895b      	ldrh	r3, [r3, #10]
10006372:	1ac0      	subs	r0, r0, r3
10006374:	4243      	negs	r3, r0
10006376:	4158      	adcs	r0, r3
10006378:	b2c0      	uxtb	r0, r0
1000637a:	4770      	bx	lr

1000637c <tu_fifo_remaining>:
1000637c:	b510      	push	{r4, lr}
1000637e:	8904      	ldrh	r4, [r0, #8]
10006380:	8941      	ldrh	r1, [r0, #10]
10006382:	8882      	ldrh	r2, [r0, #4]
10006384:	b2a3      	uxth	r3, r4
10006386:	b288      	uxth	r0, r1
10006388:	428c      	cmp	r4, r1
1000638a:	d307      	bcc.n	1000639c <tu_fifo_remaining+0x20>
1000638c:	1a1b      	subs	r3, r3, r0
1000638e:	b29b      	uxth	r3, r3
10006390:	2000      	movs	r0, #0
10006392:	429a      	cmp	r2, r3
10006394:	d901      	bls.n	1000639a <tu_fifo_remaining+0x1e>
10006396:	1ad3      	subs	r3, r2, r3
10006398:	b298      	uxth	r0, r3
1000639a:	bd10      	pop	{r4, pc}
1000639c:	0051      	lsls	r1, r2, #1
1000639e:	1a09      	subs	r1, r1, r0
100063a0:	185b      	adds	r3, r3, r1
100063a2:	b29b      	uxth	r3, r3
100063a4:	e7f4      	b.n	10006390 <tu_fifo_remaining+0x14>
100063a6:	46c0      	nop			; (mov r8, r8)

100063a8 <tu_fifo_read>:
100063a8:	b570      	push	{r4, r5, r6, lr}
100063aa:	0004      	movs	r4, r0
100063ac:	6900      	ldr	r0, [r0, #16]
100063ae:	000e      	movs	r6, r1
100063b0:	2800      	cmp	r0, #0
100063b2:	d003      	beq.n	100063bc <tu_fifo_read+0x14>
100063b4:	2101      	movs	r1, #1
100063b6:	4249      	negs	r1, r1
100063b8:	f000 fa7e 	bl	100068b8 <__mutex_enter_timeout_ms_veneer>
100063bc:	8925      	ldrh	r5, [r4, #8]
100063be:	8960      	ldrh	r0, [r4, #10]
100063c0:	88a2      	ldrh	r2, [r4, #4]
100063c2:	b2a9      	uxth	r1, r5
100063c4:	b283      	uxth	r3, r0
100063c6:	4285      	cmp	r5, r0
100063c8:	d32c      	bcc.n	10006424 <tu_fifo_read+0x7c>
100063ca:	1acd      	subs	r5, r1, r3
100063cc:	b2ad      	uxth	r5, r5
100063ce:	2d00      	cmp	r5, #0
100063d0:	d02e      	beq.n	10006430 <tu_fifo_read+0x88>
100063d2:	42aa      	cmp	r2, r5
100063d4:	d208      	bcs.n	100063e8 <tu_fifo_read+0x40>
100063d6:	4291      	cmp	r1, r2
100063d8:	d331      	bcc.n	1000643e <tu_fifo_read+0x96>
100063da:	1a8b      	subs	r3, r1, r2
100063dc:	b29b      	uxth	r3, r3
100063de:	8163      	strh	r3, [r4, #10]
100063e0:	429a      	cmp	r2, r3
100063e2:	d803      	bhi.n	100063ec <tu_fifo_read+0x44>
100063e4:	1a9b      	subs	r3, r3, r2
100063e6:	b29b      	uxth	r3, r3
100063e8:	429a      	cmp	r2, r3
100063ea:	d9fb      	bls.n	100063e4 <tu_fifo_read+0x3c>
100063ec:	88e2      	ldrh	r2, [r4, #6]
100063ee:	6821      	ldr	r1, [r4, #0]
100063f0:	0452      	lsls	r2, r2, #17
100063f2:	0c52      	lsrs	r2, r2, #17
100063f4:	4353      	muls	r3, r2
100063f6:	0030      	movs	r0, r6
100063f8:	18c9      	adds	r1, r1, r3
100063fa:	f7fc f8df 	bl	100025bc <__wrap___aeabi_memcpy>
100063fe:	8961      	ldrh	r1, [r4, #10]
10006400:	2501      	movs	r5, #1
10006402:	1c4b      	adds	r3, r1, #1
10006404:	b29b      	uxth	r3, r3
10006406:	88a2      	ldrh	r2, [r4, #4]
10006408:	4299      	cmp	r1, r3
1000640a:	d914      	bls.n	10006436 <tu_fifo_read+0x8e>
1000640c:	2300      	movs	r3, #0
1000640e:	0052      	lsls	r2, r2, #1
10006410:	1a9b      	subs	r3, r3, r2
10006412:	b29b      	uxth	r3, r3
10006414:	6920      	ldr	r0, [r4, #16]
10006416:	8163      	strh	r3, [r4, #10]
10006418:	2800      	cmp	r0, #0
1000641a:	d001      	beq.n	10006420 <tu_fifo_read+0x78>
1000641c:	f000 fa1c 	bl	10006858 <__mutex_exit_veneer>
10006420:	0028      	movs	r0, r5
10006422:	bd70      	pop	{r4, r5, r6, pc}
10006424:	0055      	lsls	r5, r2, #1
10006426:	1aed      	subs	r5, r5, r3
10006428:	194d      	adds	r5, r1, r5
1000642a:	b2ad      	uxth	r5, r5
1000642c:	2d00      	cmp	r5, #0
1000642e:	d1d0      	bne.n	100063d2 <tu_fifo_read+0x2a>
10006430:	2500      	movs	r5, #0
10006432:	8963      	ldrh	r3, [r4, #10]
10006434:	b29b      	uxth	r3, r3
10006436:	0052      	lsls	r2, r2, #1
10006438:	4293      	cmp	r3, r2
1000643a:	dbeb      	blt.n	10006414 <tu_fifo_read+0x6c>
1000643c:	e7e8      	b.n	10006410 <tu_fifo_read+0x68>
1000643e:	1889      	adds	r1, r1, r2
10006440:	b28b      	uxth	r3, r1
10006442:	8163      	strh	r3, [r4, #10]
10006444:	e7cc      	b.n	100063e0 <tu_fifo_read+0x38>
10006446:	46c0      	nop			; (mov r8, r8)

10006448 <tu_fifo_read_n>:
10006448:	b5f0      	push	{r4, r5, r6, r7, lr}
1000644a:	4646      	mov	r6, r8
1000644c:	464f      	mov	r7, r9
1000644e:	46d6      	mov	lr, sl
10006450:	b5c0      	push	{r6, r7, lr}
10006452:	0006      	movs	r6, r0
10006454:	6900      	ldr	r0, [r0, #16]
10006456:	4689      	mov	r9, r1
10006458:	4690      	mov	r8, r2
1000645a:	2800      	cmp	r0, #0
1000645c:	d003      	beq.n	10006466 <tu_fifo_read_n+0x1e>
1000645e:	2101      	movs	r1, #1
10006460:	4249      	negs	r1, r1
10006462:	f000 fa29 	bl	100068b8 <__mutex_enter_timeout_ms_veneer>
10006466:	8931      	ldrh	r1, [r6, #8]
10006468:	8972      	ldrh	r2, [r6, #10]
1000646a:	88b5      	ldrh	r5, [r6, #4]
1000646c:	b28b      	uxth	r3, r1
1000646e:	b294      	uxth	r4, r2
10006470:	4291      	cmp	r1, r2
10006472:	d357      	bcc.n	10006524 <tu_fifo_read_n+0xdc>
10006474:	1b1f      	subs	r7, r3, r4
10006476:	b2bf      	uxth	r7, r7
10006478:	2f00      	cmp	r7, #0
1000647a:	d04d      	beq.n	10006518 <tu_fifo_read_n+0xd0>
1000647c:	42bd      	cmp	r5, r7
1000647e:	d205      	bcs.n	1000648c <tu_fifo_read_n+0x44>
10006480:	42ab      	cmp	r3, r5
10006482:	d254      	bcs.n	1000652e <tu_fifo_read_n+0xe6>
10006484:	195b      	adds	r3, r3, r5
10006486:	b29c      	uxth	r4, r3
10006488:	002f      	movs	r7, r5
1000648a:	8174      	strh	r4, [r6, #10]
1000648c:	4643      	mov	r3, r8
1000648e:	45b8      	cmp	r8, r7
10006490:	d840      	bhi.n	10006514 <tu_fifo_read_n+0xcc>
10006492:	b29f      	uxth	r7, r3
10006494:	42a5      	cmp	r5, r4
10006496:	d803      	bhi.n	100064a0 <tu_fifo_read_n+0x58>
10006498:	1b64      	subs	r4, r4, r5
1000649a:	b2a4      	uxth	r4, r4
1000649c:	42a5      	cmp	r5, r4
1000649e:	d9fb      	bls.n	10006498 <tu_fifo_read_n+0x50>
100064a0:	88f2      	ldrh	r2, [r6, #6]
100064a2:	1b28      	subs	r0, r5, r4
100064a4:	0452      	lsls	r2, r2, #17
100064a6:	0c53      	lsrs	r3, r2, #17
100064a8:	0019      	movs	r1, r3
100064aa:	4698      	mov	r8, r3
100064ac:	6833      	ldr	r3, [r6, #0]
100064ae:	4361      	muls	r1, r4
100064b0:	469c      	mov	ip, r3
100064b2:	b280      	uxth	r0, r0
100064b4:	4461      	add	r1, ip
100064b6:	4287      	cmp	r7, r0
100064b8:	d926      	bls.n	10006508 <tu_fifo_read_n+0xc0>
100064ba:	4643      	mov	r3, r8
100064bc:	4358      	muls	r0, r3
100064be:	b283      	uxth	r3, r0
100064c0:	001a      	movs	r2, r3
100064c2:	4648      	mov	r0, r9
100064c4:	469a      	mov	sl, r3
100064c6:	f7fc f879 	bl	100025bc <__wrap___aeabi_memcpy>
100064ca:	4643      	mov	r3, r8
100064cc:	4648      	mov	r0, r9
100064ce:	1b7d      	subs	r5, r7, r5
100064d0:	1964      	adds	r4, r4, r5
100064d2:	435c      	muls	r4, r3
100064d4:	6831      	ldr	r1, [r6, #0]
100064d6:	4450      	add	r0, sl
100064d8:	b2a2      	uxth	r2, r4
100064da:	f7fc f86f 	bl	100025bc <__wrap___aeabi_memcpy>
100064de:	8971      	ldrh	r1, [r6, #10]
100064e0:	88b5      	ldrh	r5, [r6, #4]
100064e2:	19cb      	adds	r3, r1, r7
100064e4:	b29b      	uxth	r3, r3
100064e6:	006a      	lsls	r2, r5, #1
100064e8:	4299      	cmp	r1, r3
100064ea:	d917      	bls.n	1000651c <tu_fifo_read_n+0xd4>
100064ec:	1a9b      	subs	r3, r3, r2
100064ee:	b29b      	uxth	r3, r3
100064f0:	6930      	ldr	r0, [r6, #16]
100064f2:	8173      	strh	r3, [r6, #10]
100064f4:	2800      	cmp	r0, #0
100064f6:	d001      	beq.n	100064fc <tu_fifo_read_n+0xb4>
100064f8:	f000 f9ae 	bl	10006858 <__mutex_exit_veneer>
100064fc:	0038      	movs	r0, r7
100064fe:	bce0      	pop	{r5, r6, r7}
10006500:	46ba      	mov	sl, r7
10006502:	46b1      	mov	r9, r6
10006504:	46a8      	mov	r8, r5
10006506:	bdf0      	pop	{r4, r5, r6, r7, pc}
10006508:	4642      	mov	r2, r8
1000650a:	4648      	mov	r0, r9
1000650c:	437a      	muls	r2, r7
1000650e:	f7fc f855 	bl	100025bc <__wrap___aeabi_memcpy>
10006512:	e7e4      	b.n	100064de <tu_fifo_read_n+0x96>
10006514:	1c3b      	adds	r3, r7, #0
10006516:	e7bc      	b.n	10006492 <tu_fifo_read_n+0x4a>
10006518:	8973      	ldrh	r3, [r6, #10]
1000651a:	b29b      	uxth	r3, r3
1000651c:	006a      	lsls	r2, r5, #1
1000651e:	4293      	cmp	r3, r2
10006520:	dbe6      	blt.n	100064f0 <tu_fifo_read_n+0xa8>
10006522:	e7e3      	b.n	100064ec <tu_fifo_read_n+0xa4>
10006524:	006f      	lsls	r7, r5, #1
10006526:	1b3f      	subs	r7, r7, r4
10006528:	19df      	adds	r7, r3, r7
1000652a:	b2bf      	uxth	r7, r7
1000652c:	e7a4      	b.n	10006478 <tu_fifo_read_n+0x30>
1000652e:	1b5b      	subs	r3, r3, r5
10006530:	b29c      	uxth	r4, r3
10006532:	e7a9      	b.n	10006488 <tu_fifo_read_n+0x40>

10006534 <tu_fifo_write>:
10006534:	b5f8      	push	{r3, r4, r5, r6, r7, lr}
10006536:	0004      	movs	r4, r0
10006538:	68c0      	ldr	r0, [r0, #12]
1000653a:	000e      	movs	r6, r1
1000653c:	2800      	cmp	r0, #0
1000653e:	d003      	beq.n	10006548 <tu_fifo_write+0x14>
10006540:	2101      	movs	r1, #1
10006542:	4249      	negs	r1, r1
10006544:	f000 f9b8 	bl	100068b8 <__mutex_enter_timeout_ms_veneer>
10006548:	8925      	ldrh	r5, [r4, #8]
1000654a:	8920      	ldrh	r0, [r4, #8]
1000654c:	8961      	ldrh	r1, [r4, #10]
1000654e:	88a2      	ldrh	r2, [r4, #4]
10006550:	b2ad      	uxth	r5, r5
10006552:	b283      	uxth	r3, r0
10006554:	b28f      	uxth	r7, r1
10006556:	4288      	cmp	r0, r1
10006558:	d328      	bcc.n	100065ac <tu_fifo_write+0x78>
1000655a:	1bdb      	subs	r3, r3, r7
1000655c:	b29b      	uxth	r3, r3
1000655e:	429a      	cmp	r2, r3
10006560:	d809      	bhi.n	10006576 <tu_fifo_write+0x42>
10006562:	79e7      	ldrb	r7, [r4, #7]
10006564:	09ff      	lsrs	r7, r7, #7
10006566:	d106      	bne.n	10006576 <tu_fifo_write+0x42>
10006568:	68e0      	ldr	r0, [r4, #12]
1000656a:	2800      	cmp	r0, #0
1000656c:	d001      	beq.n	10006572 <tu_fifo_write+0x3e>
1000656e:	f000 f973 	bl	10006858 <__mutex_exit_veneer>
10006572:	0038      	movs	r0, r7
10006574:	bdf8      	pop	{r3, r4, r5, r6, r7, pc}
10006576:	002b      	movs	r3, r5
10006578:	4295      	cmp	r5, r2
1000657a:	d303      	bcc.n	10006584 <tu_fifo_write+0x50>
1000657c:	1a9b      	subs	r3, r3, r2
1000657e:	b29b      	uxth	r3, r3
10006580:	4293      	cmp	r3, r2
10006582:	d2fb      	bcs.n	1000657c <tu_fifo_write+0x48>
10006584:	88e2      	ldrh	r2, [r4, #6]
10006586:	6821      	ldr	r1, [r4, #0]
10006588:	0452      	lsls	r2, r2, #17
1000658a:	0c52      	lsrs	r2, r2, #17
1000658c:	4353      	muls	r3, r2
1000658e:	18c8      	adds	r0, r1, r3
10006590:	0031      	movs	r1, r6
10006592:	f7fc f813 	bl	100025bc <__wrap___aeabi_memcpy>
10006596:	88a2      	ldrh	r2, [r4, #4]
10006598:	1c6b      	adds	r3, r5, #1
1000659a:	b29b      	uxth	r3, r3
1000659c:	0052      	lsls	r2, r2, #1
1000659e:	429d      	cmp	r5, r3
100065a0:	d909      	bls.n	100065b6 <tu_fifo_write+0x82>
100065a2:	1a9b      	subs	r3, r3, r2
100065a4:	b29b      	uxth	r3, r3
100065a6:	2701      	movs	r7, #1
100065a8:	8123      	strh	r3, [r4, #8]
100065aa:	e7dd      	b.n	10006568 <tu_fifo_write+0x34>
100065ac:	0051      	lsls	r1, r2, #1
100065ae:	1bc9      	subs	r1, r1, r7
100065b0:	185b      	adds	r3, r3, r1
100065b2:	b29b      	uxth	r3, r3
100065b4:	e7d3      	b.n	1000655e <tu_fifo_write+0x2a>
100065b6:	4293      	cmp	r3, r2
100065b8:	dbf5      	blt.n	100065a6 <tu_fifo_write+0x72>
100065ba:	e7f2      	b.n	100065a2 <tu_fifo_write+0x6e>

100065bc <tu_fifo_write_n>:
100065bc:	b5f0      	push	{r4, r5, r6, r7, lr}
100065be:	464e      	mov	r6, r9
100065c0:	4645      	mov	r5, r8
100065c2:	46de      	mov	lr, fp
100065c4:	4657      	mov	r7, sl
100065c6:	b5e0      	push	{r5, r6, r7, lr}
100065c8:	4689      	mov	r9, r1
100065ca:	0005      	movs	r5, r0
100065cc:	0014      	movs	r4, r2
100065ce:	b083      	sub	sp, #12
100065d0:	2a00      	cmp	r2, #0
100065d2:	d06e      	beq.n	100066b2 <tu_fifo_write_n+0xf6>
100065d4:	68c0      	ldr	r0, [r0, #12]
100065d6:	2800      	cmp	r0, #0
100065d8:	d003      	beq.n	100065e2 <tu_fifo_write_n+0x26>
100065da:	2101      	movs	r1, #1
100065dc:	4249      	negs	r1, r1
100065de:	f000 f96b 	bl	100068b8 <__mutex_enter_timeout_ms_veneer>
100065e2:	892f      	ldrh	r7, [r5, #8]
100065e4:	79ea      	ldrb	r2, [r5, #7]
100065e6:	896b      	ldrh	r3, [r5, #10]
100065e8:	b2bf      	uxth	r7, r7
100065ea:	b29b      	uxth	r3, r3
100065ec:	09d2      	lsrs	r2, r2, #7
100065ee:	d142      	bne.n	10006676 <tu_fifo_write_n+0xba>
100065f0:	88ae      	ldrh	r6, [r5, #4]
100065f2:	429f      	cmp	r7, r3
100065f4:	d267      	bcs.n	100066c6 <tu_fifo_write_n+0x10a>
100065f6:	0072      	lsls	r2, r6, #1
100065f8:	1ad3      	subs	r3, r2, r3
100065fa:	18fb      	adds	r3, r7, r3
100065fc:	b29b      	uxth	r3, r3
100065fe:	2200      	movs	r2, #0
10006600:	4690      	mov	r8, r2
10006602:	429e      	cmp	r6, r3
10006604:	d931      	bls.n	1000666a <tu_fifo_write_n+0xae>
10006606:	1af3      	subs	r3, r6, r3
10006608:	1c1a      	adds	r2, r3, #0
1000660a:	b29b      	uxth	r3, r3
1000660c:	42a3      	cmp	r3, r4
1000660e:	d900      	bls.n	10006612 <tu_fifo_write_n+0x56>
10006610:	1c22      	adds	r2, r4, #0
10006612:	b293      	uxth	r3, r2
10006614:	4698      	mov	r8, r3
10006616:	88e8      	ldrh	r0, [r5, #6]
10006618:	4643      	mov	r3, r8
1000661a:	19db      	adds	r3, r3, r7
1000661c:	b29b      	uxth	r3, r3
1000661e:	469b      	mov	fp, r3
10006620:	003c      	movs	r4, r7
10006622:	42be      	cmp	r6, r7
10006624:	d803      	bhi.n	1000662e <tu_fifo_write_n+0x72>
10006626:	1ba4      	subs	r4, r4, r6
10006628:	b2a4      	uxth	r4, r4
1000662a:	42b4      	cmp	r4, r6
1000662c:	d2fb      	bcs.n	10006626 <tu_fifo_write_n+0x6a>
1000662e:	0440      	lsls	r0, r0, #17
10006630:	0c43      	lsrs	r3, r0, #17
10006632:	0018      	movs	r0, r3
10006634:	469a      	mov	sl, r3
10006636:	682b      	ldr	r3, [r5, #0]
10006638:	4360      	muls	r0, r4
1000663a:	469c      	mov	ip, r3
1000663c:	1b31      	subs	r1, r6, r4
1000663e:	b289      	uxth	r1, r1
10006640:	4460      	add	r0, ip
10006642:	4541      	cmp	r1, r8
10006644:	d34e      	bcc.n	100066e4 <tu_fifo_write_n+0x128>
10006646:	4652      	mov	r2, sl
10006648:	4643      	mov	r3, r8
1000664a:	4649      	mov	r1, r9
1000664c:	435a      	muls	r2, r3
1000664e:	f7fb ffb5 	bl	100025bc <__wrap___aeabi_memcpy>
10006652:	88ab      	ldrh	r3, [r5, #4]
10006654:	005b      	lsls	r3, r3, #1
10006656:	45bb      	cmp	fp, r7
10006658:	d301      	bcc.n	1000665e <tu_fifo_write_n+0xa2>
1000665a:	459b      	cmp	fp, r3
1000665c:	db03      	blt.n	10006666 <tu_fifo_write_n+0xaa>
1000665e:	465a      	mov	r2, fp
10006660:	1ad3      	subs	r3, r2, r3
10006662:	b29b      	uxth	r3, r3
10006664:	469b      	mov	fp, r3
10006666:	465b      	mov	r3, fp
10006668:	812b      	strh	r3, [r5, #8]
1000666a:	68e8      	ldr	r0, [r5, #12]
1000666c:	2800      	cmp	r0, #0
1000666e:	d022      	beq.n	100066b6 <tu_fifo_write_n+0xfa>
10006670:	f000 f8f2 	bl	10006858 <__mutex_exit_veneer>
10006674:	e01f      	b.n	100066b6 <tu_fifo_write_n+0xfa>
10006676:	88aa      	ldrh	r2, [r5, #4]
10006678:	4690      	mov	r8, r2
1000667a:	4294      	cmp	r4, r2
1000667c:	d226      	bcs.n	100066cc <tu_fifo_write_n+0x110>
1000667e:	429f      	cmp	r7, r3
10006680:	d344      	bcc.n	1000670c <tu_fifo_write_n+0x150>
10006682:	4641      	mov	r1, r8
10006684:	1afa      	subs	r2, r7, r3
10006686:	b292      	uxth	r2, r2
10006688:	0049      	lsls	r1, r1, #1
1000668a:	1912      	adds	r2, r2, r4
1000668c:	428a      	cmp	r2, r1
1000668e:	db09      	blt.n	100066a4 <tu_fifo_write_n+0xe8>
10006690:	4642      	mov	r2, r8
10006692:	189a      	adds	r2, r3, r2
10006694:	b292      	uxth	r2, r2
10006696:	1b17      	subs	r7, r2, r4
10006698:	b2bf      	uxth	r7, r7
1000669a:	4693      	mov	fp, r2
1000669c:	42bb      	cmp	r3, r7
1000669e:	d93a      	bls.n	10006716 <tu_fifo_write_n+0x15a>
100066a0:	1a7f      	subs	r7, r7, r1
100066a2:	b2bf      	uxth	r7, r7
100066a4:	19e3      	adds	r3, r4, r7
100066a6:	b29b      	uxth	r3, r3
100066a8:	4646      	mov	r6, r8
100066aa:	469b      	mov	fp, r3
100066ac:	46a0      	mov	r8, r4
100066ae:	88e8      	ldrh	r0, [r5, #6]
100066b0:	e7b6      	b.n	10006620 <tu_fifo_write_n+0x64>
100066b2:	2300      	movs	r3, #0
100066b4:	4698      	mov	r8, r3
100066b6:	4640      	mov	r0, r8
100066b8:	b003      	add	sp, #12
100066ba:	bcf0      	pop	{r4, r5, r6, r7}
100066bc:	46bb      	mov	fp, r7
100066be:	46b2      	mov	sl, r6
100066c0:	46a9      	mov	r9, r5
100066c2:	46a0      	mov	r8, r4
100066c4:	bdf0      	pop	{r4, r5, r6, r7, pc}
100066c6:	1afb      	subs	r3, r7, r3
100066c8:	b29b      	uxth	r3, r3
100066ca:	e798      	b.n	100065fe <tu_fifo_write_n+0x42>
100066cc:	88e8      	ldrh	r0, [r5, #6]
100066ce:	1aa2      	subs	r2, r4, r2
100066d0:	0444      	lsls	r4, r0, #17
100066d2:	0c64      	lsrs	r4, r4, #17
100066d4:	4354      	muls	r4, r2
100066d6:	4642      	mov	r2, r8
100066d8:	44a1      	add	r9, r4
100066da:	2a00      	cmp	r2, #0
100066dc:	d0c5      	beq.n	1000666a <tu_fifo_write_n+0xae>
100066de:	4646      	mov	r6, r8
100066e0:	001f      	movs	r7, r3
100066e2:	e799      	b.n	10006618 <tu_fifo_write_n+0x5c>
100066e4:	4653      	mov	r3, sl
100066e6:	4359      	muls	r1, r3
100066e8:	b289      	uxth	r1, r1
100066ea:	000a      	movs	r2, r1
100066ec:	9101      	str	r1, [sp, #4]
100066ee:	4649      	mov	r1, r9
100066f0:	f7fb ff64 	bl	100025bc <__wrap___aeabi_memcpy>
100066f4:	4643      	mov	r3, r8
100066f6:	1b9a      	subs	r2, r3, r6
100066f8:	4653      	mov	r3, sl
100066fa:	18a2      	adds	r2, r4, r2
100066fc:	435a      	muls	r2, r3
100066fe:	9901      	ldr	r1, [sp, #4]
10006700:	6828      	ldr	r0, [r5, #0]
10006702:	b292      	uxth	r2, r2
10006704:	4449      	add	r1, r9
10006706:	f7fb ff59 	bl	100025bc <__wrap___aeabi_memcpy>
1000670a:	e7a2      	b.n	10006652 <tu_fifo_write_n+0x96>
1000670c:	0051      	lsls	r1, r2, #1
1000670e:	1aca      	subs	r2, r1, r3
10006710:	18ba      	adds	r2, r7, r2
10006712:	b292      	uxth	r2, r2
10006714:	e7b9      	b.n	1000668a <tu_fifo_write_n+0xce>
10006716:	42b9      	cmp	r1, r7
10006718:	ddc2      	ble.n	100066a0 <tu_fifo_write_n+0xe4>
1000671a:	4646      	mov	r6, r8
1000671c:	88e8      	ldrh	r0, [r5, #6]
1000671e:	46a0      	mov	r8, r4
10006720:	e77e      	b.n	10006620 <tu_fifo_write_n+0x64>
10006722:	46c0      	nop			; (mov r8, r8)

10006724 <tu_fifo_clear>:
10006724:	b510      	push	{r4, lr}
10006726:	0004      	movs	r4, r0
10006728:	68c0      	ldr	r0, [r0, #12]
1000672a:	2800      	cmp	r0, #0
1000672c:	d003      	beq.n	10006736 <tu_fifo_clear+0x12>
1000672e:	2101      	movs	r1, #1
10006730:	4249      	negs	r1, r1
10006732:	f000 f8c1 	bl	100068b8 <__mutex_enter_timeout_ms_veneer>
10006736:	6920      	ldr	r0, [r4, #16]
10006738:	2800      	cmp	r0, #0
1000673a:	d003      	beq.n	10006744 <tu_fifo_clear+0x20>
1000673c:	2101      	movs	r1, #1
1000673e:	4249      	negs	r1, r1
10006740:	f000 f8ba 	bl	100068b8 <__mutex_enter_timeout_ms_veneer>
10006744:	2300      	movs	r3, #0
10006746:	68e0      	ldr	r0, [r4, #12]
10006748:	8163      	strh	r3, [r4, #10]
1000674a:	8123      	strh	r3, [r4, #8]
1000674c:	2800      	cmp	r0, #0
1000674e:	d001      	beq.n	10006754 <tu_fifo_clear+0x30>
10006750:	f000 f882 	bl	10006858 <__mutex_exit_veneer>
10006754:	6920      	ldr	r0, [r4, #16]
10006756:	2800      	cmp	r0, #0
10006758:	d001      	beq.n	1000675e <tu_fifo_clear+0x3a>
1000675a:	f000 f87d 	bl	10006858 <__mutex_exit_veneer>
1000675e:	2001      	movs	r0, #1
10006760:	bd10      	pop	{r4, pc}
10006762:	46c0      	nop			; (mov r8, r8)

10006764 <tu_fifo_set_overwritable>:
10006764:	b570      	push	{r4, r5, r6, lr}
10006766:	0004      	movs	r4, r0
10006768:	68c0      	ldr	r0, [r0, #12]
1000676a:	000d      	movs	r5, r1
1000676c:	2800      	cmp	r0, #0
1000676e:	d003      	beq.n	10006778 <tu_fifo_set_overwritable+0x14>
10006770:	2101      	movs	r1, #1
10006772:	4249      	negs	r1, r1
10006774:	f000 f8a0 	bl	100068b8 <__mutex_enter_timeout_ms_veneer>
10006778:	6920      	ldr	r0, [r4, #16]
1000677a:	2800      	cmp	r0, #0
1000677c:	d003      	beq.n	10006786 <tu_fifo_set_overwritable+0x22>
1000677e:	2101      	movs	r1, #1
10006780:	4249      	negs	r1, r1
10006782:	f000 f899 	bl	100068b8 <__mutex_enter_timeout_ms_veneer>
10006786:	217f      	movs	r1, #127	; 0x7f
10006788:	79e3      	ldrb	r3, [r4, #7]
1000678a:	01ed      	lsls	r5, r5, #7
1000678c:	4019      	ands	r1, r3
1000678e:	68e0      	ldr	r0, [r4, #12]
10006790:	4329      	orrs	r1, r5
10006792:	71e1      	strb	r1, [r4, #7]
10006794:	2800      	cmp	r0, #0
10006796:	d001      	beq.n	1000679c <tu_fifo_set_overwritable+0x38>
10006798:	f000 f85e 	bl	10006858 <__mutex_exit_veneer>
1000679c:	6920      	ldr	r0, [r4, #16]
1000679e:	2800      	cmp	r0, #0
100067a0:	d001      	beq.n	100067a6 <tu_fifo_set_overwritable+0x42>
100067a2:	f000 f859 	bl	10006858 <__mutex_exit_veneer>
100067a6:	2001      	movs	r0, #1
100067a8:	bd70      	pop	{r4, r5, r6, pc}
100067aa:	46c0      	nop			; (mov r8, r8)

100067ac <adc_init>:
100067ac:	2301      	movs	r3, #1
100067ae:	2101      	movs	r1, #1
100067b0:	4a08      	ldr	r2, [pc, #32]	; (100067d4 <adc_init+0x28>)
100067b2:	6013      	str	r3, [r2, #0]
100067b4:	4a08      	ldr	r2, [pc, #32]	; (100067d8 <adc_init+0x2c>)
100067b6:	6013      	str	r3, [r2, #0]
100067b8:	4a08      	ldr	r2, [pc, #32]	; (100067dc <adc_init+0x30>)
100067ba:	0008      	movs	r0, r1
100067bc:	6813      	ldr	r3, [r2, #0]
100067be:	4398      	bics	r0, r3
100067c0:	d1fb      	bne.n	100067ba <adc_init+0xe>
100067c2:	4a07      	ldr	r2, [pc, #28]	; (100067e0 <adc_init+0x34>)
100067c4:	6011      	str	r1, [r2, #0]
100067c6:	2180      	movs	r1, #128	; 0x80
100067c8:	0049      	lsls	r1, r1, #1
100067ca:	6813      	ldr	r3, [r2, #0]
100067cc:	420b      	tst	r3, r1
100067ce:	d0fc      	beq.n	100067ca <adc_init+0x1e>
100067d0:	4770      	bx	lr
100067d2:	46c0      	nop			; (mov r8, r8)
100067d4:	4000e000 	.word	0x4000e000
100067d8:	4000f000 	.word	0x4000f000
100067dc:	4000c008 	.word	0x4000c008
100067e0:	4004c000 	.word	0x4004c000

100067e4 <strlen>:
100067e4:	b510      	push	{r4, lr}
100067e6:	0783      	lsls	r3, r0, #30
100067e8:	d00a      	beq.n	10006800 <strlen+0x1c>
100067ea:	0003      	movs	r3, r0
100067ec:	2103      	movs	r1, #3
100067ee:	e002      	b.n	100067f6 <strlen+0x12>
100067f0:	3301      	adds	r3, #1
100067f2:	420b      	tst	r3, r1
100067f4:	d005      	beq.n	10006802 <strlen+0x1e>
100067f6:	781a      	ldrb	r2, [r3, #0]
100067f8:	2a00      	cmp	r2, #0
100067fa:	d1f9      	bne.n	100067f0 <strlen+0xc>
100067fc:	1a18      	subs	r0, r3, r0
100067fe:	bd10      	pop	{r4, pc}
10006800:	0003      	movs	r3, r0
10006802:	6819      	ldr	r1, [r3, #0]
10006804:	4a0c      	ldr	r2, [pc, #48]	; (10006838 <strlen+0x54>)
10006806:	4c0d      	ldr	r4, [pc, #52]	; (1000683c <strlen+0x58>)
10006808:	188a      	adds	r2, r1, r2
1000680a:	438a      	bics	r2, r1
1000680c:	4222      	tst	r2, r4
1000680e:	d10f      	bne.n	10006830 <strlen+0x4c>
10006810:	6859      	ldr	r1, [r3, #4]
10006812:	4a09      	ldr	r2, [pc, #36]	; (10006838 <strlen+0x54>)
10006814:	3304      	adds	r3, #4
10006816:	188a      	adds	r2, r1, r2
10006818:	438a      	bics	r2, r1
1000681a:	4222      	tst	r2, r4
1000681c:	d108      	bne.n	10006830 <strlen+0x4c>
1000681e:	6859      	ldr	r1, [r3, #4]
10006820:	4a05      	ldr	r2, [pc, #20]	; (10006838 <strlen+0x54>)
10006822:	3304      	adds	r3, #4
10006824:	188a      	adds	r2, r1, r2
10006826:	438a      	bics	r2, r1
10006828:	4222      	tst	r2, r4
1000682a:	d0f1      	beq.n	10006810 <strlen+0x2c>
1000682c:	e000      	b.n	10006830 <strlen+0x4c>
1000682e:	3301      	adds	r3, #1
10006830:	781a      	ldrb	r2, [r3, #0]
10006832:	2a00      	cmp	r2, #0
10006834:	d1fb      	bne.n	1000682e <strlen+0x4a>
10006836:	e7e1      	b.n	100067fc <strlen+0x18>
10006838:	fefefeff 	.word	0xfefefeff
1000683c:	80808080 	.word	0x80808080

10006840 <_fini>:
10006840:	b5f8      	push	{r3, r4, r5, r6, r7, lr}
10006842:	46c0      	nop			; (mov r8, r8)
10006844:	0000      	movs	r0, r0
	...

10006848 <__flash_do_cmd_veneer>:
10006848:	b401      	push	{r0}
1000684a:	4802      	ldr	r0, [pc, #8]	; (10006854 <__flash_do_cmd_veneer+0xc>)
1000684c:	4684      	mov	ip, r0
1000684e:	bc01      	pop	{r0}
10006850:	4760      	bx	ip
10006852:	bf00      	nop
10006854:	200002d1 	.word	0x200002d1

10006858 <__mutex_exit_veneer>:
10006858:	b401      	push	{r0}
1000685a:	4802      	ldr	r0, [pc, #8]	; (10006864 <__mutex_exit_veneer+0xc>)
1000685c:	4684      	mov	ip, r0
1000685e:	bc01      	pop	{r0}
10006860:	4760      	bx	ip
10006862:	bf00      	nop
10006864:	20000231 	.word	0x20000231

10006868 <____aeabi_ldiv0_veneer>:
10006868:	b401      	push	{r0}
1000686a:	4802      	ldr	r0, [pc, #8]	; (10006874 <____aeabi_ldiv0_veneer+0xc>)
1000686c:	4684      	mov	ip, r0
1000686e:	bc01      	pop	{r0}
10006870:	4760      	bx	ip
10006872:	bf00      	nop
10006874:	20000f3d 	.word	0x20000f3d

10006878 <__reset_non_control_endpoints_veneer>:
10006878:	b401      	push	{r0}
1000687a:	4802      	ldr	r0, [pc, #8]	; (10006884 <__reset_non_control_endpoints_veneer+0xc>)
1000687c:	4684      	mov	ip, r0
1000687e:	bc01      	pop	{r0}
10006880:	4760      	bx	ip
10006882:	bf00      	nop
10006884:	20000395 	.word	0x20000395

10006888 <____aeabi_idiv0_veneer>:
10006888:	b401      	push	{r0}
1000688a:	4802      	ldr	r0, [pc, #8]	; (10006894 <____aeabi_idiv0_veneer+0xc>)
1000688c:	4684      	mov	ip, r0
1000688e:	bc01      	pop	{r0}
10006890:	4760      	bx	ip
10006892:	bf00      	nop
10006894:	20000f3d 	.word	0x20000f3d

10006898 <__mutex_try_enter_veneer>:
10006898:	b401      	push	{r0}
1000689a:	4802      	ldr	r0, [pc, #8]	; (100068a4 <__mutex_try_enter_veneer+0xc>)
1000689c:	4684      	mov	ip, r0
1000689e:	bc01      	pop	{r0}
100068a0:	4760      	bx	ip
100068a2:	bf00      	nop
100068a4:	200000c1 	.word	0x200000c1

100068a8 <__e15_is_bulkin_ep_veneer>:
100068a8:	b401      	push	{r0}
100068aa:	4802      	ldr	r0, [pc, #8]	; (100068b4 <__e15_is_bulkin_ep_veneer+0xc>)
100068ac:	4684      	mov	ip, r0
100068ae:	bc01      	pop	{r0}
100068b0:	4760      	bx	ip
100068b2:	bf00      	nop
100068b4:	20000be9 	.word	0x20000be9

100068b8 <__mutex_enter_timeout_ms_veneer>:
100068b8:	b401      	push	{r0}
100068ba:	4802      	ldr	r0, [pc, #8]	; (100068c4 <__mutex_enter_timeout_ms_veneer+0xc>)
100068bc:	4684      	mov	ip, r0
100068be:	bc01      	pop	{r0}
100068c0:	4760      	bx	ip
100068c2:	bf00      	nop
100068c4:	200001a1 	.word	0x200001a1

100068c8 <__e15_is_critical_frame_period_veneer>:
100068c8:	b401      	push	{r0}
100068ca:	4802      	ldr	r0, [pc, #8]	; (100068d4 <__e15_is_critical_frame_period_veneer+0xc>)
100068cc:	4684      	mov	ip, r0
100068ce:	bc01      	pop	{r0}
100068d0:	4760      	bx	ip
100068d2:	bf00      	nop
100068d4:	20000c11 	.word	0x20000c11

100068d8 <__mutex_try_enter_block_until_veneer>:
100068d8:	b401      	push	{r0}
100068da:	4802      	ldr	r0, [pc, #8]	; (100068e4 <__mutex_try_enter_block_until_veneer+0xc>)
100068dc:	4684      	mov	ip, r0
100068de:	bc01      	pop	{r0}
100068e0:	4760      	bx	ip
100068e2:	bf00      	nop
100068e4:	20000105 	.word	0x20000105

100068e8 <__hw_endpoint_start_next_buffer_veneer>:
100068e8:	b401      	push	{r0}
100068ea:	4802      	ldr	r0, [pc, #8]	; (100068f4 <__hw_endpoint_start_next_buffer_veneer+0xc>)
100068ec:	4684      	mov	ip, r0
100068ee:	bc01      	pop	{r0}
100068f0:	4760      	bx	ip
100068f2:	bf00      	nop
100068f4:	20000ca1 	.word	0x20000ca1

100068f8 <__hw_endpoint_reset_transfer_veneer>:
100068f8:	b401      	push	{r0}
100068fa:	4802      	ldr	r0, [pc, #8]	; (10006904 <__hw_endpoint_reset_transfer_veneer+0xc>)
100068fc:	4684      	mov	ip, r0
100068fe:	bc01      	pop	{r0}
10006900:	4760      	bx	ip
10006902:	bf00      	nop
10006904:	20000c45 	.word	0x20000c45

10006908 <___hw_endpoint_buffer_control_update32_veneer>:
10006908:	b401      	push	{r0}
1000690a:	4802      	ldr	r0, [pc, #8]	; (10006914 <___hw_endpoint_buffer_control_update32_veneer+0xc>)
1000690c:	4684      	mov	ip, r0
1000690e:	bc01      	pop	{r0}
10006910:	4760      	bx	ip
10006912:	bf00      	nop
10006914:	20000c51 	.word	0x20000c51

10006918 <__pre_init_runtime_init_early_resets>:
10006918:	100016c1                                ....

1000691c <__pre_init_runtime_init_usb_power_down>:
1000691c:	100016ed 10001839 100025a1 10001edd     ....9....%......
1000692c:	10002511                                .%..

10006930 <__pre_init_runtime_init_clocks>:
10006930:	10001761                                a...

10006934 <__pre_init_runtime_init_post_clock_resets>:
10006934:	10001709                                ....

10006938 <__pre_init_runtime_init_rp2040_gpio_ie_disable>:
10006938:	10001729                                )...

1000693c <__pre_init_runtime_init_spin_locks_reset>:
1000693c:	1000173d                                =...

10006940 <__pre_init_runtime_init_mutex>:
10006940:	10000991                                ....

10006944 <__pre_init_runtime_init_install_ram_vector_table>:
10006944:	10001745                                E...

10006948 <__pre_init_runtime_init_default_alarm_pool>:
10006948:	10000d71                                q...

1000694c <__pre_init_first_per_core_initializer>:
1000694c:	10001689                                ....

10006950 <__pre_init_runtime_init_per_core_irq_priorities>:
10006950:	100005d5                                ....

10006954 <__frame_dummy_init_array_entry>:
10006954:	100002fd 10004595                       .....E..

Disassembly of section .data:

200000c0 <mutex_try_enter>:
200000c0:	0003      	movs	r3, r0
200000c2:	6800      	ldr	r0, [r0, #0]
200000c4:	f3ef 8c10 	mrs	ip, PRIMASK
200000c8:	b672      	cpsid	i
200000ca:	6802      	ldr	r2, [r0, #0]
200000cc:	2a00      	cmp	r2, #0
200000ce:	d0fc      	beq.n	200000ca <mutex_try_enter+0xa>
200000d0:	f3bf 8f5f 	dmb	sy
200000d4:	2204      	movs	r2, #4
200000d6:	569a      	ldrsb	r2, [r3, r2]
200000d8:	2a00      	cmp	r2, #0
200000da:	db0b      	blt.n	200000f4 <mutex_try_enter+0x34>
200000dc:	2900      	cmp	r1, #0
200000de:	d00f      	beq.n	20000100 <mutex_try_enter+0x40>
200000e0:	2000      	movs	r0, #0
200000e2:	600a      	str	r2, [r1, #0]
200000e4:	681b      	ldr	r3, [r3, #0]
200000e6:	f3bf 8f5f 	dmb	sy
200000ea:	2200      	movs	r2, #0
200000ec:	601a      	str	r2, [r3, #0]
200000ee:	f38c 8810 	msr	PRIMASK, ip
200000f2:	4770      	bx	lr
200000f4:	22d0      	movs	r2, #208	; 0xd0
200000f6:	0612      	lsls	r2, r2, #24
200000f8:	6812      	ldr	r2, [r2, #0]
200000fa:	2001      	movs	r0, #1
200000fc:	711a      	strb	r2, [r3, #4]
200000fe:	e7f1      	b.n	200000e4 <mutex_try_enter+0x24>
20000100:	2000      	movs	r0, #0
20000102:	e7ef      	b.n	200000e4 <mutex_try_enter+0x24>

20000104 <mutex_try_enter_block_until>:
20000104:	b5f0      	push	{r4, r5, r6, r7, lr}
20000106:	46c6      	mov	lr, r8
20000108:	0015      	movs	r5, r2
2000010a:	b500      	push	{lr}
2000010c:	0004      	movs	r4, r0
2000010e:	001e      	movs	r6, r3
20000110:	6802      	ldr	r2, [r0, #0]
20000112:	f3ef 8110 	mrs	r1, PRIMASK
20000116:	b672      	cpsid	i
20000118:	6813      	ldr	r3, [r2, #0]
2000011a:	2b00      	cmp	r3, #0
2000011c:	d0fc      	beq.n	20000118 <mutex_try_enter_block_until+0x14>
2000011e:	f3bf 8f5f 	dmb	sy
20000122:	2304      	movs	r3, #4
20000124:	56e3      	ldrsb	r3, [r4, r3]
20000126:	2b00      	cmp	r3, #0
20000128:	db2d      	blt.n	20000186 <mutex_try_enter_block_until+0x82>
2000012a:	6822      	ldr	r2, [r4, #0]
2000012c:	f3bf 8f5f 	dmb	sy
20000130:	2000      	movs	r0, #0
20000132:	6010      	str	r0, [r2, #0]
20000134:	f381 8810 	msr	PRIMASK, r1
20000138:	22d0      	movs	r2, #208	; 0xd0
2000013a:	0612      	lsls	r2, r2, #24
2000013c:	7812      	ldrb	r2, [r2, #0]
2000013e:	b252      	sxtb	r2, r2
20000140:	4690      	mov	r8, r2
20000142:	429a      	cmp	r2, r3
20000144:	d103      	bne.n	2000014e <mutex_try_enter_block_until+0x4a>
20000146:	2000      	movs	r0, #0
20000148:	bc80      	pop	{r7}
2000014a:	46b8      	mov	r8, r7
2000014c:	bdf0      	pop	{r4, r5, r6, r7, pc}
2000014e:	2700      	movs	r7, #0
20000150:	e00b      	b.n	2000016a <mutex_try_enter_block_until+0x66>
20000152:	6823      	ldr	r3, [r4, #0]
20000154:	f3bf 8f5f 	dmb	sy
20000158:	601f      	str	r7, [r3, #0]
2000015a:	f381 8810 	msr	PRIMASK, r1
2000015e:	0028      	movs	r0, r5
20000160:	0031      	movs	r1, r6
20000162:	f000 ff05 	bl	20000f70 <__best_effort_wfe_or_timeout_veneer>
20000166:	2800      	cmp	r0, #0
20000168:	d1ed      	bne.n	20000146 <mutex_try_enter_block_until+0x42>
2000016a:	6822      	ldr	r2, [r4, #0]
2000016c:	f3ef 8110 	mrs	r1, PRIMASK
20000170:	b672      	cpsid	i
20000172:	6813      	ldr	r3, [r2, #0]
20000174:	2b00      	cmp	r3, #0
20000176:	d0fc      	beq.n	20000172 <mutex_try_enter_block_until+0x6e>
20000178:	f3bf 8f5f 	dmb	sy
2000017c:	7923      	ldrb	r3, [r4, #4]
2000017e:	2b7f      	cmp	r3, #127	; 0x7f
20000180:	d9e7      	bls.n	20000152 <mutex_try_enter_block_until+0x4e>
20000182:	4643      	mov	r3, r8
20000184:	e002      	b.n	2000018c <mutex_try_enter_block_until+0x88>
20000186:	23d0      	movs	r3, #208	; 0xd0
20000188:	061b      	lsls	r3, r3, #24
2000018a:	681b      	ldr	r3, [r3, #0]
2000018c:	7123      	strb	r3, [r4, #4]
2000018e:	6823      	ldr	r3, [r4, #0]
20000190:	f3bf 8f5f 	dmb	sy
20000194:	2200      	movs	r2, #0
20000196:	601a      	str	r2, [r3, #0]
20000198:	f381 8810 	msr	PRIMASK, r1
2000019c:	2001      	movs	r0, #1
2000019e:	e7d3      	b.n	20000148 <mutex_try_enter_block_until+0x44>

200001a0 <mutex_enter_timeout_ms>:
200001a0:	b5f0      	push	{r4, r5, r6, r7, lr}
200001a2:	46c6      	mov	lr, r8
200001a4:	b500      	push	{lr}
200001a6:	000d      	movs	r5, r1
200001a8:	0004      	movs	r4, r0
200001aa:	f000 fee9 	bl	20000f80 <__time_us_64_veneer>
200001ae:	22fa      	movs	r2, #250	; 0xfa
200001b0:	0006      	movs	r6, r0
200001b2:	000f      	movs	r7, r1
200001b4:	2300      	movs	r3, #0
200001b6:	0028      	movs	r0, r5
200001b8:	2100      	movs	r1, #0
200001ba:	0092      	lsls	r2, r2, #2
200001bc:	f000 fec0 	bl	20000f40 <____wrap___aeabi_lmul_veneer>
200001c0:	1836      	adds	r6, r6, r0
200001c2:	414f      	adcs	r7, r1
200001c4:	2f00      	cmp	r7, #0
200001c6:	db2c      	blt.n	20000222 <mutex_enter_timeout_ms+0x82>
200001c8:	23d0      	movs	r3, #208	; 0xd0
200001ca:	061b      	lsls	r3, r3, #24
200001cc:	681b      	ldr	r3, [r3, #0]
200001ce:	2500      	movs	r5, #0
200001d0:	4698      	mov	r8, r3
200001d2:	e00b      	b.n	200001ec <mutex_enter_timeout_ms+0x4c>
200001d4:	6823      	ldr	r3, [r4, #0]
200001d6:	f3bf 8f5f 	dmb	sy
200001da:	601d      	str	r5, [r3, #0]
200001dc:	f381 8810 	msr	PRIMASK, r1
200001e0:	0030      	movs	r0, r6
200001e2:	0039      	movs	r1, r7
200001e4:	f000 fec4 	bl	20000f70 <__best_effort_wfe_or_timeout_veneer>
200001e8:	2800      	cmp	r0, #0
200001ea:	d118      	bne.n	2000021e <mutex_enter_timeout_ms+0x7e>
200001ec:	6822      	ldr	r2, [r4, #0]
200001ee:	f3ef 8110 	mrs	r1, PRIMASK
200001f2:	b672      	cpsid	i
200001f4:	6813      	ldr	r3, [r2, #0]
200001f6:	2b00      	cmp	r3, #0
200001f8:	d0fc      	beq.n	200001f4 <mutex_enter_timeout_ms+0x54>
200001fa:	f3bf 8f5f 	dmb	sy
200001fe:	7923      	ldrb	r3, [r4, #4]
20000200:	2b7f      	cmp	r3, #127	; 0x7f
20000202:	d9e7      	bls.n	200001d4 <mutex_enter_timeout_ms+0x34>
20000204:	4643      	mov	r3, r8
20000206:	7123      	strb	r3, [r4, #4]
20000208:	6823      	ldr	r3, [r4, #0]
2000020a:	f3bf 8f5f 	dmb	sy
2000020e:	2200      	movs	r2, #0
20000210:	601a      	str	r2, [r3, #0]
20000212:	f381 8810 	msr	PRIMASK, r1
20000216:	2001      	movs	r0, #1
20000218:	bc80      	pop	{r7}
2000021a:	46b8      	mov	r8, r7
2000021c:	bdf0      	pop	{r4, r5, r6, r7, pc}
2000021e:	2000      	movs	r0, #0
20000220:	e7fa      	b.n	20000218 <mutex_enter_timeout_ms+0x78>
20000222:	2601      	movs	r6, #1
20000224:	4f01      	ldr	r7, [pc, #4]	; (2000022c <mutex_enter_timeout_ms+0x8c>)
20000226:	4276      	negs	r6, r6
20000228:	e7ce      	b.n	200001c8 <mutex_enter_timeout_ms+0x28>
2000022a:	46c0      	nop			; (mov r8, r8)
2000022c:	7fffffff 	.word	0x7fffffff

20000230 <mutex_exit>:
20000230:	6802      	ldr	r2, [r0, #0]
20000232:	f3ef 8110 	mrs	r1, PRIMASK
20000236:	b672      	cpsid	i
20000238:	6813      	ldr	r3, [r2, #0]
2000023a:	2b00      	cmp	r3, #0
2000023c:	d0fc      	beq.n	20000238 <mutex_exit+0x8>
2000023e:	f3bf 8f5f 	dmb	sy
20000242:	23ff      	movs	r3, #255	; 0xff
20000244:	7103      	strb	r3, [r0, #4]
20000246:	6803      	ldr	r3, [r0, #0]
20000248:	f3bf 8f5f 	dmb	sy
2000024c:	2200      	movs	r2, #0
2000024e:	601a      	str	r2, [r3, #0]
20000250:	f381 8810 	msr	PRIMASK, r1
20000254:	bf40      	sev
20000256:	4770      	bx	lr

20000258 <flash_init_boot2_copyout>:
20000258:	b510      	push	{r4, lr}
2000025a:	4c08      	ldr	r4, [pc, #32]	; (2000027c <flash_init_boot2_copyout+0x24>)
2000025c:	7823      	ldrb	r3, [r4, #0]
2000025e:	2b00      	cmp	r3, #0
20000260:	d10a      	bne.n	20000278 <flash_init_boot2_copyout+0x20>
20000262:	2380      	movs	r3, #128	; 0x80
20000264:	4806      	ldr	r0, [pc, #24]	; (20000280 <flash_init_boot2_copyout+0x28>)
20000266:	4907      	ldr	r1, [pc, #28]	; (20000284 <flash_init_boot2_copyout+0x2c>)
20000268:	055b      	lsls	r3, r3, #21
2000026a:	681a      	ldr	r2, [r3, #0]
2000026c:	50c2      	str	r2, [r0, r3]
2000026e:	3304      	adds	r3, #4
20000270:	428b      	cmp	r3, r1
20000272:	d1fa      	bne.n	2000026a <flash_init_boot2_copyout+0x12>
20000274:	2301      	movs	r3, #1
20000276:	7023      	strb	r3, [r4, #0]
20000278:	bd10      	pop	{r4, pc}
2000027a:	46c0      	nop			; (mov r8, r8)
2000027c:	20001f88 	.word	0x20001f88
20000280:	100019cc 	.word	0x100019cc
20000284:	10000100 	.word	0x10000100

20000288 <flash_enable_xip_via_boot2>:
20000288:	b510      	push	{r4, lr}
2000028a:	4b02      	ldr	r3, [pc, #8]	; (20000294 <flash_enable_xip_via_boot2+0xc>)
2000028c:	3301      	adds	r3, #1
2000028e:	4798      	blx	r3
20000290:	bd10      	pop	{r4, pc}
20000292:	46c0      	nop			; (mov r8, r8)
20000294:	200019cc 	.word	0x200019cc

20000298 <flash_cs_force.constprop.0>:
20000298:	4b03      	ldr	r3, [pc, #12]	; (200002a8 <flash_cs_force.constprop.0+0x10>)
2000029a:	681a      	ldr	r2, [r3, #0]
2000029c:	23c0      	movs	r3, #192	; 0xc0
2000029e:	009b      	lsls	r3, r3, #2
200002a0:	4393      	bics	r3, r2
200002a2:	4a02      	ldr	r2, [pc, #8]	; (200002ac <flash_cs_force.constprop.0+0x14>)
200002a4:	6013      	str	r3, [r2, #0]
200002a6:	4770      	bx	lr
200002a8:	4001800c 	.word	0x4001800c
200002ac:	4001900c 	.word	0x4001900c

200002b0 <flash_cs_force.constprop.1>:
200002b0:	4b05      	ldr	r3, [pc, #20]	; (200002c8 <flash_cs_force.constprop.1+0x18>)
200002b2:	681a      	ldr	r2, [r3, #0]
200002b4:	2380      	movs	r3, #128	; 0x80
200002b6:	009b      	lsls	r3, r3, #2
200002b8:	4053      	eors	r3, r2
200002ba:	22c0      	movs	r2, #192	; 0xc0
200002bc:	0092      	lsls	r2, r2, #2
200002be:	4013      	ands	r3, r2
200002c0:	4a02      	ldr	r2, [pc, #8]	; (200002cc <flash_cs_force.constprop.1+0x1c>)
200002c2:	6013      	str	r3, [r2, #0]
200002c4:	4770      	bx	lr
200002c6:	46c0      	nop			; (mov r8, r8)
200002c8:	4001800c 	.word	0x4001800c
200002cc:	4001900c 	.word	0x4001900c

200002d0 <flash_do_cmd>:
200002d0:	2314      	movs	r3, #20
200002d2:	b5f0      	push	{r4, r5, r6, r7, lr}
200002d4:	46d6      	mov	lr, sl
200002d6:	464f      	mov	r7, r9
200002d8:	4646      	mov	r6, r8
200002da:	469a      	mov	sl, r3
200002dc:	4681      	mov	r9, r0
200002de:	8818      	ldrh	r0, [r3, #0]
200002e0:	3304      	adds	r3, #4
200002e2:	b5c0      	push	{r6, r7, lr}
200002e4:	4698      	mov	r8, r3
200002e6:	000e      	movs	r6, r1
200002e8:	881b      	ldrh	r3, [r3, #0]
200002ea:	4927      	ldr	r1, [pc, #156]	; (20000388 <flash_do_cmd+0xb8>)
200002ec:	0014      	movs	r4, r2
200002ee:	4798      	blx	r3
200002f0:	4653      	mov	r3, sl
200002f2:	0007      	movs	r7, r0
200002f4:	8818      	ldrh	r0, [r3, #0]
200002f6:	4643      	mov	r3, r8
200002f8:	4924      	ldr	r1, [pc, #144]	; (2000038c <flash_do_cmd+0xbc>)
200002fa:	881b      	ldrh	r3, [r3, #0]
200002fc:	4798      	blx	r3
200002fe:	4653      	mov	r3, sl
20000300:	0005      	movs	r5, r0
20000302:	8818      	ldrh	r0, [r3, #0]
20000304:	4643      	mov	r3, r8
20000306:	4922      	ldr	r1, [pc, #136]	; (20000390 <flash_do_cmd+0xc0>)
20000308:	881b      	ldrh	r3, [r3, #0]
2000030a:	4798      	blx	r3
2000030c:	4680      	mov	r8, r0
2000030e:	f7ff ffa3 	bl	20000258 <flash_init_boot2_copyout>
20000312:	47b8      	blx	r7
20000314:	47a8      	blx	r5
20000316:	f7ff ffcb 	bl	200002b0 <flash_cs_force.constprop.1>
2000031a:	2c00      	cmp	r4, #0
2000031c:	d01b      	beq.n	20000356 <flash_do_cmd+0x86>
2000031e:	21c0      	movs	r1, #192	; 0xc0
20000320:	0022      	movs	r2, r4
20000322:	2708      	movs	r7, #8
20000324:	2002      	movs	r0, #2
20000326:	0549      	lsls	r1, r1, #21
20000328:	003d      	movs	r5, r7
2000032a:	6a8b      	ldr	r3, [r1, #40]	; 0x28
2000032c:	401d      	ands	r5, r3
2000032e:	4218      	tst	r0, r3
20000330:	d00b      	beq.n	2000034a <flash_do_cmd+0x7a>
20000332:	2c00      	cmp	r4, #0
20000334:	d009      	beq.n	2000034a <flash_do_cmd+0x7a>
20000336:	1b13      	subs	r3, r2, r4
20000338:	2b0d      	cmp	r3, #13
2000033a:	d81f      	bhi.n	2000037c <flash_do_cmd+0xac>
2000033c:	464b      	mov	r3, r9
2000033e:	781b      	ldrb	r3, [r3, #0]
20000340:	3c01      	subs	r4, #1
20000342:	660b      	str	r3, [r1, #96]	; 0x60
20000344:	2301      	movs	r3, #1
20000346:	469c      	mov	ip, r3
20000348:	44e1      	add	r9, ip
2000034a:	0023      	movs	r3, r4
2000034c:	2d00      	cmp	r5, #0
2000034e:	d10c      	bne.n	2000036a <flash_do_cmd+0x9a>
20000350:	4313      	orrs	r3, r2
20000352:	2b00      	cmp	r3, #0
20000354:	d1e8      	bne.n	20000328 <flash_do_cmd+0x58>
20000356:	f7ff ff9f 	bl	20000298 <flash_cs_force.constprop.0>
2000035a:	47c0      	blx	r8
2000035c:	f7ff ff94 	bl	20000288 <flash_enable_xip_via_boot2>
20000360:	bce0      	pop	{r5, r6, r7}
20000362:	46ba      	mov	sl, r7
20000364:	46b1      	mov	r9, r6
20000366:	46a8      	mov	r8, r5
20000368:	bdf0      	pop	{r4, r5, r6, r7, pc}
2000036a:	2a00      	cmp	r2, #0
2000036c:	d0f1      	beq.n	20000352 <flash_do_cmd+0x82>
2000036e:	6e0b      	ldr	r3, [r1, #96]	; 0x60
20000370:	3a01      	subs	r2, #1
20000372:	7033      	strb	r3, [r6, #0]
20000374:	0013      	movs	r3, r2
20000376:	3601      	adds	r6, #1
20000378:	4323      	orrs	r3, r4
2000037a:	e7ea      	b.n	20000352 <flash_do_cmd+0x82>
2000037c:	2d00      	cmp	r5, #0
2000037e:	d0d3      	beq.n	20000328 <flash_do_cmd+0x58>
20000380:	2a00      	cmp	r2, #0
20000382:	d0d1      	beq.n	20000328 <flash_do_cmd+0x58>
20000384:	e7f3      	b.n	2000036e <flash_do_cmd+0x9e>
20000386:	46c0      	nop			; (mov r8, r8)
20000388:	00004649 	.word	0x00004649
2000038c:	00005845 	.word	0x00005845
20000390:	00004346 	.word	0x00004346

20000394 <reset_non_control_endpoints>:
20000394:	2300      	movs	r3, #0
20000396:	4a1c      	ldr	r2, [pc, #112]	; (20000408 <reset_non_control_endpoints+0x74>)
20000398:	b510      	push	{r4, lr}
2000039a:	6093      	str	r3, [r2, #8]
2000039c:	60d3      	str	r3, [r2, #12]
2000039e:	4a1b      	ldr	r2, [pc, #108]	; (2000040c <reset_non_control_endpoints+0x78>)
200003a0:	2100      	movs	r1, #0
200003a2:	6093      	str	r3, [r2, #8]
200003a4:	60d3      	str	r3, [r2, #12]
200003a6:	4a1a      	ldr	r2, [pc, #104]	; (20000410 <reset_non_control_endpoints+0x7c>)
200003a8:	481a      	ldr	r0, [pc, #104]	; (20000414 <reset_non_control_endpoints+0x80>)
200003aa:	6093      	str	r3, [r2, #8]
200003ac:	60d3      	str	r3, [r2, #12]
200003ae:	4a1a      	ldr	r2, [pc, #104]	; (20000418 <reset_non_control_endpoints+0x84>)
200003b0:	6093      	str	r3, [r2, #8]
200003b2:	60d3      	str	r3, [r2, #12]
200003b4:	4a19      	ldr	r2, [pc, #100]	; (2000041c <reset_non_control_endpoints+0x88>)
200003b6:	6093      	str	r3, [r2, #8]
200003b8:	60d3      	str	r3, [r2, #12]
200003ba:	4a19      	ldr	r2, [pc, #100]	; (20000420 <reset_non_control_endpoints+0x8c>)
200003bc:	6093      	str	r3, [r2, #8]
200003be:	60d3      	str	r3, [r2, #12]
200003c0:	4a18      	ldr	r2, [pc, #96]	; (20000424 <reset_non_control_endpoints+0x90>)
200003c2:	6093      	str	r3, [r2, #8]
200003c4:	60d3      	str	r3, [r2, #12]
200003c6:	4a18      	ldr	r2, [pc, #96]	; (20000428 <reset_non_control_endpoints+0x94>)
200003c8:	6093      	str	r3, [r2, #8]
200003ca:	60d3      	str	r3, [r2, #12]
200003cc:	4a17      	ldr	r2, [pc, #92]	; (2000042c <reset_non_control_endpoints+0x98>)
200003ce:	6093      	str	r3, [r2, #8]
200003d0:	60d3      	str	r3, [r2, #12]
200003d2:	4a17      	ldr	r2, [pc, #92]	; (20000430 <reset_non_control_endpoints+0x9c>)
200003d4:	6093      	str	r3, [r2, #8]
200003d6:	60d3      	str	r3, [r2, #12]
200003d8:	4a16      	ldr	r2, [pc, #88]	; (20000434 <reset_non_control_endpoints+0xa0>)
200003da:	6093      	str	r3, [r2, #8]
200003dc:	60d3      	str	r3, [r2, #12]
200003de:	4a16      	ldr	r2, [pc, #88]	; (20000438 <reset_non_control_endpoints+0xa4>)
200003e0:	6093      	str	r3, [r2, #8]
200003e2:	60d3      	str	r3, [r2, #12]
200003e4:	4a15      	ldr	r2, [pc, #84]	; (2000043c <reset_non_control_endpoints+0xa8>)
200003e6:	6093      	str	r3, [r2, #8]
200003e8:	60d3      	str	r3, [r2, #12]
200003ea:	4a15      	ldr	r2, [pc, #84]	; (20000440 <reset_non_control_endpoints+0xac>)
200003ec:	6093      	str	r3, [r2, #8]
200003ee:	60d3      	str	r3, [r2, #12]
200003f0:	4a14      	ldr	r2, [pc, #80]	; (20000444 <reset_non_control_endpoints+0xb0>)
200003f2:	6093      	str	r3, [r2, #8]
200003f4:	60d3      	str	r3, [r2, #12]
200003f6:	22f0      	movs	r2, #240	; 0xf0
200003f8:	0092      	lsls	r2, r2, #2
200003fa:	f000 fdb1 	bl	20000f60 <____wrap_memset_veneer>
200003fe:	4b12      	ldr	r3, [pc, #72]	; (20000448 <reset_non_control_endpoints+0xb4>)
20000400:	4a12      	ldr	r2, [pc, #72]	; (2000044c <reset_non_control_endpoints+0xb8>)
20000402:	601a      	str	r2, [r3, #0]
20000404:	bd10      	pop	{r4, pc}
20000406:	46c0      	nop			; (mov r8, r8)
20000408:	50100000 	.word	0x50100000
2000040c:	50100008 	.word	0x50100008
20000410:	50100010 	.word	0x50100010
20000414:	20001b78 	.word	0x20001b78
20000418:	50100018 	.word	0x50100018
2000041c:	50100020 	.word	0x50100020
20000420:	50100028 	.word	0x50100028
20000424:	50100030 	.word	0x50100030
20000428:	50100038 	.word	0x50100038
2000042c:	50100040 	.word	0x50100040
20000430:	50100048 	.word	0x50100048
20000434:	50100050 	.word	0x50100050
20000438:	50100058 	.word	0x50100058
2000043c:	50100060 	.word	0x50100060
20000440:	50100068 	.word	0x50100068
20000444:	50100070 	.word	0x50100070
20000448:	20001f40 	.word	0x20001f40
2000044c:	50100180 	.word	0x50100180

20000450 <hw_handle_buff_status>:
20000450:	b5f0      	push	{r4, r5, r6, r7, lr}
20000452:	464f      	mov	r7, r9
20000454:	46d6      	mov	lr, sl
20000456:	4646      	mov	r6, r8
20000458:	b5c0      	push	{r6, r7, lr}
2000045a:	4b20      	ldr	r3, [pc, #128]	; (200004dc <hw_handle_buff_status+0x8c>)
2000045c:	b084      	sub	sp, #16
2000045e:	6d9f      	ldr	r7, [r3, #88]	; 0x58
20000460:	2f00      	cmp	r7, #0
20000462:	d023      	beq.n	200004ac <hw_handle_buff_status+0x5c>
20000464:	4b1e      	ldr	r3, [pc, #120]	; (200004e0 <hw_handle_buff_status+0x90>)
20000466:	2400      	movs	r4, #0
20000468:	469a      	mov	sl, r3
2000046a:	2301      	movs	r3, #1
2000046c:	4699      	mov	r9, r3
2000046e:	4b1d      	ldr	r3, [pc, #116]	; (200004e4 <hw_handle_buff_status+0x94>)
20000470:	2601      	movs	r6, #1
20000472:	4698      	mov	r8, r3
20000474:	e004      	b.n	20000480 <hw_handle_buff_status+0x30>
20000476:	3401      	adds	r4, #1
20000478:	0076      	lsls	r6, r6, #1
2000047a:	b2e4      	uxtb	r4, r4
2000047c:	2c20      	cmp	r4, #32
2000047e:	d015      	beq.n	200004ac <hw_handle_buff_status+0x5c>
20000480:	423e      	tst	r6, r7
20000482:	d0f8      	beq.n	20000476 <hw_handle_buff_status+0x26>
20000484:	4653      	mov	r3, sl
20000486:	659e      	str	r6, [r3, #88]	; 0x58
20000488:	464b      	mov	r3, r9
2000048a:	0865      	lsrs	r5, r4, #1
2000048c:	006d      	lsls	r5, r5, #1
2000048e:	43a3      	bics	r3, r4
20000490:	18ed      	adds	r5, r5, r3
20000492:	016d      	lsls	r5, r5, #5
20000494:	4445      	add	r5, r8
20000496:	0028      	movs	r0, r5
20000498:	f000 fc38 	bl	20000d0c <hw_endpoint_xfer_continue>
2000049c:	2800      	cmp	r0, #0
2000049e:	d10b      	bne.n	200004b8 <hw_handle_buff_status+0x68>
200004a0:	3401      	adds	r4, #1
200004a2:	43b7      	bics	r7, r6
200004a4:	b2e4      	uxtb	r4, r4
200004a6:	0076      	lsls	r6, r6, #1
200004a8:	2f00      	cmp	r7, #0
200004aa:	d1e7      	bne.n	2000047c <hw_handle_buff_status+0x2c>
200004ac:	b004      	add	sp, #16
200004ae:	bce0      	pop	{r5, r6, r7}
200004b0:	46ba      	mov	sl, r7
200004b2:	46b1      	mov	r9, r6
200004b4:	46a8      	mov	r8, r5
200004b6:	bdf0      	pop	{r4, r5, r6, r7, pc}
200004b8:	8aeb      	ldrh	r3, [r5, #22]
200004ba:	21e0      	movs	r1, #224	; 0xe0
200004bc:	9303      	str	r3, [sp, #12]
200004be:	2300      	movs	r3, #0
200004c0:	a801      	add	r0, sp, #4
200004c2:	78aa      	ldrb	r2, [r5, #2]
200004c4:	00c9      	lsls	r1, r1, #3
200004c6:	8001      	strh	r1, [r0, #0]
200004c8:	2101      	movs	r1, #1
200004ca:	7102      	strb	r2, [r0, #4]
200004cc:	7143      	strb	r3, [r0, #5]
200004ce:	f000 fc3d 	bl	20000d4c <dcd_event_handler>
200004d2:	0028      	movs	r0, r5
200004d4:	f000 fbb6 	bl	20000c44 <hw_endpoint_reset_transfer>
200004d8:	e7e2      	b.n	200004a0 <hw_handle_buff_status+0x50>
200004da:	46c0      	nop			; (mov r8, r8)
200004dc:	50110000 	.word	0x50110000
200004e0:	50113000 	.word	0x50113000
200004e4:	20001b38 	.word	0x20001b38

200004e8 <dcd_rp2040_irq>:
200004e8:	2398      	movs	r3, #152	; 0x98
200004ea:	b5f0      	push	{r4, r5, r6, r7, lr}
200004ec:	4646      	mov	r6, r8
200004ee:	46d6      	mov	lr, sl
200004f0:	464f      	mov	r7, r9
200004f2:	4acd      	ldr	r2, [pc, #820]	; (20000828 <dcd_rp2040_irq+0x340>)
200004f4:	b5c0      	push	{r6, r7, lr}
200004f6:	58d5      	ldr	r5, [r2, r3]
200004f8:	2380      	movs	r3, #128	; 0x80
200004fa:	002c      	movs	r4, r5
200004fc:	029b      	lsls	r3, r3, #10
200004fe:	2610      	movs	r6, #16
20000500:	b084      	sub	sp, #16
20000502:	401c      	ands	r4, r3
20000504:	421d      	tst	r5, r3
20000506:	d073      	beq.n	200005f0 <dcd_rp2040_irq+0x108>
20000508:	4bc8      	ldr	r3, [pc, #800]	; (2000082c <dcd_rp2040_irq+0x344>)
2000050a:	4cc9      	ldr	r4, [pc, #804]	; (20000830 <dcd_rp2040_irq+0x348>)
2000050c:	6a9a      	ldr	r2, [r3, #40]	; 0x28
2000050e:	4bc9      	ldr	r3, [pc, #804]	; (20000834 <dcd_rp2040_irq+0x34c>)
20000510:	2600      	movs	r6, #0
20000512:	601a      	str	r2, [r3, #0]
20000514:	233b      	movs	r3, #59	; 0x3b
20000516:	5ce3      	ldrb	r3, [r4, r3]
20000518:	2b02      	cmp	r3, #2
2000051a:	d100      	bne.n	2000051e <dcd_rp2040_irq+0x36>
2000051c:	e0fe      	b.n	2000071c <dcd_rp2040_irq+0x234>
2000051e:	237b      	movs	r3, #123	; 0x7b
20000520:	5ce3      	ldrb	r3, [r4, r3]
20000522:	2b02      	cmp	r3, #2
20000524:	d100      	bne.n	20000528 <dcd_rp2040_irq+0x40>
20000526:	e11c      	b.n	20000762 <dcd_rp2040_irq+0x27a>
20000528:	23bb      	movs	r3, #187	; 0xbb
2000052a:	5ce3      	ldrb	r3, [r4, r3]
2000052c:	2b02      	cmp	r3, #2
2000052e:	d100      	bne.n	20000532 <dcd_rp2040_irq+0x4a>
20000530:	e105      	b.n	2000073e <dcd_rp2040_irq+0x256>
20000532:	23fb      	movs	r3, #251	; 0xfb
20000534:	5ce3      	ldrb	r3, [r4, r3]
20000536:	2b02      	cmp	r3, #2
20000538:	d100      	bne.n	2000053c <dcd_rp2040_irq+0x54>
2000053a:	e163      	b.n	20000804 <dcd_rp2040_irq+0x31c>
2000053c:	233c      	movs	r3, #60	; 0x3c
2000053e:	33ff      	adds	r3, #255	; 0xff
20000540:	5ce3      	ldrb	r3, [r4, r3]
20000542:	2b02      	cmp	r3, #2
20000544:	d100      	bne.n	20000548 <dcd_rp2040_irq+0x60>
20000546:	e148      	b.n	200007da <dcd_rp2040_irq+0x2f2>
20000548:	237c      	movs	r3, #124	; 0x7c
2000054a:	33ff      	adds	r3, #255	; 0xff
2000054c:	5ce3      	ldrb	r3, [r4, r3]
2000054e:	2b02      	cmp	r3, #2
20000550:	d100      	bne.n	20000554 <dcd_rp2040_irq+0x6c>
20000552:	e12d      	b.n	200007b0 <dcd_rp2040_irq+0x2c8>
20000554:	23bc      	movs	r3, #188	; 0xbc
20000556:	33ff      	adds	r3, #255	; 0xff
20000558:	5ce3      	ldrb	r3, [r4, r3]
2000055a:	2b02      	cmp	r3, #2
2000055c:	d100      	bne.n	20000560 <dcd_rp2040_irq+0x78>
2000055e:	e112      	b.n	20000786 <dcd_rp2040_irq+0x29e>
20000560:	23fc      	movs	r3, #252	; 0xfc
20000562:	33ff      	adds	r3, #255	; 0xff
20000564:	5ce3      	ldrb	r3, [r4, r3]
20000566:	2b02      	cmp	r3, #2
20000568:	d100      	bne.n	2000056c <dcd_rp2040_irq+0x84>
2000056a:	e20d      	b.n	20000988 <dcd_rp2040_irq+0x4a0>
2000056c:	4bb2      	ldr	r3, [pc, #712]	; (20000838 <dcd_rp2040_irq+0x350>)
2000056e:	5ce3      	ldrb	r3, [r4, r3]
20000570:	2b02      	cmp	r3, #2
20000572:	d100      	bne.n	20000576 <dcd_rp2040_irq+0x8e>
20000574:	e1f4      	b.n	20000960 <dcd_rp2040_irq+0x478>
20000576:	4bb1      	ldr	r3, [pc, #708]	; (2000083c <dcd_rp2040_irq+0x354>)
20000578:	5ce3      	ldrb	r3, [r4, r3]
2000057a:	2b02      	cmp	r3, #2
2000057c:	d100      	bne.n	20000580 <dcd_rp2040_irq+0x98>
2000057e:	e1db      	b.n	20000938 <dcd_rp2040_irq+0x450>
20000580:	4baf      	ldr	r3, [pc, #700]	; (20000840 <dcd_rp2040_irq+0x358>)
20000582:	5ce3      	ldrb	r3, [r4, r3]
20000584:	2b02      	cmp	r3, #2
20000586:	d100      	bne.n	2000058a <dcd_rp2040_irq+0xa2>
20000588:	e1c2      	b.n	20000910 <dcd_rp2040_irq+0x428>
2000058a:	4bae      	ldr	r3, [pc, #696]	; (20000844 <dcd_rp2040_irq+0x35c>)
2000058c:	5ce3      	ldrb	r3, [r4, r3]
2000058e:	2b02      	cmp	r3, #2
20000590:	d100      	bne.n	20000594 <dcd_rp2040_irq+0xac>
20000592:	e1a9      	b.n	200008e8 <dcd_rp2040_irq+0x400>
20000594:	4bac      	ldr	r3, [pc, #688]	; (20000848 <dcd_rp2040_irq+0x360>)
20000596:	5ce3      	ldrb	r3, [r4, r3]
20000598:	2b02      	cmp	r3, #2
2000059a:	d100      	bne.n	2000059e <dcd_rp2040_irq+0xb6>
2000059c:	e190      	b.n	200008c0 <dcd_rp2040_irq+0x3d8>
2000059e:	4bab      	ldr	r3, [pc, #684]	; (2000084c <dcd_rp2040_irq+0x364>)
200005a0:	5ce3      	ldrb	r3, [r4, r3]
200005a2:	2b02      	cmp	r3, #2
200005a4:	d100      	bne.n	200005a8 <dcd_rp2040_irq+0xc0>
200005a6:	e177      	b.n	20000898 <dcd_rp2040_irq+0x3b0>
200005a8:	4ba9      	ldr	r3, [pc, #676]	; (20000850 <dcd_rp2040_irq+0x368>)
200005aa:	5ce3      	ldrb	r3, [r4, r3]
200005ac:	2b02      	cmp	r3, #2
200005ae:	d100      	bne.n	200005b2 <dcd_rp2040_irq+0xca>
200005b0:	e15c      	b.n	2000086c <dcd_rp2040_irq+0x384>
200005b2:	4ba8      	ldr	r3, [pc, #672]	; (20000854 <dcd_rp2040_irq+0x36c>)
200005b4:	5ce3      	ldrb	r3, [r4, r3]
200005b6:	2b02      	cmp	r3, #2
200005b8:	d100      	bne.n	200005bc <dcd_rp2040_irq+0xd4>
200005ba:	e1fa      	b.n	200009b2 <dcd_rp2040_irq+0x4ca>
200005bc:	2e00      	cmp	r6, #0
200005be:	d108      	bne.n	200005d2 <dcd_rp2040_irq+0xea>
200005c0:	4ba5      	ldr	r3, [pc, #660]	; (20000858 <dcd_rp2040_irq+0x370>)
200005c2:	781b      	ldrb	r3, [r3, #0]
200005c4:	2b00      	cmp	r3, #0
200005c6:	d104      	bne.n	200005d2 <dcd_rp2040_irq+0xea>
200005c8:	2180      	movs	r1, #128	; 0x80
200005ca:	4aa4      	ldr	r2, [pc, #656]	; (2000085c <dcd_rp2040_irq+0x374>)
200005cc:	3390      	adds	r3, #144	; 0x90
200005ce:	0289      	lsls	r1, r1, #10
200005d0:	50d1      	str	r1, [r2, r3]
200005d2:	22c0      	movs	r2, #192	; 0xc0
200005d4:	4b94      	ldr	r3, [pc, #592]	; (20000828 <dcd_rp2040_irq+0x340>)
200005d6:	a801      	add	r0, sp, #4
200005d8:	6c9b      	ldr	r3, [r3, #72]	; 0x48
200005da:	0092      	lsls	r2, r2, #2
200005dc:	055b      	lsls	r3, r3, #21
200005de:	0d5b      	lsrs	r3, r3, #21
200005e0:	2101      	movs	r1, #1
200005e2:	2480      	movs	r4, #128	; 0x80
200005e4:	8002      	strh	r2, [r0, #0]
200005e6:	6043      	str	r3, [r0, #4]
200005e8:	f000 fbb0 	bl	20000d4c <dcd_event_handler>
200005ec:	4e9c      	ldr	r6, [pc, #624]	; (20000860 <dcd_rp2040_irq+0x378>)
200005ee:	02a4      	lsls	r4, r4, #10
200005f0:	06eb      	lsls	r3, r5, #27
200005f2:	d500      	bpl.n	200005f6 <dcd_rp2040_irq+0x10e>
200005f4:	e086      	b.n	20000704 <dcd_rp2040_irq+0x21c>
200005f6:	2380      	movs	r3, #128	; 0x80
200005f8:	025b      	lsls	r3, r3, #9
200005fa:	421d      	tst	r5, r3
200005fc:	d037      	beq.n	2000066e <dcd_rp2040_irq+0x186>
200005fe:	431c      	orrs	r4, r3
20000600:	2300      	movs	r3, #0
20000602:	4698      	mov	r8, r3
20000604:	3302      	adds	r3, #2
20000606:	4699      	mov	r9, r3
20000608:	4b96      	ldr	r3, [pc, #600]	; (20000864 <dcd_rp2040_irq+0x37c>)
2000060a:	4e89      	ldr	r6, [pc, #548]	; (20000830 <dcd_rp2040_irq+0x348>)
2000060c:	469a      	mov	sl, r3
2000060e:	7eb3      	ldrb	r3, [r6, #26]
20000610:	2b00      	cmp	r3, #0
20000612:	d017      	beq.n	20000644 <dcd_rp2040_irq+0x15c>
20000614:	464b      	mov	r3, r9
20000616:	4642      	mov	r2, r8
20000618:	1a9f      	subs	r7, r3, r2
2000061a:	f000 fcc9 	bl	20000fb0 <__rp2040_chip_version_veneer>
2000061e:	2801      	cmp	r0, #1
20000620:	d900      	bls.n	20000624 <dcd_rp2040_irq+0x13c>
20000622:	e073      	b.n	2000070c <dcd_rp2040_irq+0x224>
20000624:	22c0      	movs	r2, #192	; 0xc0
20000626:	2100      	movs	r1, #0
20000628:	0030      	movs	r0, r6
2000062a:	0192      	lsls	r2, r2, #6
2000062c:	f000 fb10 	bl	20000c50 <_hw_endpoint_buffer_control_update32>
20000630:	0030      	movs	r0, r6
20000632:	f000 fb07 	bl	20000c44 <hw_endpoint_reset_transfer>
20000636:	f000 fcbb 	bl	20000fb0 <__rp2040_chip_version_veneer>
2000063a:	2801      	cmp	r0, #1
2000063c:	d902      	bls.n	20000644 <dcd_rp2040_irq+0x15c>
2000063e:	4b87      	ldr	r3, [pc, #540]	; (2000085c <dcd_rp2040_irq+0x374>)
20000640:	665f      	str	r7, [r3, #100]	; 0x64
20000642:	661f      	str	r7, [r3, #96]	; 0x60
20000644:	2301      	movs	r3, #1
20000646:	70f3      	strb	r3, [r6, #3]
20000648:	4643      	mov	r3, r8
2000064a:	3620      	adds	r6, #32
2000064c:	2b01      	cmp	r3, #1
2000064e:	d123      	bne.n	20000698 <dcd_rp2040_irq+0x1b0>
20000650:	23c0      	movs	r3, #192	; 0xc0
20000652:	a801      	add	r0, sp, #4
20000654:	00db      	lsls	r3, r3, #3
20000656:	4a84      	ldr	r2, [pc, #528]	; (20000868 <dcd_rp2040_irq+0x380>)
20000658:	8003      	strh	r3, [r0, #0]
2000065a:	ab02      	add	r3, sp, #8
2000065c:	ca42      	ldmia	r2!, {r1, r6}
2000065e:	c342      	stmia	r3!, {r1, r6}
20000660:	2101      	movs	r1, #1
20000662:	f000 fb73 	bl	20000d4c <dcd_event_handler>
20000666:	2280      	movs	r2, #128	; 0x80
20000668:	4b7c      	ldr	r3, [pc, #496]	; (2000085c <dcd_rp2040_irq+0x374>)
2000066a:	0292      	lsls	r2, r2, #10
2000066c:	651a      	str	r2, [r3, #80]	; 0x50
2000066e:	2380      	movs	r3, #128	; 0x80
20000670:	015b      	lsls	r3, r3, #5
20000672:	421d      	tst	r5, r3
20000674:	d113      	bne.n	2000069e <dcd_rp2040_irq+0x1b6>
20000676:	2380      	movs	r3, #128	; 0x80
20000678:	01db      	lsls	r3, r3, #7
2000067a:	421d      	tst	r5, r3
2000067c:	d126      	bne.n	200006cc <dcd_rp2040_irq+0x1e4>
2000067e:	2380      	movs	r3, #128	; 0x80
20000680:	021b      	lsls	r3, r3, #8
20000682:	421d      	tst	r5, r3
20000684:	d131      	bne.n	200006ea <dcd_rp2040_irq+0x202>
20000686:	42ac      	cmp	r4, r5
20000688:	d000      	beq.n	2000068c <dcd_rp2040_irq+0x1a4>
2000068a:	e1ac      	b.n	200009e6 <dcd_rp2040_irq+0x4fe>
2000068c:	b004      	add	sp, #16
2000068e:	bce0      	pop	{r5, r6, r7}
20000690:	46ba      	mov	sl, r7
20000692:	46b1      	mov	r9, r6
20000694:	46a8      	mov	r8, r5
20000696:	bdf0      	pop	{r4, r5, r6, r7, pc}
20000698:	2301      	movs	r3, #1
2000069a:	4698      	mov	r8, r3
2000069c:	e7b7      	b.n	2000060e <dcd_rp2040_irq+0x126>
2000069e:	2600      	movs	r6, #0
200006a0:	431c      	orrs	r4, r3
200006a2:	4b61      	ldr	r3, [pc, #388]	; (20000828 <dcd_rp2040_irq+0x340>)
200006a4:	601e      	str	r6, [r3, #0]
200006a6:	f7ff fe75 	bl	20000394 <reset_non_control_endpoints>
200006aa:	2380      	movs	r3, #128	; 0x80
200006ac:	466a      	mov	r2, sp
200006ae:	005b      	lsls	r3, r3, #1
200006b0:	8093      	strh	r3, [r2, #4]
200006b2:	7216      	strb	r6, [r2, #8]
200006b4:	2101      	movs	r1, #1
200006b6:	a801      	add	r0, sp, #4
200006b8:	f000 fb48 	bl	20000d4c <dcd_event_handler>
200006bc:	2280      	movs	r2, #128	; 0x80
200006be:	4b67      	ldr	r3, [pc, #412]	; (2000085c <dcd_rp2040_irq+0x374>)
200006c0:	0312      	lsls	r2, r2, #12
200006c2:	651a      	str	r2, [r3, #80]	; 0x50
200006c4:	2380      	movs	r3, #128	; 0x80
200006c6:	01db      	lsls	r3, r3, #7
200006c8:	421d      	tst	r5, r3
200006ca:	d0d8      	beq.n	2000067e <dcd_rp2040_irq+0x196>
200006cc:	431c      	orrs	r4, r3
200006ce:	2380      	movs	r3, #128	; 0x80
200006d0:	a801      	add	r0, sp, #4
200006d2:	00db      	lsls	r3, r3, #3
200006d4:	8003      	strh	r3, [r0, #0]
200006d6:	2101      	movs	r1, #1
200006d8:	f000 fb38 	bl	20000d4c <dcd_event_handler>
200006dc:	2210      	movs	r2, #16
200006de:	4b5f      	ldr	r3, [pc, #380]	; (2000085c <dcd_rp2040_irq+0x374>)
200006e0:	651a      	str	r2, [r3, #80]	; 0x50
200006e2:	2380      	movs	r3, #128	; 0x80
200006e4:	021b      	lsls	r3, r3, #8
200006e6:	421d      	tst	r5, r3
200006e8:	d0cd      	beq.n	20000686 <dcd_rp2040_irq+0x19e>
200006ea:	431c      	orrs	r4, r3
200006ec:	23a0      	movs	r3, #160	; 0xa0
200006ee:	a801      	add	r0, sp, #4
200006f0:	00db      	lsls	r3, r3, #3
200006f2:	8003      	strh	r3, [r0, #0]
200006f4:	2101      	movs	r1, #1
200006f6:	f000 fb29 	bl	20000d4c <dcd_event_handler>
200006fa:	2280      	movs	r2, #128	; 0x80
200006fc:	4b57      	ldr	r3, [pc, #348]	; (2000085c <dcd_rp2040_irq+0x374>)
200006fe:	0112      	lsls	r2, r2, #4
20000700:	651a      	str	r2, [r3, #80]	; 0x50
20000702:	e7c0      	b.n	20000686 <dcd_rp2040_irq+0x19e>
20000704:	f7ff fea4 	bl	20000450 <hw_handle_buff_status>
20000708:	0034      	movs	r4, r6
2000070a:	e774      	b.n	200005f6 <dcd_rp2040_irq+0x10e>
2000070c:	4653      	mov	r3, sl
2000070e:	4a46      	ldr	r2, [pc, #280]	; (20000828 <dcd_rp2040_irq+0x340>)
20000710:	661f      	str	r7, [r3, #96]	; 0x60
20000712:	6e53      	ldr	r3, [r2, #100]	; 0x64
20000714:	403b      	ands	r3, r7
20000716:	42bb      	cmp	r3, r7
20000718:	d1fb      	bne.n	20000712 <dcd_rp2040_irq+0x22a>
2000071a:	e783      	b.n	20000624 <dcd_rp2040_irq+0x13c>
2000071c:	3338      	adds	r3, #56	; 0x38
2000071e:	5ce6      	ldrb	r6, [r4, r3]
20000720:	2e00      	cmp	r6, #0
20000722:	d100      	bne.n	20000726 <dcd_rp2040_irq+0x23e>
20000724:	e6fb      	b.n	2000051e <dcd_rp2040_irq+0x36>
20000726:	3302      	adds	r3, #2
20000728:	5ce2      	ldrb	r2, [r4, r3]
2000072a:	2a00      	cmp	r2, #0
2000072c:	d100      	bne.n	20000730 <dcd_rp2040_irq+0x248>
2000072e:	e6f6      	b.n	2000051e <dcd_rp2040_irq+0x36>
20000730:	2200      	movs	r2, #0
20000732:	0020      	movs	r0, r4
20000734:	54e2      	strb	r2, [r4, r3]
20000736:	3020      	adds	r0, #32
20000738:	f000 fab2 	bl	20000ca0 <hw_endpoint_start_next_buffer>
2000073c:	e6ef      	b.n	2000051e <dcd_rp2040_irq+0x36>
2000073e:	33b8      	adds	r3, #184	; 0xb8
20000740:	5ce3      	ldrb	r3, [r4, r3]
20000742:	2b00      	cmp	r3, #0
20000744:	d100      	bne.n	20000748 <dcd_rp2040_irq+0x260>
20000746:	e6f4      	b.n	20000532 <dcd_rp2040_irq+0x4a>
20000748:	22bc      	movs	r2, #188	; 0xbc
2000074a:	5ca1      	ldrb	r1, [r4, r2]
2000074c:	001e      	movs	r6, r3
2000074e:	2900      	cmp	r1, #0
20000750:	d100      	bne.n	20000754 <dcd_rp2040_irq+0x26c>
20000752:	e6ee      	b.n	20000532 <dcd_rp2040_irq+0x4a>
20000754:	2300      	movs	r3, #0
20000756:	0020      	movs	r0, r4
20000758:	54a3      	strb	r3, [r4, r2]
2000075a:	30a0      	adds	r0, #160	; 0xa0
2000075c:	f000 faa0 	bl	20000ca0 <hw_endpoint_start_next_buffer>
20000760:	e6e7      	b.n	20000532 <dcd_rp2040_irq+0x4a>
20000762:	3378      	adds	r3, #120	; 0x78
20000764:	5ce3      	ldrb	r3, [r4, r3]
20000766:	2b00      	cmp	r3, #0
20000768:	d100      	bne.n	2000076c <dcd_rp2040_irq+0x284>
2000076a:	e6dd      	b.n	20000528 <dcd_rp2040_irq+0x40>
2000076c:	227c      	movs	r2, #124	; 0x7c
2000076e:	5ca1      	ldrb	r1, [r4, r2]
20000770:	001e      	movs	r6, r3
20000772:	2900      	cmp	r1, #0
20000774:	d100      	bne.n	20000778 <dcd_rp2040_irq+0x290>
20000776:	e6d7      	b.n	20000528 <dcd_rp2040_irq+0x40>
20000778:	2300      	movs	r3, #0
2000077a:	0020      	movs	r0, r4
2000077c:	54a3      	strb	r3, [r4, r2]
2000077e:	3060      	adds	r0, #96	; 0x60
20000780:	f000 fa8e 	bl	20000ca0 <hw_endpoint_start_next_buffer>
20000784:	e6d0      	b.n	20000528 <dcd_rp2040_irq+0x40>
20000786:	33b9      	adds	r3, #185	; 0xb9
20000788:	33ff      	adds	r3, #255	; 0xff
2000078a:	5ce3      	ldrb	r3, [r4, r3]
2000078c:	2b00      	cmp	r3, #0
2000078e:	d100      	bne.n	20000792 <dcd_rp2040_irq+0x2aa>
20000790:	e6e6      	b.n	20000560 <dcd_rp2040_irq+0x78>
20000792:	22de      	movs	r2, #222	; 0xde
20000794:	0052      	lsls	r2, r2, #1
20000796:	5ca1      	ldrb	r1, [r4, r2]
20000798:	001e      	movs	r6, r3
2000079a:	2900      	cmp	r1, #0
2000079c:	d100      	bne.n	200007a0 <dcd_rp2040_irq+0x2b8>
2000079e:	e6df      	b.n	20000560 <dcd_rp2040_irq+0x78>
200007a0:	0020      	movs	r0, r4
200007a2:	2300      	movs	r3, #0
200007a4:	30a1      	adds	r0, #161	; 0xa1
200007a6:	54a3      	strb	r3, [r4, r2]
200007a8:	30ff      	adds	r0, #255	; 0xff
200007aa:	f000 fa79 	bl	20000ca0 <hw_endpoint_start_next_buffer>
200007ae:	e6d7      	b.n	20000560 <dcd_rp2040_irq+0x78>
200007b0:	3379      	adds	r3, #121	; 0x79
200007b2:	33ff      	adds	r3, #255	; 0xff
200007b4:	5ce3      	ldrb	r3, [r4, r3]
200007b6:	2b00      	cmp	r3, #0
200007b8:	d100      	bne.n	200007bc <dcd_rp2040_irq+0x2d4>
200007ba:	e6cb      	b.n	20000554 <dcd_rp2040_irq+0x6c>
200007bc:	22be      	movs	r2, #190	; 0xbe
200007be:	0052      	lsls	r2, r2, #1
200007c0:	5ca1      	ldrb	r1, [r4, r2]
200007c2:	001e      	movs	r6, r3
200007c4:	2900      	cmp	r1, #0
200007c6:	d100      	bne.n	200007ca <dcd_rp2040_irq+0x2e2>
200007c8:	e6c4      	b.n	20000554 <dcd_rp2040_irq+0x6c>
200007ca:	0020      	movs	r0, r4
200007cc:	2300      	movs	r3, #0
200007ce:	3061      	adds	r0, #97	; 0x61
200007d0:	54a3      	strb	r3, [r4, r2]
200007d2:	30ff      	adds	r0, #255	; 0xff
200007d4:	f000 fa64 	bl	20000ca0 <hw_endpoint_start_next_buffer>
200007d8:	e6bc      	b.n	20000554 <dcd_rp2040_irq+0x6c>
200007da:	3339      	adds	r3, #57	; 0x39
200007dc:	33ff      	adds	r3, #255	; 0xff
200007de:	5ce3      	ldrb	r3, [r4, r3]
200007e0:	2b00      	cmp	r3, #0
200007e2:	d100      	bne.n	200007e6 <dcd_rp2040_irq+0x2fe>
200007e4:	e6b0      	b.n	20000548 <dcd_rp2040_irq+0x60>
200007e6:	229e      	movs	r2, #158	; 0x9e
200007e8:	0052      	lsls	r2, r2, #1
200007ea:	5ca1      	ldrb	r1, [r4, r2]
200007ec:	001e      	movs	r6, r3
200007ee:	2900      	cmp	r1, #0
200007f0:	d100      	bne.n	200007f4 <dcd_rp2040_irq+0x30c>
200007f2:	e6a9      	b.n	20000548 <dcd_rp2040_irq+0x60>
200007f4:	0020      	movs	r0, r4
200007f6:	2300      	movs	r3, #0
200007f8:	3021      	adds	r0, #33	; 0x21
200007fa:	54a3      	strb	r3, [r4, r2]
200007fc:	30ff      	adds	r0, #255	; 0xff
200007fe:	f000 fa4f 	bl	20000ca0 <hw_endpoint_start_next_buffer>
20000802:	e6a1      	b.n	20000548 <dcd_rp2040_irq+0x60>
20000804:	33f8      	adds	r3, #248	; 0xf8
20000806:	5ce3      	ldrb	r3, [r4, r3]
20000808:	2b00      	cmp	r3, #0
2000080a:	d100      	bne.n	2000080e <dcd_rp2040_irq+0x326>
2000080c:	e696      	b.n	2000053c <dcd_rp2040_irq+0x54>
2000080e:	22fc      	movs	r2, #252	; 0xfc
20000810:	5ca1      	ldrb	r1, [r4, r2]
20000812:	001e      	movs	r6, r3
20000814:	2900      	cmp	r1, #0
20000816:	d100      	bne.n	2000081a <dcd_rp2040_irq+0x332>
20000818:	e690      	b.n	2000053c <dcd_rp2040_irq+0x54>
2000081a:	2300      	movs	r3, #0
2000081c:	0020      	movs	r0, r4
2000081e:	54a3      	strb	r3, [r4, r2]
20000820:	30e0      	adds	r0, #224	; 0xe0
20000822:	f000 fa3d 	bl	20000ca0 <hw_endpoint_start_next_buffer>
20000826:	e689      	b.n	2000053c <dcd_rp2040_irq+0x54>
20000828:	50110000 	.word	0x50110000
2000082c:	40054000 	.word	0x40054000
20000830:	20001b38 	.word	0x20001b38
20000834:	20001b30 	.word	0x20001b30
20000838:	0000023b 	.word	0x0000023b
2000083c:	0000027b 	.word	0x0000027b
20000840:	000002bb 	.word	0x000002bb
20000844:	000002fb 	.word	0x000002fb
20000848:	0000033b 	.word	0x0000033b
2000084c:	0000037b 	.word	0x0000037b
20000850:	000003bb 	.word	0x000003bb
20000854:	000003fb 	.word	0x000003fb
20000858:	20001f86 	.word	0x20001f86
2000085c:	50113000 	.word	0x50113000
20000860:	00020010 	.word	0x00020010
20000864:	50112000 	.word	0x50112000
20000868:	50100000 	.word	0x50100000
2000086c:	4b60      	ldr	r3, [pc, #384]	; (200009f0 <dcd_rp2040_irq+0x508>)
2000086e:	5ce3      	ldrb	r3, [r4, r3]
20000870:	2b00      	cmp	r3, #0
20000872:	d100      	bne.n	20000876 <dcd_rp2040_irq+0x38e>
20000874:	e69d      	b.n	200005b2 <dcd_rp2040_irq+0xca>
20000876:	23ef      	movs	r3, #239	; 0xef
20000878:	009b      	lsls	r3, r3, #2
2000087a:	5ce2      	ldrb	r2, [r4, r3]
2000087c:	2a00      	cmp	r2, #0
2000087e:	d000      	beq.n	20000882 <dcd_rp2040_irq+0x39a>
20000880:	e0a9      	b.n	200009d6 <dcd_rp2040_irq+0x4ee>
20000882:	4b5c      	ldr	r3, [pc, #368]	; (200009f4 <dcd_rp2040_irq+0x50c>)
20000884:	5ce3      	ldrb	r3, [r4, r3]
20000886:	2b02      	cmp	r3, #2
20000888:	d000      	beq.n	2000088c <dcd_rp2040_irq+0x3a4>
2000088a:	e6a2      	b.n	200005d2 <dcd_rp2040_irq+0xea>
2000088c:	4b5a      	ldr	r3, [pc, #360]	; (200009f8 <dcd_rp2040_irq+0x510>)
2000088e:	5ce3      	ldrb	r3, [r4, r3]
20000890:	2b00      	cmp	r3, #0
20000892:	d000      	beq.n	20000896 <dcd_rp2040_irq+0x3ae>
20000894:	e092      	b.n	200009bc <dcd_rp2040_irq+0x4d4>
20000896:	e69c      	b.n	200005d2 <dcd_rp2040_irq+0xea>
20000898:	4b58      	ldr	r3, [pc, #352]	; (200009fc <dcd_rp2040_irq+0x514>)
2000089a:	5ce3      	ldrb	r3, [r4, r3]
2000089c:	2b00      	cmp	r3, #0
2000089e:	d100      	bne.n	200008a2 <dcd_rp2040_irq+0x3ba>
200008a0:	e682      	b.n	200005a8 <dcd_rp2040_irq+0xc0>
200008a2:	22df      	movs	r2, #223	; 0xdf
200008a4:	0092      	lsls	r2, r2, #2
200008a6:	5ca1      	ldrb	r1, [r4, r2]
200008a8:	001e      	movs	r6, r3
200008aa:	2900      	cmp	r1, #0
200008ac:	d100      	bne.n	200008b0 <dcd_rp2040_irq+0x3c8>
200008ae:	e67b      	b.n	200005a8 <dcd_rp2040_irq+0xc0>
200008b0:	2300      	movs	r3, #0
200008b2:	54a3      	strb	r3, [r4, r2]
200008b4:	23d8      	movs	r3, #216	; 0xd8
200008b6:	009b      	lsls	r3, r3, #2
200008b8:	18e0      	adds	r0, r4, r3
200008ba:	f000 f9f1 	bl	20000ca0 <hw_endpoint_start_next_buffer>
200008be:	e673      	b.n	200005a8 <dcd_rp2040_irq+0xc0>
200008c0:	4b4f      	ldr	r3, [pc, #316]	; (20000a00 <dcd_rp2040_irq+0x518>)
200008c2:	5ce3      	ldrb	r3, [r4, r3]
200008c4:	2b00      	cmp	r3, #0
200008c6:	d100      	bne.n	200008ca <dcd_rp2040_irq+0x3e2>
200008c8:	e669      	b.n	2000059e <dcd_rp2040_irq+0xb6>
200008ca:	22cf      	movs	r2, #207	; 0xcf
200008cc:	0092      	lsls	r2, r2, #2
200008ce:	5ca1      	ldrb	r1, [r4, r2]
200008d0:	001e      	movs	r6, r3
200008d2:	2900      	cmp	r1, #0
200008d4:	d100      	bne.n	200008d8 <dcd_rp2040_irq+0x3f0>
200008d6:	e662      	b.n	2000059e <dcd_rp2040_irq+0xb6>
200008d8:	2300      	movs	r3, #0
200008da:	54a3      	strb	r3, [r4, r2]
200008dc:	23c8      	movs	r3, #200	; 0xc8
200008de:	009b      	lsls	r3, r3, #2
200008e0:	18e0      	adds	r0, r4, r3
200008e2:	f000 f9dd 	bl	20000ca0 <hw_endpoint_start_next_buffer>
200008e6:	e65a      	b.n	2000059e <dcd_rp2040_irq+0xb6>
200008e8:	4b46      	ldr	r3, [pc, #280]	; (20000a04 <dcd_rp2040_irq+0x51c>)
200008ea:	5ce3      	ldrb	r3, [r4, r3]
200008ec:	2b00      	cmp	r3, #0
200008ee:	d100      	bne.n	200008f2 <dcd_rp2040_irq+0x40a>
200008f0:	e650      	b.n	20000594 <dcd_rp2040_irq+0xac>
200008f2:	22bf      	movs	r2, #191	; 0xbf
200008f4:	0092      	lsls	r2, r2, #2
200008f6:	5ca1      	ldrb	r1, [r4, r2]
200008f8:	001e      	movs	r6, r3
200008fa:	2900      	cmp	r1, #0
200008fc:	d100      	bne.n	20000900 <dcd_rp2040_irq+0x418>
200008fe:	e649      	b.n	20000594 <dcd_rp2040_irq+0xac>
20000900:	2300      	movs	r3, #0
20000902:	54a3      	strb	r3, [r4, r2]
20000904:	23b8      	movs	r3, #184	; 0xb8
20000906:	009b      	lsls	r3, r3, #2
20000908:	18e0      	adds	r0, r4, r3
2000090a:	f000 f9c9 	bl	20000ca0 <hw_endpoint_start_next_buffer>
2000090e:	e641      	b.n	20000594 <dcd_rp2040_irq+0xac>
20000910:	4b3d      	ldr	r3, [pc, #244]	; (20000a08 <dcd_rp2040_irq+0x520>)
20000912:	5ce3      	ldrb	r3, [r4, r3]
20000914:	2b00      	cmp	r3, #0
20000916:	d100      	bne.n	2000091a <dcd_rp2040_irq+0x432>
20000918:	e637      	b.n	2000058a <dcd_rp2040_irq+0xa2>
2000091a:	22af      	movs	r2, #175	; 0xaf
2000091c:	0092      	lsls	r2, r2, #2
2000091e:	5ca1      	ldrb	r1, [r4, r2]
20000920:	001e      	movs	r6, r3
20000922:	2900      	cmp	r1, #0
20000924:	d100      	bne.n	20000928 <dcd_rp2040_irq+0x440>
20000926:	e630      	b.n	2000058a <dcd_rp2040_irq+0xa2>
20000928:	2300      	movs	r3, #0
2000092a:	54a3      	strb	r3, [r4, r2]
2000092c:	23a8      	movs	r3, #168	; 0xa8
2000092e:	009b      	lsls	r3, r3, #2
20000930:	18e0      	adds	r0, r4, r3
20000932:	f000 f9b5 	bl	20000ca0 <hw_endpoint_start_next_buffer>
20000936:	e628      	b.n	2000058a <dcd_rp2040_irq+0xa2>
20000938:	4b34      	ldr	r3, [pc, #208]	; (20000a0c <dcd_rp2040_irq+0x524>)
2000093a:	5ce3      	ldrb	r3, [r4, r3]
2000093c:	2b00      	cmp	r3, #0
2000093e:	d100      	bne.n	20000942 <dcd_rp2040_irq+0x45a>
20000940:	e61e      	b.n	20000580 <dcd_rp2040_irq+0x98>
20000942:	229f      	movs	r2, #159	; 0x9f
20000944:	0092      	lsls	r2, r2, #2
20000946:	5ca1      	ldrb	r1, [r4, r2]
20000948:	001e      	movs	r6, r3
2000094a:	2900      	cmp	r1, #0
2000094c:	d100      	bne.n	20000950 <dcd_rp2040_irq+0x468>
2000094e:	e617      	b.n	20000580 <dcd_rp2040_irq+0x98>
20000950:	2300      	movs	r3, #0
20000952:	54a3      	strb	r3, [r4, r2]
20000954:	2398      	movs	r3, #152	; 0x98
20000956:	009b      	lsls	r3, r3, #2
20000958:	18e0      	adds	r0, r4, r3
2000095a:	f000 f9a1 	bl	20000ca0 <hw_endpoint_start_next_buffer>
2000095e:	e60f      	b.n	20000580 <dcd_rp2040_irq+0x98>
20000960:	4b2b      	ldr	r3, [pc, #172]	; (20000a10 <dcd_rp2040_irq+0x528>)
20000962:	5ce3      	ldrb	r3, [r4, r3]
20000964:	2b00      	cmp	r3, #0
20000966:	d100      	bne.n	2000096a <dcd_rp2040_irq+0x482>
20000968:	e605      	b.n	20000576 <dcd_rp2040_irq+0x8e>
2000096a:	228f      	movs	r2, #143	; 0x8f
2000096c:	0092      	lsls	r2, r2, #2
2000096e:	5ca1      	ldrb	r1, [r4, r2]
20000970:	001e      	movs	r6, r3
20000972:	2900      	cmp	r1, #0
20000974:	d100      	bne.n	20000978 <dcd_rp2040_irq+0x490>
20000976:	e5fe      	b.n	20000576 <dcd_rp2040_irq+0x8e>
20000978:	2300      	movs	r3, #0
2000097a:	54a3      	strb	r3, [r4, r2]
2000097c:	2388      	movs	r3, #136	; 0x88
2000097e:	009b      	lsls	r3, r3, #2
20000980:	18e0      	adds	r0, r4, r3
20000982:	f000 f98d 	bl	20000ca0 <hw_endpoint_start_next_buffer>
20000986:	e5f6      	b.n	20000576 <dcd_rp2040_irq+0x8e>
20000988:	33f9      	adds	r3, #249	; 0xf9
2000098a:	33ff      	adds	r3, #255	; 0xff
2000098c:	5ce3      	ldrb	r3, [r4, r3]
2000098e:	2b00      	cmp	r3, #0
20000990:	d100      	bne.n	20000994 <dcd_rp2040_irq+0x4ac>
20000992:	e5eb      	b.n	2000056c <dcd_rp2040_irq+0x84>
20000994:	22fe      	movs	r2, #254	; 0xfe
20000996:	0052      	lsls	r2, r2, #1
20000998:	5ca1      	ldrb	r1, [r4, r2]
2000099a:	001e      	movs	r6, r3
2000099c:	2900      	cmp	r1, #0
2000099e:	d100      	bne.n	200009a2 <dcd_rp2040_irq+0x4ba>
200009a0:	e5e4      	b.n	2000056c <dcd_rp2040_irq+0x84>
200009a2:	0020      	movs	r0, r4
200009a4:	2300      	movs	r3, #0
200009a6:	30e1      	adds	r0, #225	; 0xe1
200009a8:	54a3      	strb	r3, [r4, r2]
200009aa:	30ff      	adds	r0, #255	; 0xff
200009ac:	f000 f978 	bl	20000ca0 <hw_endpoint_start_next_buffer>
200009b0:	e5dc      	b.n	2000056c <dcd_rp2040_irq+0x84>
200009b2:	4b11      	ldr	r3, [pc, #68]	; (200009f8 <dcd_rp2040_irq+0x510>)
200009b4:	5ce3      	ldrb	r3, [r4, r3]
200009b6:	2b00      	cmp	r3, #0
200009b8:	d100      	bne.n	200009bc <dcd_rp2040_irq+0x4d4>
200009ba:	e5ff      	b.n	200005bc <dcd_rp2040_irq+0xd4>
200009bc:	23ff      	movs	r3, #255	; 0xff
200009be:	009b      	lsls	r3, r3, #2
200009c0:	5ce2      	ldrb	r2, [r4, r3]
200009c2:	2a00      	cmp	r2, #0
200009c4:	d100      	bne.n	200009c8 <dcd_rp2040_irq+0x4e0>
200009c6:	e604      	b.n	200005d2 <dcd_rp2040_irq+0xea>
200009c8:	2200      	movs	r2, #0
200009ca:	54e2      	strb	r2, [r4, r3]
200009cc:	3b1c      	subs	r3, #28
200009ce:	18e0      	adds	r0, r4, r3
200009d0:	f000 f966 	bl	20000ca0 <hw_endpoint_start_next_buffer>
200009d4:	e5fd      	b.n	200005d2 <dcd_rp2040_irq+0xea>
200009d6:	2200      	movs	r2, #0
200009d8:	54e2      	strb	r2, [r4, r3]
200009da:	23e8      	movs	r3, #232	; 0xe8
200009dc:	009b      	lsls	r3, r3, #2
200009de:	18e0      	adds	r0, r4, r3
200009e0:	f000 f95e 	bl	20000ca0 <hw_endpoint_start_next_buffer>
200009e4:	e74d      	b.n	20000882 <dcd_rp2040_irq+0x39a>
200009e6:	0021      	movs	r1, r4
200009e8:	480a      	ldr	r0, [pc, #40]	; (20000a14 <dcd_rp2040_irq+0x52c>)
200009ea:	4069      	eors	r1, r5
200009ec:	f000 fab0 	bl	20000f50 <__panic_veneer>
200009f0:	000003ba 	.word	0x000003ba
200009f4:	000003fb 	.word	0x000003fb
200009f8:	000003fa 	.word	0x000003fa
200009fc:	0000037a 	.word	0x0000037a
20000a00:	0000033a 	.word	0x0000033a
20000a04:	000002fa 	.word	0x000002fa
20000a08:	000002ba 	.word	0x000002ba
20000a0c:	0000027a 	.word	0x0000027a
20000a10:	0000023a 	.word	0x0000023a
20000a14:	10006e84 	.word	0x10006e84

20000a18 <prepare_ep_buffer>:
20000a18:	b5f0      	push	{r4, r5, r6, r7, lr}
20000a1a:	46d6      	mov	lr, sl
20000a1c:	464f      	mov	r7, r9
20000a1e:	4646      	mov	r6, r8
20000a20:	0003      	movs	r3, r0
20000a22:	b5c0      	push	{r6, r7, lr}
20000a24:	8b1c      	ldrh	r4, [r3, #24]
20000a26:	8a80      	ldrh	r0, [r0, #20]
20000a28:	468a      	mov	sl, r1
20000a2a:	1c22      	adds	r2, r4, #0
20000a2c:	4284      	cmp	r4, r0
20000a2e:	d900      	bls.n	20000a32 <prepare_ep_buffer+0x1a>
20000a30:	1c02      	adds	r2, r0, #0
20000a32:	2680      	movs	r6, #128	; 0x80
20000a34:	b292      	uxth	r2, r2
20000a36:	1a80      	subs	r0, r0, r2
20000a38:	78dd      	ldrb	r5, [r3, #3]
20000a3a:	b284      	uxth	r4, r0
20000a3c:	00f6      	lsls	r6, r6, #3
20000a3e:	829c      	strh	r4, [r3, #20]
20000a40:	4316      	orrs	r6, r2
20000a42:	2d00      	cmp	r5, #0
20000a44:	d002      	beq.n	20000a4c <prepare_ep_buffer+0x34>
20000a46:	2690      	movs	r6, #144	; 0x90
20000a48:	01b6      	lsls	r6, r6, #6
20000a4a:	4316      	orrs	r6, r2
20000a4c:	2701      	movs	r7, #1
20000a4e:	407d      	eors	r5, r7
20000a50:	70dd      	strb	r5, [r3, #3]
20000a52:	785d      	ldrb	r5, [r3, #1]
20000a54:	0030      	movs	r0, r6
20000a56:	2d00      	cmp	r5, #0
20000a58:	d141      	bne.n	20000ade <prepare_ep_buffer+0xc6>
20000a5a:	4651      	mov	r1, sl
20000a5c:	0188      	lsls	r0, r1, #6
20000a5e:	68d9      	ldr	r1, [r3, #12]
20000a60:	691f      	ldr	r7, [r3, #16]
20000a62:	468c      	mov	ip, r1
20000a64:	1e51      	subs	r1, r2, #1
20000a66:	4688      	mov	r8, r1
20000a68:	4484      	add	ip, r0
20000a6a:	2a00      	cmp	r2, #0
20000a6c:	d032      	beq.n	20000ad4 <prepare_ep_buffer+0xbc>
20000a6e:	4661      	mov	r1, ip
20000a70:	2002      	movs	r0, #2
20000a72:	1c7c      	adds	r4, r7, #1
20000a74:	1b0c      	subs	r4, r1, r4
20000a76:	42a0      	cmp	r0, r4
20000a78:	4180      	sbcs	r0, r0
20000a7a:	2408      	movs	r4, #8
20000a7c:	4544      	cmp	r4, r8
20000a7e:	41a4      	sbcs	r4, r4
20000a80:	4240      	negs	r0, r0
20000a82:	4264      	negs	r4, r4
20000a84:	4204      	tst	r4, r0
20000a86:	d038      	beq.n	20000afa <prepare_ep_buffer+0xe2>
20000a88:	4660      	mov	r0, ip
20000a8a:	4338      	orrs	r0, r7
20000a8c:	0781      	lsls	r1, r0, #30
20000a8e:	d134      	bne.n	20000afa <prepare_ep_buffer+0xe2>
20000a90:	1f15      	subs	r5, r2, #4
20000a92:	08ad      	lsrs	r5, r5, #2
20000a94:	1c69      	adds	r1, r5, #1
20000a96:	4689      	mov	r9, r1
20000a98:	2000      	movs	r0, #0
20000a9a:	2400      	movs	r4, #0
20000a9c:	4661      	mov	r1, ip
20000a9e:	583d      	ldr	r5, [r7, r0]
20000aa0:	3401      	adds	r4, #1
20000aa2:	500d      	str	r5, [r1, r0]
20000aa4:	3004      	adds	r0, #4
20000aa6:	45a1      	cmp	r9, r4
20000aa8:	d8f8      	bhi.n	20000a9c <prepare_ep_buffer+0x84>
20000aaa:	4649      	mov	r1, r9
20000aac:	008d      	lsls	r5, r1, #2
20000aae:	4661      	mov	r1, ip
20000ab0:	194c      	adds	r4, r1, r5
20000ab2:	4641      	mov	r1, r8
20000ab4:	197f      	adds	r7, r7, r5
20000ab6:	1b48      	subs	r0, r1, r5
20000ab8:	42aa      	cmp	r2, r5
20000aba:	d009      	beq.n	20000ad0 <prepare_ep_buffer+0xb8>
20000abc:	783d      	ldrb	r5, [r7, #0]
20000abe:	7025      	strb	r5, [r4, #0]
20000ac0:	2800      	cmp	r0, #0
20000ac2:	d005      	beq.n	20000ad0 <prepare_ep_buffer+0xb8>
20000ac4:	787d      	ldrb	r5, [r7, #1]
20000ac6:	7065      	strb	r5, [r4, #1]
20000ac8:	2801      	cmp	r0, #1
20000aca:	d001      	beq.n	20000ad0 <prepare_ep_buffer+0xb8>
20000acc:	78b8      	ldrb	r0, [r7, #2]
20000ace:	70a0      	strb	r0, [r4, #2]
20000ad0:	691f      	ldr	r7, [r3, #16]
20000ad2:	8a9c      	ldrh	r4, [r3, #20]
20000ad4:	2080      	movs	r0, #128	; 0x80
20000ad6:	18ba      	adds	r2, r7, r2
20000ad8:	0200      	lsls	r0, r0, #8
20000ada:	611a      	str	r2, [r3, #16]
20000adc:	4330      	orrs	r0, r6
20000ade:	2c00      	cmp	r4, #0
20000ae0:	d102      	bne.n	20000ae8 <prepare_ep_buffer+0xd0>
20000ae2:	2380      	movs	r3, #128	; 0x80
20000ae4:	01db      	lsls	r3, r3, #7
20000ae6:	4318      	orrs	r0, r3
20000ae8:	4653      	mov	r3, sl
20000aea:	2b00      	cmp	r3, #0
20000aec:	d000      	beq.n	20000af0 <prepare_ep_buffer+0xd8>
20000aee:	0400      	lsls	r0, r0, #16
20000af0:	bce0      	pop	{r5, r6, r7}
20000af2:	46ba      	mov	sl, r7
20000af4:	46b1      	mov	r9, r6
20000af6:	46a8      	mov	r8, r5
20000af8:	bdf0      	pop	{r4, r5, r6, r7, pc}
20000afa:	2000      	movs	r0, #0
20000afc:	4661      	mov	r1, ip
20000afe:	5c3c      	ldrb	r4, [r7, r0]
20000b00:	540c      	strb	r4, [r1, r0]
20000b02:	3001      	adds	r0, #1
20000b04:	4282      	cmp	r2, r0
20000b06:	d1f9      	bne.n	20000afc <prepare_ep_buffer+0xe4>
20000b08:	e7e2      	b.n	20000ad0 <prepare_ep_buffer+0xb8>
20000b0a:	46c0      	nop			; (mov r8, r8)

20000b0c <sync_ep_buffer>:
20000b0c:	6882      	ldr	r2, [r0, #8]
20000b0e:	0003      	movs	r3, r0
20000b10:	b5f0      	push	{r4, r5, r6, r7, lr}
20000b12:	6810      	ldr	r0, [r2, #0]
20000b14:	2900      	cmp	r1, #0
20000b16:	d000      	beq.n	20000b1a <sync_ep_buffer+0xe>
20000b18:	0c00      	lsrs	r0, r0, #16
20000b1a:	785a      	ldrb	r2, [r3, #1]
20000b1c:	0580      	lsls	r0, r0, #22
20000b1e:	0d80      	lsrs	r0, r0, #22
20000b20:	2a00      	cmp	r2, #0
20000b22:	d108      	bne.n	20000b36 <sync_ep_buffer+0x2a>
20000b24:	8ada      	ldrh	r2, [r3, #22]
20000b26:	1882      	adds	r2, r0, r2
20000b28:	82da      	strh	r2, [r3, #22]
20000b2a:	8b1a      	ldrh	r2, [r3, #24]
20000b2c:	4282      	cmp	r2, r0
20000b2e:	d901      	bls.n	20000b34 <sync_ep_buffer+0x28>
20000b30:	2200      	movs	r2, #0
20000b32:	829a      	strh	r2, [r3, #20]
20000b34:	bdf0      	pop	{r4, r5, r6, r7, pc}
20000b36:	68da      	ldr	r2, [r3, #12]
20000b38:	0189      	lsls	r1, r1, #6
20000b3a:	1e45      	subs	r5, r0, #1
20000b3c:	46ac      	mov	ip, r5
20000b3e:	691c      	ldr	r4, [r3, #16]
20000b40:	1856      	adds	r6, r2, r1
20000b42:	2800      	cmp	r0, #0
20000b44:	d02e      	beq.n	20000ba4 <sync_ep_buffer+0x98>
20000b46:	3101      	adds	r1, #1
20000b48:	1851      	adds	r1, r2, r1
20000b4a:	0025      	movs	r5, r4
20000b4c:	2202      	movs	r2, #2
20000b4e:	1a61      	subs	r1, r4, r1
20000b50:	428a      	cmp	r2, r1
20000b52:	4189      	sbcs	r1, r1
20000b54:	4335      	orrs	r5, r6
20000b56:	3201      	adds	r2, #1
20000b58:	402a      	ands	r2, r5
20000b5a:	4255      	negs	r5, r2
20000b5c:	416a      	adcs	r2, r5
20000b5e:	4249      	negs	r1, r1
20000b60:	420a      	tst	r2, r1
20000b62:	d025      	beq.n	20000bb0 <sync_ep_buffer+0xa4>
20000b64:	4662      	mov	r2, ip
20000b66:	2a08      	cmp	r2, #8
20000b68:	d922      	bls.n	20000bb0 <sync_ep_buffer+0xa4>
20000b6a:	2200      	movs	r2, #0
20000b6c:	2100      	movs	r1, #0
20000b6e:	1f05      	subs	r5, r0, #4
20000b70:	08ad      	lsrs	r5, r5, #2
20000b72:	3501      	adds	r5, #1
20000b74:	58b7      	ldr	r7, [r6, r2]
20000b76:	3101      	adds	r1, #1
20000b78:	50a7      	str	r7, [r4, r2]
20000b7a:	3204      	adds	r2, #4
20000b7c:	428d      	cmp	r5, r1
20000b7e:	d8f9      	bhi.n	20000b74 <sync_ep_buffer+0x68>
20000b80:	4662      	mov	r2, ip
20000b82:	00ad      	lsls	r5, r5, #2
20000b84:	1976      	adds	r6, r6, r5
20000b86:	1964      	adds	r4, r4, r5
20000b88:	1b57      	subs	r7, r2, r5
20000b8a:	42a8      	cmp	r0, r5
20000b8c:	d009      	beq.n	20000ba2 <sync_ep_buffer+0x96>
20000b8e:	7832      	ldrb	r2, [r6, #0]
20000b90:	7022      	strb	r2, [r4, #0]
20000b92:	2f00      	cmp	r7, #0
20000b94:	d005      	beq.n	20000ba2 <sync_ep_buffer+0x96>
20000b96:	7872      	ldrb	r2, [r6, #1]
20000b98:	7062      	strb	r2, [r4, #1]
20000b9a:	2f01      	cmp	r7, #1
20000b9c:	d001      	beq.n	20000ba2 <sync_ep_buffer+0x96>
20000b9e:	78b2      	ldrb	r2, [r6, #2]
20000ba0:	70a2      	strb	r2, [r4, #2]
20000ba2:	691c      	ldr	r4, [r3, #16]
20000ba4:	8ada      	ldrh	r2, [r3, #22]
20000ba6:	1824      	adds	r4, r4, r0
20000ba8:	1882      	adds	r2, r0, r2
20000baa:	82da      	strh	r2, [r3, #22]
20000bac:	611c      	str	r4, [r3, #16]
20000bae:	e7bc      	b.n	20000b2a <sync_ep_buffer+0x1e>
20000bb0:	2200      	movs	r2, #0
20000bb2:	5cb1      	ldrb	r1, [r6, r2]
20000bb4:	54a1      	strb	r1, [r4, r2]
20000bb6:	3201      	adds	r2, #1
20000bb8:	4290      	cmp	r0, r2
20000bba:	d1fa      	bne.n	20000bb2 <sync_ep_buffer+0xa6>
20000bbc:	691c      	ldr	r4, [r3, #16]
20000bbe:	e7f1      	b.n	20000ba4 <sync_ep_buffer+0x98>

20000bc0 <_hw_endpoint_xfer_sync>:
20000bc0:	b510      	push	{r4, lr}
20000bc2:	0004      	movs	r4, r0
20000bc4:	6883      	ldr	r3, [r0, #8]
20000bc6:	2100      	movs	r1, #0
20000bc8:	681b      	ldr	r3, [r3, #0]
20000bca:	f7ff ff9f 	bl	20000b0c <sync_ep_buffer>
20000bce:	6863      	ldr	r3, [r4, #4]
20000bd0:	681b      	ldr	r3, [r3, #0]
20000bd2:	005b      	lsls	r3, r3, #1
20000bd4:	d502      	bpl.n	20000bdc <_hw_endpoint_xfer_sync+0x1c>
20000bd6:	8b23      	ldrh	r3, [r4, #24]
20000bd8:	4283      	cmp	r3, r0
20000bda:	d000      	beq.n	20000bde <_hw_endpoint_xfer_sync+0x1e>
20000bdc:	bd10      	pop	{r4, pc}
20000bde:	2101      	movs	r1, #1
20000be0:	0020      	movs	r0, r4
20000be2:	f7ff ff93 	bl	20000b0c <sync_ep_buffer>
20000be6:	e7f9      	b.n	20000bdc <_hw_endpoint_xfer_sync+0x1c>

20000be8 <e15_is_bulkin_ep>:
20000be8:	4a08      	ldr	r2, [pc, #32]	; (20000c0c <e15_is_bulkin_ep+0x24>)
20000bea:	0003      	movs	r3, r0
20000bec:	6c12      	ldr	r2, [r2, #64]	; 0x40
20000bee:	2000      	movs	r0, #0
20000bf0:	0792      	lsls	r2, r2, #30
20000bf2:	d403      	bmi.n	20000bfc <e15_is_bulkin_ep+0x14>
20000bf4:	789a      	ldrb	r2, [r3, #2]
20000bf6:	09d2      	lsrs	r2, r2, #7
20000bf8:	2a01      	cmp	r2, #1
20000bfa:	d000      	beq.n	20000bfe <e15_is_bulkin_ep+0x16>
20000bfc:	4770      	bx	lr
20000bfe:	7ed8      	ldrb	r0, [r3, #27]
20000c00:	3802      	subs	r0, #2
20000c02:	4243      	negs	r3, r0
20000c04:	4158      	adcs	r0, r3
20000c06:	b2c0      	uxtb	r0, r0
20000c08:	e7f8      	b.n	20000bfc <e15_is_bulkin_ep+0x14>
20000c0a:	46c0      	nop			; (mov r8, r8)
20000c0c:	50110000 	.word	0x50110000

20000c10 <e15_is_critical_frame_period>:
20000c10:	b510      	push	{r4, lr}
20000c12:	f7ff ffe9 	bl	20000be8 <e15_is_bulkin_ep>
20000c16:	2800      	cmp	r0, #0
20000c18:	d00c      	beq.n	20000c34 <e15_is_critical_frame_period+0x24>
20000c1a:	4907      	ldr	r1, [pc, #28]	; (20000c38 <e15_is_critical_frame_period+0x28>)
20000c1c:	4b07      	ldr	r3, [pc, #28]	; (20000c3c <e15_is_critical_frame_period+0x2c>)
20000c1e:	468c      	mov	ip, r1
20000c20:	4a07      	ldr	r2, [pc, #28]	; (20000c40 <e15_is_critical_frame_period+0x30>)
20000c22:	6a9b      	ldr	r3, [r3, #40]	; 0x28
20000c24:	6812      	ldr	r2, [r2, #0]
20000c26:	4463      	add	r3, ip
20000c28:	1a9b      	subs	r3, r3, r2
20000c2a:	2000      	movs	r0, #0
20000c2c:	22c6      	movs	r2, #198	; 0xc6
20000c2e:	429a      	cmp	r2, r3
20000c30:	4140      	adcs	r0, r0
20000c32:	b2c0      	uxtb	r0, r0
20000c34:	bd10      	pop	{r4, pc}
20000c36:	46c0      	nop			; (mov r8, r8)
20000c38:	fffffce0 	.word	0xfffffce0
20000c3c:	40054000 	.word	0x40054000
20000c40:	20001b30 	.word	0x20001b30

20000c44 <hw_endpoint_reset_transfer>:
20000c44:	2300      	movs	r3, #0
20000c46:	7683      	strb	r3, [r0, #26]
20000c48:	6143      	str	r3, [r0, #20]
20000c4a:	6103      	str	r3, [r0, #16]
20000c4c:	4770      	bx	lr
20000c4e:	46c0      	nop			; (mov r8, r8)

20000c50 <_hw_endpoint_buffer_control_update32>:
20000c50:	b510      	push	{r4, lr}
20000c52:	6883      	ldr	r3, [r0, #8]
20000c54:	2900      	cmp	r1, #0
20000c56:	d001      	beq.n	20000c5c <_hw_endpoint_buffer_control_update32+0xc>
20000c58:	681c      	ldr	r4, [r3, #0]
20000c5a:	4021      	ands	r1, r4
20000c5c:	2a00      	cmp	r2, #0
20000c5e:	d012      	beq.n	20000c86 <_hw_endpoint_buffer_control_update32+0x36>
20000c60:	2480      	movs	r4, #128	; 0x80
20000c62:	00e4      	lsls	r4, r4, #3
20000c64:	4311      	orrs	r1, r2
20000c66:	4222      	tst	r2, r4
20000c68:	d00d      	beq.n	20000c86 <_hw_endpoint_buffer_control_update32+0x36>
20000c6a:	681a      	ldr	r2, [r3, #0]
20000c6c:	4222      	tst	r2, r4
20000c6e:	d10c      	bne.n	20000c8a <_hw_endpoint_buffer_control_update32+0x3a>
20000c70:	4a08      	ldr	r2, [pc, #32]	; (20000c94 <_hw_endpoint_buffer_control_update32+0x44>)
20000c72:	400a      	ands	r2, r1
20000c74:	601a      	str	r2, [r3, #0]
20000c76:	4a08      	ldr	r2, [pc, #32]	; (20000c98 <_hw_endpoint_buffer_control_update32+0x48>)
20000c78:	6c12      	ldr	r2, [r2, #64]	; 0x40
20000c7a:	0792      	lsls	r2, r2, #30
20000c7c:	d403      	bmi.n	20000c86 <_hw_endpoint_buffer_control_update32+0x36>
20000c7e:	230c      	movs	r3, #12
20000c80:	3b03      	subs	r3, #3
20000c82:	d2fd      	bcs.n	20000c80 <_hw_endpoint_buffer_control_update32+0x30>
20000c84:	6883      	ldr	r3, [r0, #8]
20000c86:	6019      	str	r1, [r3, #0]
20000c88:	bd10      	pop	{r4, pc}
20000c8a:	7881      	ldrb	r1, [r0, #2]
20000c8c:	4803      	ldr	r0, [pc, #12]	; (20000c9c <_hw_endpoint_buffer_control_update32+0x4c>)
20000c8e:	f000 f95f 	bl	20000f50 <__panic_veneer>
20000c92:	46c0      	nop			; (mov r8, r8)
20000c94:	fffffbff 	.word	0xfffffbff
20000c98:	50110000 	.word	0x50110000
20000c9c:	10006e98 	.word	0x10006e98

20000ca0 <hw_endpoint_start_next_buffer>:
20000ca0:	6843      	ldr	r3, [r0, #4]
20000ca2:	b570      	push	{r4, r5, r6, lr}
20000ca4:	2100      	movs	r1, #0
20000ca6:	2580      	movs	r5, #128	; 0x80
20000ca8:	681e      	ldr	r6, [r3, #0]
20000caa:	0004      	movs	r4, r0
20000cac:	f7ff feb4 	bl	20000a18 <prepare_ep_buffer>
20000cb0:	4b13      	ldr	r3, [pc, #76]	; (20000d00 <hw_endpoint_start_next_buffer+0x60>)
20000cb2:	016d      	lsls	r5, r5, #5
20000cb4:	6c1b      	ldr	r3, [r3, #64]	; 0x40
20000cb6:	4305      	orrs	r5, r0
20000cb8:	079b      	lsls	r3, r3, #30
20000cba:	d50f      	bpl.n	20000cdc <hw_endpoint_start_next_buffer+0x3c>
20000cbc:	78a3      	ldrb	r3, [r4, #2]
20000cbe:	065b      	lsls	r3, r3, #25
20000cc0:	d00f      	beq.n	20000ce2 <hw_endpoint_start_next_buffer+0x42>
20000cc2:	4b10      	ldr	r3, [pc, #64]	; (20000d04 <hw_endpoint_start_next_buffer+0x64>)
20000cc4:	401e      	ands	r6, r3
20000cc6:	2380      	movs	r3, #128	; 0x80
20000cc8:	059b      	lsls	r3, r3, #22
20000cca:	4333      	orrs	r3, r6
20000ccc:	6862      	ldr	r2, [r4, #4]
20000cce:	2100      	movs	r1, #0
20000cd0:	6013      	str	r3, [r2, #0]
20000cd2:	0020      	movs	r0, r4
20000cd4:	002a      	movs	r2, r5
20000cd6:	f7ff ffbb 	bl	20000c50 <_hw_endpoint_buffer_control_update32>
20000cda:	bd70      	pop	{r4, r5, r6, pc}
20000cdc:	78a3      	ldrb	r3, [r4, #2]
20000cde:	09db      	lsrs	r3, r3, #7
20000ce0:	d0ef      	beq.n	20000cc2 <hw_endpoint_start_next_buffer+0x22>
20000ce2:	8aa3      	ldrh	r3, [r4, #20]
20000ce4:	2b00      	cmp	r3, #0
20000ce6:	d0ec      	beq.n	20000cc2 <hw_endpoint_start_next_buffer+0x22>
20000ce8:	2101      	movs	r1, #1
20000cea:	0020      	movs	r0, r4
20000cec:	f7ff fe94 	bl	20000a18 <prepare_ep_buffer>
20000cf0:	23a0      	movs	r3, #160	; 0xa0
20000cf2:	4a05      	ldr	r2, [pc, #20]	; (20000d08 <hw_endpoint_start_next_buffer+0x68>)
20000cf4:	05db      	lsls	r3, r3, #23
20000cf6:	4032      	ands	r2, r6
20000cf8:	4305      	orrs	r5, r0
20000cfa:	4313      	orrs	r3, r2
20000cfc:	e7e6      	b.n	20000ccc <hw_endpoint_start_next_buffer+0x2c>
20000cfe:	46c0      	nop			; (mov r8, r8)
20000d00:	50110000 	.word	0x50110000
20000d04:	afffffff 	.word	0xafffffff
20000d08:	dfffffff 	.word	0xdfffffff

20000d0c <hw_endpoint_xfer_continue>:
20000d0c:	b570      	push	{r4, r5, r6, lr}
20000d0e:	7e85      	ldrb	r5, [r0, #26]
20000d10:	0004      	movs	r4, r0
20000d12:	2d00      	cmp	r5, #0
20000d14:	d013      	beq.n	20000d3e <hw_endpoint_xfer_continue+0x32>
20000d16:	f7ff ff53 	bl	20000bc0 <_hw_endpoint_xfer_sync>
20000d1a:	8aa3      	ldrh	r3, [r4, #20]
20000d1c:	2b00      	cmp	r3, #0
20000d1e:	d101      	bne.n	20000d24 <hw_endpoint_xfer_continue+0x18>
20000d20:	0028      	movs	r0, r5
20000d22:	bd70      	pop	{r4, r5, r6, pc}
20000d24:	0020      	movs	r0, r4
20000d26:	f7ff ff73 	bl	20000c10 <e15_is_critical_frame_period>
20000d2a:	1e05      	subs	r5, r0, #0
20000d2c:	d003      	beq.n	20000d36 <hw_endpoint_xfer_continue+0x2a>
20000d2e:	2301      	movs	r3, #1
20000d30:	2500      	movs	r5, #0
20000d32:	7723      	strb	r3, [r4, #28]
20000d34:	e7f4      	b.n	20000d20 <hw_endpoint_xfer_continue+0x14>
20000d36:	0020      	movs	r0, r4
20000d38:	f7ff ffb2 	bl	20000ca0 <hw_endpoint_start_next_buffer>
20000d3c:	e7f0      	b.n	20000d20 <hw_endpoint_xfer_continue+0x14>
20000d3e:	7881      	ldrb	r1, [r0, #2]
20000d40:	4801      	ldr	r0, [pc, #4]	; (20000d48 <hw_endpoint_xfer_continue+0x3c>)
20000d42:	f000 f905 	bl	20000f50 <__panic_veneer>
20000d46:	46c0      	nop			; (mov r8, r8)
20000d48:	10006eb8 	.word	0x10006eb8

20000d4c <dcd_event_handler>:
20000d4c:	b5f0      	push	{r4, r5, r6, r7, lr}
20000d4e:	46ce      	mov	lr, r9
20000d50:	4647      	mov	r7, r8
20000d52:	b580      	push	{r7, lr}
20000d54:	7843      	ldrb	r3, [r0, #1]
20000d56:	0005      	movs	r5, r0
20000d58:	000e      	movs	r6, r1
20000d5a:	b085      	sub	sp, #20
20000d5c:	2b06      	cmp	r3, #6
20000d5e:	d812      	bhi.n	20000d86 <dcd_event_handler+0x3a>
20000d60:	4a6f      	ldr	r2, [pc, #444]	; (20000f20 <dcd_event_handler+0x1d4>)
20000d62:	009b      	lsls	r3, r3, #2
20000d64:	58d3      	ldr	r3, [r2, r3]
20000d66:	469f      	mov	pc, r3
20000d68:	2101      	movs	r1, #1
20000d6a:	4b6e      	ldr	r3, [pc, #440]	; (20000f24 <dcd_event_handler+0x1d8>)
20000d6c:	781a      	ldrb	r2, [r3, #0]
20000d6e:	438a      	bics	r2, r1
20000d70:	701a      	strb	r2, [r3, #0]
20000d72:	781a      	ldrb	r2, [r3, #0]
20000d74:	3101      	adds	r1, #1
20000d76:	438a      	bics	r2, r1
20000d78:	701a      	strb	r2, [r3, #0]
20000d7a:	2200      	movs	r2, #0
20000d7c:	705a      	strb	r2, [r3, #1]
20000d7e:	781a      	ldrb	r2, [r3, #0]
20000d80:	3102      	adds	r1, #2
20000d82:	438a      	bics	r2, r1
20000d84:	701a      	strb	r2, [r3, #0]
20000d86:	4b68      	ldr	r3, [pc, #416]	; (20000f28 <dcd_event_handler+0x1dc>)
20000d88:	681c      	ldr	r4, [r3, #0]
20000d8a:	6962      	ldr	r2, [r4, #20]
20000d8c:	f3ef 8110 	mrs	r1, PRIMASK
20000d90:	b672      	cpsid	i
20000d92:	6813      	ldr	r3, [r2, #0]
20000d94:	2b00      	cmp	r3, #0
20000d96:	d0fc      	beq.n	20000d92 <dcd_event_handler+0x46>
20000d98:	f3bf 8f5f 	dmb	sy
20000d9c:	61a1      	str	r1, [r4, #24]
20000d9e:	0020      	movs	r0, r4
20000da0:	0029      	movs	r1, r5
20000da2:	f000 f8f5 	bl	20000f90 <__tu_fifo_write_veneer>
20000da6:	6962      	ldr	r2, [r4, #20]
20000da8:	69a3      	ldr	r3, [r4, #24]
20000daa:	f3bf 8f5f 	dmb	sy
20000dae:	2100      	movs	r1, #0
20000db0:	6011      	str	r1, [r2, #0]
20000db2:	f383 8810 	msr	PRIMASK, r3
20000db6:	2800      	cmp	r0, #0
20000db8:	d104      	bne.n	20000dc4 <dcd_event_handler+0x78>
20000dba:	b005      	add	sp, #20
20000dbc:	bcc0      	pop	{r6, r7}
20000dbe:	46b9      	mov	r9, r7
20000dc0:	46b0      	mov	r8, r6
20000dc2:	bdf0      	pop	{r4, r5, r6, r7, pc}
20000dc4:	0032      	movs	r2, r6
20000dc6:	7869      	ldrb	r1, [r5, #1]
20000dc8:	7828      	ldrb	r0, [r5, #0]
20000dca:	f000 f8e9 	bl	20000fa0 <__tud_event_hook_cb_veneer>
20000dce:	e7f4      	b.n	20000dba <dcd_event_handler+0x6e>
20000dd0:	4a56      	ldr	r2, [pc, #344]	; (20000f2c <dcd_event_handler+0x1e0>)
20000dd2:	7813      	ldrb	r3, [r2, #0]
20000dd4:	3301      	adds	r3, #1
20000dd6:	b2db      	uxtb	r3, r3
20000dd8:	7013      	strb	r3, [r2, #0]
20000dda:	e7d4      	b.n	20000d86 <dcd_event_handler+0x3a>
20000ddc:	4954      	ldr	r1, [pc, #336]	; (20000f30 <dcd_event_handler+0x1e4>)
20000dde:	4f55      	ldr	r7, [pc, #340]	; (20000f34 <dcd_event_handler+0x1e8>)
20000de0:	4689      	mov	r9, r1
20000de2:	4955      	ldr	r1, [pc, #340]	; (20000f38 <dcd_event_handler+0x1ec>)
20000de4:	2400      	movs	r4, #0
20000de6:	2300      	movs	r3, #0
20000de8:	4688      	mov	r8, r1
20000dea:	783a      	ldrb	r2, [r7, #0]
20000dec:	e00c      	b.n	20000e08 <dcd_event_handler+0xbc>
20000dee:	4641      	mov	r1, r8
20000df0:	6809      	ldr	r1, [r1, #0]
20000df2:	0163      	lsls	r3, r4, #5
20000df4:	468c      	mov	ip, r1
20000df6:	4463      	add	r3, ip
20000df8:	2b00      	cmp	r3, #0
20000dfa:	d10a      	bne.n	20000e12 <dcd_event_handler+0xc6>
20000dfc:	3401      	adds	r4, #1
20000dfe:	b2e4      	uxtb	r4, r4
20000e00:	1c51      	adds	r1, r2, #1
20000e02:	0023      	movs	r3, r4
20000e04:	42a1      	cmp	r1, r4
20000e06:	db11      	blt.n	20000e2c <dcd_event_handler+0xe0>
20000e08:	4294      	cmp	r4, r2
20000e0a:	d3f0      	bcc.n	20000dee <dcd_event_handler+0xa2>
20000e0c:	1a9b      	subs	r3, r3, r2
20000e0e:	015b      	lsls	r3, r3, #5
20000e10:	444b      	add	r3, r9
20000e12:	69db      	ldr	r3, [r3, #28]
20000e14:	2b00      	cmp	r3, #0
20000e16:	d0f1      	beq.n	20000dfc <dcd_event_handler+0xb0>
20000e18:	6869      	ldr	r1, [r5, #4]
20000e1a:	7828      	ldrb	r0, [r5, #0]
20000e1c:	4798      	blx	r3
20000e1e:	783a      	ldrb	r2, [r7, #0]
20000e20:	3401      	adds	r4, #1
20000e22:	b2e4      	uxtb	r4, r4
20000e24:	1c51      	adds	r1, r2, #1
20000e26:	0023      	movs	r3, r4
20000e28:	42a1      	cmp	r1, r4
20000e2a:	daed      	bge.n	20000e08 <dcd_event_handler+0xbc>
20000e2c:	4f3d      	ldr	r7, [pc, #244]	; (20000f24 <dcd_event_handler+0x1d8>)
20000e2e:	783b      	ldrb	r3, [r7, #0]
20000e30:	075b      	lsls	r3, r3, #29
20000e32:	d52a      	bpl.n	20000e8a <dcd_event_handler+0x13e>
20000e34:	2204      	movs	r2, #4
20000e36:	783b      	ldrb	r3, [r7, #0]
20000e38:	ac01      	add	r4, sp, #4
20000e3a:	4393      	bics	r3, r2
20000e3c:	2100      	movs	r1, #0
20000e3e:	0020      	movs	r0, r4
20000e40:	3208      	adds	r2, #8
20000e42:	703b      	strb	r3, [r7, #0]
20000e44:	f000 f88c 	bl	20000f60 <____wrap_memset_veneer>
20000e48:	782b      	ldrb	r3, [r5, #0]
20000e4a:	7023      	strb	r3, [r4, #0]
20000e4c:	2305      	movs	r3, #5
20000e4e:	7063      	strb	r3, [r4, #1]
20000e50:	4b35      	ldr	r3, [pc, #212]	; (20000f28 <dcd_event_handler+0x1dc>)
20000e52:	681b      	ldr	r3, [r3, #0]
20000e54:	4698      	mov	r8, r3
20000e56:	695a      	ldr	r2, [r3, #20]
20000e58:	f3ef 8110 	mrs	r1, PRIMASK
20000e5c:	b672      	cpsid	i
20000e5e:	6813      	ldr	r3, [r2, #0]
20000e60:	2b00      	cmp	r3, #0
20000e62:	d0fc      	beq.n	20000e5e <dcd_event_handler+0x112>
20000e64:	f3bf 8f5f 	dmb	sy
20000e68:	4643      	mov	r3, r8
20000e6a:	4640      	mov	r0, r8
20000e6c:	6199      	str	r1, [r3, #24]
20000e6e:	0021      	movs	r1, r4
20000e70:	f000 f88e 	bl	20000f90 <__tu_fifo_write_veneer>
20000e74:	4643      	mov	r3, r8
20000e76:	695a      	ldr	r2, [r3, #20]
20000e78:	699b      	ldr	r3, [r3, #24]
20000e7a:	f3bf 8f5f 	dmb	sy
20000e7e:	2100      	movs	r1, #0
20000e80:	6011      	str	r1, [r2, #0]
20000e82:	f383 8810 	msr	PRIMASK, r3
20000e86:	2800      	cmp	r0, #0
20000e88:	d144      	bne.n	20000f14 <dcd_event_handler+0x1c8>
20000e8a:	78fb      	ldrb	r3, [r7, #3]
20000e8c:	07db      	lsls	r3, r3, #31
20000e8e:	d400      	bmi.n	20000e92 <dcd_event_handler+0x146>
20000e90:	e793      	b.n	20000dba <dcd_event_handler+0x6e>
20000e92:	ac01      	add	r4, sp, #4
20000e94:	220c      	movs	r2, #12
20000e96:	2100      	movs	r1, #0
20000e98:	0020      	movs	r0, r4
20000e9a:	f000 f861 	bl	20000f60 <____wrap_memset_veneer>
20000e9e:	782b      	ldrb	r3, [r5, #0]
20000ea0:	7023      	strb	r3, [r4, #0]
20000ea2:	2303      	movs	r3, #3
20000ea4:	7063      	strb	r3, [r4, #1]
20000ea6:	686b      	ldr	r3, [r5, #4]
20000ea8:	6063      	str	r3, [r4, #4]
20000eaa:	4b1f      	ldr	r3, [pc, #124]	; (20000f28 <dcd_event_handler+0x1dc>)
20000eac:	681d      	ldr	r5, [r3, #0]
20000eae:	696a      	ldr	r2, [r5, #20]
20000eb0:	f3ef 8110 	mrs	r1, PRIMASK
20000eb4:	b672      	cpsid	i
20000eb6:	6813      	ldr	r3, [r2, #0]
20000eb8:	2b00      	cmp	r3, #0
20000eba:	d0fc      	beq.n	20000eb6 <dcd_event_handler+0x16a>
20000ebc:	f3bf 8f5f 	dmb	sy
20000ec0:	61a9      	str	r1, [r5, #24]
20000ec2:	0028      	movs	r0, r5
20000ec4:	0021      	movs	r1, r4
20000ec6:	f000 f863 	bl	20000f90 <__tu_fifo_write_veneer>
20000eca:	696a      	ldr	r2, [r5, #20]
20000ecc:	69ab      	ldr	r3, [r5, #24]
20000ece:	f3bf 8f5f 	dmb	sy
20000ed2:	2100      	movs	r1, #0
20000ed4:	6011      	str	r1, [r2, #0]
20000ed6:	f383 8810 	msr	PRIMASK, r3
20000eda:	2800      	cmp	r0, #0
20000edc:	d100      	bne.n	20000ee0 <dcd_event_handler+0x194>
20000ede:	e76c      	b.n	20000dba <dcd_event_handler+0x6e>
20000ee0:	0032      	movs	r2, r6
20000ee2:	7861      	ldrb	r1, [r4, #1]
20000ee4:	7820      	ldrb	r0, [r4, #0]
20000ee6:	f000 f85b 	bl	20000fa0 <__tud_event_hook_cb_veneer>
20000eea:	e766      	b.n	20000dba <dcd_event_handler+0x6e>
20000eec:	4b0d      	ldr	r3, [pc, #52]	; (20000f24 <dcd_event_handler+0x1d8>)
20000eee:	781a      	ldrb	r2, [r3, #0]
20000ef0:	07d2      	lsls	r2, r2, #31
20000ef2:	d400      	bmi.n	20000ef6 <dcd_event_handler+0x1aa>
20000ef4:	e761      	b.n	20000dba <dcd_event_handler+0x6e>
20000ef6:	2104      	movs	r1, #4
20000ef8:	781a      	ldrb	r2, [r3, #0]
20000efa:	430a      	orrs	r2, r1
20000efc:	701a      	strb	r2, [r3, #0]
20000efe:	e742      	b.n	20000d86 <dcd_event_handler+0x3a>
20000f00:	4b08      	ldr	r3, [pc, #32]	; (20000f24 <dcd_event_handler+0x1d8>)
20000f02:	781a      	ldrb	r2, [r3, #0]
20000f04:	07d2      	lsls	r2, r2, #31
20000f06:	d400      	bmi.n	20000f0a <dcd_event_handler+0x1be>
20000f08:	e757      	b.n	20000dba <dcd_event_handler+0x6e>
20000f0a:	2104      	movs	r1, #4
20000f0c:	781a      	ldrb	r2, [r3, #0]
20000f0e:	438a      	bics	r2, r1
20000f10:	701a      	strb	r2, [r3, #0]
20000f12:	e738      	b.n	20000d86 <dcd_event_handler+0x3a>
20000f14:	0032      	movs	r2, r6
20000f16:	7861      	ldrb	r1, [r4, #1]
20000f18:	7820      	ldrb	r0, [r4, #0]
20000f1a:	f000 f841 	bl	20000fa0 <__tud_event_hook_cb_veneer>
20000f1e:	e7b4      	b.n	20000e8a <dcd_event_handler+0x13e>
20000f20:	10006f6c 	.word	0x10006f6c
20000f24:	200015e4 	.word	0x200015e4
20000f28:	2000163c 	.word	0x2000163c
20000f2c:	20001f87 	.word	0x20001f87
20000f30:	10006f88 	.word	0x10006f88
20000f34:	20001f85 	.word	0x20001f85
20000f38:	20001434 	.word	0x20001434

20000f3c <__aeabi_idiv0>:
20000f3c:	4770      	bx	lr
20000f3e:	46c0      	nop			; (mov r8, r8)

20000f40 <____wrap___aeabi_lmul_veneer>:
20000f40:	b401      	push	{r0}
20000f42:	4802      	ldr	r0, [pc, #8]	; (20000f4c <____wrap___aeabi_lmul_veneer+0xc>)
20000f44:	4684      	mov	ip, r0
20000f46:	bc01      	pop	{r0}
20000f48:	4760      	bx	ip
20000f4a:	bf00      	nop
20000f4c:	100024dd 	.word	0x100024dd

20000f50 <__panic_veneer>:
20000f50:	b401      	push	{r0}
20000f52:	4802      	ldr	r0, [pc, #8]	; (20000f5c <__panic_veneer+0xc>)
20000f54:	4684      	mov	ip, r0
20000f56:	bc01      	pop	{r0}
20000f58:	4760      	bx	ip
20000f5a:	bf00      	nop
20000f5c:	10000471 	.word	0x10000471

20000f60 <____wrap_memset_veneer>:
20000f60:	b401      	push	{r0}
20000f62:	4802      	ldr	r0, [pc, #8]	; (20000f6c <____wrap_memset_veneer+0xc>)
20000f64:	4684      	mov	ip, r0
20000f66:	bc01      	pop	{r0}
20000f68:	4760      	bx	ip
20000f6a:	bf00      	nop
20000f6c:	100025b1 	.word	0x100025b1

20000f70 <__best_effort_wfe_or_timeout_veneer>:
20000f70:	b401      	push	{r0}
20000f72:	4802      	ldr	r0, [pc, #8]	; (20000f7c <__best_effort_wfe_or_timeout_veneer+0xc>)
20000f74:	4684      	mov	ip, r0
20000f76:	bc01      	pop	{r0}
20000f78:	4760      	bx	ip
20000f7a:	bf00      	nop
20000f7c:	10001151 	.word	0x10001151

20000f80 <__time_us_64_veneer>:
20000f80:	b401      	push	{r0}
20000f82:	4802      	ldr	r0, [pc, #8]	; (20000f8c <__time_us_64_veneer+0xc>)
20000f84:	4684      	mov	ip, r0
20000f86:	bc01      	pop	{r0}
20000f88:	4760      	bx	ip
20000f8a:	bf00      	nop
20000f8c:	10001271 	.word	0x10001271

20000f90 <__tu_fifo_write_veneer>:
20000f90:	b401      	push	{r0}
20000f92:	4802      	ldr	r0, [pc, #8]	; (20000f9c <__tu_fifo_write_veneer+0xc>)
20000f94:	4684      	mov	ip, r0
20000f96:	bc01      	pop	{r0}
20000f98:	4760      	bx	ip
20000f9a:	bf00      	nop
20000f9c:	10006535 	.word	0x10006535

20000fa0 <__tud_event_hook_cb_veneer>:
20000fa0:	b401      	push	{r0}
20000fa2:	4802      	ldr	r0, [pc, #8]	; (20000fac <__tud_event_hook_cb_veneer+0xc>)
20000fa4:	4684      	mov	ip, r0
20000fa6:	bc01      	pop	{r0}
20000fa8:	4760      	bx	ip
20000faa:	bf00      	nop
20000fac:	10004aad 	.word	0x10004aad

20000fb0 <__rp2040_chip_version_veneer>:
20000fb0:	b401      	push	{r0}
20000fb2:	4802      	ldr	r0, [pc, #8]	; (20000fbc <__rp2040_chip_version_veneer+0xc>)
20000fb4:	4684      	mov	ip, r0
20000fb6:	bc01      	pop	{r0}
20000fb8:	4760      	bx	ip
20000fba:	bf00      	nop
20000fbc:	10000465 	.word	0x10000465

20000fc0 <striped_spin_lock_num>:
20000fc0:	00000010                                ....

20000fc4 <irq_handler_chain_slots>:
20000fc4:	00000000 	.word	0x00000000
20000fc8:	00010000 	.word	0x00010000
	...
20000fd4:	00020000 	.word	0x00020000
	...
20000fe0:	00030000 	.word	0x00030000
	...
20000fec:	00ff0000 	.word	0x00ff0000
20000ff0:	00000000 	.word	0x00000000

20000ff4 <irq_handler_chain_first_slot>:
20000ff4:	b501      	push	{r0, lr}
20000ff6:	6848      	ldr	r0, [r1, #4]
20000ff8:	3101      	adds	r1, #1
20000ffa:	468e      	mov	lr, r1
20000ffc:	4700      	bx	r0

20000ffe <irq_handler_chain_remove_tail>:
20000ffe:	4670      	mov	r0, lr
20001000:	3809      	subs	r0, #9
20001002:	4901      	ldr	r1, [pc, #4]	; (20001008 <irq_handler_chain_remove_tail+0xa>)
20001004:	4788      	blx	r1
20001006:	bd01      	pop	{r0, pc}
20001008:	100008a5 	.word	0x100008a5

2000100c <default_alarm_pool>:
	...
20001020:	20001090 00000000 00000000 00000000     ... ............

20001030 <aeabi_bits_funcs>:
20001030:	00003350 	.word	0x00003350
20001034:	0000334c 	.word	0x0000334c
20001038:	00003354 	.word	0x00003354
2000103c:	00003352 	.word	0x00003352

20001040 <aeabi_bits_funcs_end>:
20001040:	0000534d 	.word	0x0000534d
20001044:	0000434d 	.word	0x0000434d
20001048:	00003453 	.word	0x00003453
2000104c:	00003443 	.word	0x00003443

20001050 <stdio_usb>:
20001050:	10004261 10004211 10004181 100040f9     aB...B...A...@..
20001060:	00000000 00000100                       ........

20001068 <_usbd_qdef>:
20001068:	20001640 000c0010 00000000 00000000     @.. ............
	...

20001084 <_usbd_rhport>:
20001084:	000000ff                                ....

20001088 <print_mutex>:
	...
