
/home/lukas/Documents/codes/SemesterProjekt-2/SemesterProjekt 2/picoCode/build/picoMain.elf:     file format elf32-littlearm

Sections:
Idx Name          Size      VMA       LMA       File off  Algn
  0 .boot2        00000100  10000000  10000000  00001000  2**0
                  CONTENTS, ALLOC, LOAD, READONLY, CODE
  1 .text         0000459c  10000100  10000100  00001100  2**3
                  CONTENTS, ALLOC, LOAD, READONLY, CODE
  2 .rodata       00000410  1000469c  1000469c  0000569c  2**2
                  CONTENTS, ALLOC, LOAD, READONLY, DATA
  3 .binary_info  00000020  10004aac  10004aac  00005aac  2**2
                  CONTENTS, ALLOC, LOAD, READONLY, DATA
  4 .ram_vector_table 000000c0  20000000  20000000  00008000  2**2
                  ALLOC
  5 .uninitialized_data 00000000  200000c0  200000c0  00007090  2**0
                  CONTENTS
  6 .data         00000fd0  200000c0  10004acc  000060c0  2**4
                  CONTENTS, ALLOC, LOAD, READONLY, CODE
  7 .tdata        00000000  20001090  20001090  00007090  2**0
                  CONTENTS, ALLOC, LOAD, DATA, THREAD_LOCAL
  8 .tbss         00000000  20001090  20001090  00000000  2**0
                  ALLOC, THREAD_LOCAL
  9 .bss          00000f00  20001090  10005a9c  00007090  2**3
                  ALLOC
 10 .heap         00000800  20001f90  20001f90  00007090  2**2
                  CONTENTS, READONLY
 11 .scratch_x    00000000  20040000  20040000  00007890  2**0
                  CONTENTS
 12 .scratch_y    00000000  20041000  20041000  00007890  2**0
                  CONTENTS
 13 .stack_dummy  00000800  20041000  20041000  000078a0  2**5
                  CONTENTS, READONLY
 14 .ARM.attributes 00000028  00000000  00000000  000080a0  2**0
                  CONTENTS, READONLY
 15 .comment      00000033  00000000  00000000  000080c8  2**0
                  CONTENTS, READONLY
 16 .debug_info   0002c857  00000000  00000000  000080fb  2**0
                  CONTENTS, READONLY, DEBUGGING, OCTETS
 17 .debug_abbrev 00007a02  00000000  00000000  00034952  2**0
                  CONTENTS, READONLY, DEBUGGING, OCTETS
 18 .debug_loc    00023180  00000000  00000000  0003c354  2**0
                  CONTENTS, READONLY, DEBUGGING, OCTETS
 19 .debug_aranges 00001540  00000000  00000000  0005f4d8  2**3
                  CONTENTS, READONLY, DEBUGGING, OCTETS
 20 .debug_ranges 0000b3f8  00000000  00000000  00060a18  2**3
                  CONTENTS, READONLY, DEBUGGING, OCTETS
 21 .debug_line   0001daa8  00000000  00000000  0006be10  2**0
                  CONTENTS, READONLY, DEBUGGING, OCTETS
 22 .debug_str    00007cd6  00000000  00000000  000898b8  2**0
                  CONTENTS, READONLY, DEBUGGING, OCTETS
 23 .debug_frame  00002b0c  00000000  00000000  00091590  2**2
                  CONTENTS, READONLY, DEBUGGING, OCTETS

/home/lukas/Documents/codes/SemesterProjekt-2/SemesterProjekt 2/picoCode/build/picoMain.elf:     file format elf32-littlearm


Disassembly of section .boot2:

10000000 <__boot2_start__>:
10000000:	4b32b500 	.word	0x4b32b500
10000004:	60582021 	.word	0x60582021
10000008:	21026898 	.word	0x21026898
1000000c:	60984388 	.word	0x60984388
10000010:	611860d8 	.word	0x611860d8
10000014:	4b2e6158 	.word	0x4b2e6158
10000018:	60992100 	.word	0x60992100
1000001c:	61592102 	.word	0x61592102
10000020:	22f02101 	.word	0x22f02101
10000024:	492b5099 	.word	0x492b5099
10000028:	21016019 	.word	0x21016019
1000002c:	20356099 	.word	0x20356099
10000030:	f844f000 	.word	0xf844f000
10000034:	42902202 	.word	0x42902202
10000038:	2106d014 	.word	0x2106d014
1000003c:	f0006619 	.word	0xf0006619
10000040:	6e19f834 	.word	0x6e19f834
10000044:	66192101 	.word	0x66192101
10000048:	66182000 	.word	0x66182000
1000004c:	f000661a 	.word	0xf000661a
10000050:	6e19f82c 	.word	0x6e19f82c
10000054:	6e196e19 	.word	0x6e196e19
10000058:	f0002005 	.word	0xf0002005
1000005c:	2101f82f 	.word	0x2101f82f
10000060:	d1f94208 	.word	0xd1f94208
10000064:	60992100 	.word	0x60992100
10000068:	6019491b 	.word	0x6019491b
1000006c:	60592100 	.word	0x60592100
10000070:	481b491a 	.word	0x481b491a
10000074:	21016001 	.word	0x21016001
10000078:	21eb6099 	.word	0x21eb6099
1000007c:	21a06619 	.word	0x21a06619
10000080:	f0006619 	.word	0xf0006619
10000084:	2100f812 	.word	0x2100f812
10000088:	49166099 	.word	0x49166099
1000008c:	60014814 	.word	0x60014814
10000090:	60992101 	.word	0x60992101
10000094:	2800bc01 	.word	0x2800bc01
10000098:	4700d000 	.word	0x4700d000
1000009c:	49134812 	.word	0x49134812
100000a0:	c8036008 	.word	0xc8036008
100000a4:	8808f380 	.word	0x8808f380
100000a8:	b5034708 	.word	0xb5034708
100000ac:	20046a99 	.word	0x20046a99
100000b0:	d0fb4201 	.word	0xd0fb4201
100000b4:	42012001 	.word	0x42012001
100000b8:	bd03d1f8 	.word	0xbd03d1f8
100000bc:	6618b502 	.word	0x6618b502
100000c0:	f7ff6618 	.word	0xf7ff6618
100000c4:	6e18fff2 	.word	0x6e18fff2
100000c8:	bd026e18 	.word	0xbd026e18
100000cc:	40020000 	.word	0x40020000
100000d0:	18000000 	.word	0x18000000
100000d4:	00070000 	.word	0x00070000
100000d8:	005f0300 	.word	0x005f0300
100000dc:	00002221 	.word	0x00002221
100000e0:	180000f4 	.word	0x180000f4
100000e4:	a0002022 	.word	0xa0002022
100000e8:	10000100 	.word	0x10000100
100000ec:	e000ed08 	.word	0xe000ed08
	...
100000fc:	7a4eb274 	.word	0x7a4eb274

Disassembly of section .text:

10000100 <__VECTOR_TABLE>:
10000100:	20042000 	.word	0x20042000
10000104:	100001f7 	.word	0x100001f7
10000108:	100001c3 	.word	0x100001c3
1000010c:	100001c5 	.word	0x100001c5
10000110:	100001c1 	.word	0x100001c1
10000114:	100001c1 	.word	0x100001c1
10000118:	100001c1 	.word	0x100001c1
1000011c:	100001c1 	.word	0x100001c1
10000120:	100001c1 	.word	0x100001c1
10000124:	100001c1 	.word	0x100001c1
10000128:	100001c1 	.word	0x100001c1
1000012c:	100001c7 	.word	0x100001c7
10000130:	100001c1 	.word	0x100001c1
10000134:	100001c1 	.word	0x100001c1
10000138:	100001c9 	.word	0x100001c9
1000013c:	100001cb 	.word	0x100001cb
10000140:	100001cd 	.word	0x100001cd
10000144:	100001cd 	.word	0x100001cd
10000148:	100001cd 	.word	0x100001cd
1000014c:	100001cd 	.word	0x100001cd
10000150:	100001cd 	.word	0x100001cd
10000154:	100001cd 	.word	0x100001cd
10000158:	100001cd 	.word	0x100001cd
1000015c:	100001cd 	.word	0x100001cd
10000160:	100001cd 	.word	0x100001cd
10000164:	100001cd 	.word	0x100001cd
10000168:	100001cd 	.word	0x100001cd
1000016c:	100001cd 	.word	0x100001cd
10000170:	100001cd 	.word	0x100001cd
10000174:	100001cd 	.word	0x100001cd
10000178:	100001cd 	.word	0x100001cd
1000017c:	100001cd 	.word	0x100001cd
10000180:	100001cd 	.word	0x100001cd
10000184:	100001cd 	.word	0x100001cd
10000188:	100001cd 	.word	0x100001cd
1000018c:	100001cd 	.word	0x100001cd
10000190:	100001cd 	.word	0x100001cd
10000194:	100001cd 	.word	0x100001cd
10000198:	100001cd 	.word	0x100001cd
1000019c:	100001cd 	.word	0x100001cd
100001a0:	100001cd 	.word	0x100001cd
100001a4:	100001cd 	.word	0x100001cd
100001a8:	100001cd 	.word	0x100001cd
100001ac:	100001cd 	.word	0x100001cd
100001b0:	100001cd 	.word	0x100001cd
100001b4:	100001cd 	.word	0x100001cd
100001b8:	100001cd 	.word	0x100001cd
100001bc:	100001cd 	.word	0x100001cd

100001c0 <isr_invalid>:
100001c0:	be00      	bkpt	0x0000

100001c2 <isr_nmi>:
100001c2:	be00      	bkpt	0x0000

100001c4 <isr_hardfault>:
100001c4:	be00      	bkpt	0x0000

100001c6 <isr_svcall>:
100001c6:	be00      	bkpt	0x0000

100001c8 <isr_pendsv>:
100001c8:	be00      	bkpt	0x0000

100001ca <isr_systick>:
100001ca:	be00      	bkpt	0x0000

100001cc <__unhandled_user_irq>:
100001cc:	f3ef 8005 	mrs	r0, IPSR
100001d0:	3810      	subs	r0, #16

100001d2 <unhandled_user_irq_num_in_r0>:
100001d2:	be00      	bkpt	0x0000

100001d4 <binary_info_header>:
100001d4:	7188ebf2 	.word	0x7188ebf2
100001d8:	10004aac 	.word	0x10004aac
100001dc:	10004acc 	.word	0x10004acc
100001e0:	10000238 	.word	0x10000238
100001e4:	e71aa390 	.word	0xe71aa390

100001e8 <_entry_point>:
100001e8:	481e      	ldr	r0, [pc, #120]	; (10000264 <data_cpy_table+0x2c>)

100001ea <_enter_vtable_in_r0>:
100001ea:	491f      	ldr	r1, [pc, #124]	; (10000268 <data_cpy_table+0x30>)
100001ec:	6008      	str	r0, [r1, #0]
100001ee:	c806      	ldmia	r0!, {r1, r2}
100001f0:	f381 8808 	msr	MSP, r1
100001f4:	4710      	bx	r2

100001f6 <_reset_handler>:
100001f6:	481d      	ldr	r0, [pc, #116]	; (1000026c <data_cpy_table+0x34>)
100001f8:	6800      	ldr	r0, [r0, #0]
100001fa:	2800      	cmp	r0, #0
100001fc:	d001      	beq.n	10000202 <hold_non_core0_in_bootrom+0x4>

100001fe <hold_non_core0_in_bootrom>:
100001fe:	4819      	ldr	r0, [pc, #100]	; (10000264 <data_cpy_table+0x2c>)
10000200:	e7f3      	b.n	100001ea <_enter_vtable_in_r0>
10000202:	a40d      	add	r4, pc, #52	; (adr r4, 10000238 <data_cpy_table>)
10000204:	cc0e      	ldmia	r4!, {r1, r2, r3}
10000206:	2900      	cmp	r1, #0
10000208:	d002      	beq.n	10000210 <hold_non_core0_in_bootrom+0x12>
1000020a:	f000 f812 	bl	10000232 <data_cpy>
1000020e:	e7f9      	b.n	10000204 <hold_non_core0_in_bootrom+0x6>
10000210:	4917      	ldr	r1, [pc, #92]	; (10000270 <data_cpy_table+0x38>)
10000212:	4a18      	ldr	r2, [pc, #96]	; (10000274 <data_cpy_table+0x3c>)
10000214:	2000      	movs	r0, #0
10000216:	e000      	b.n	1000021a <bss_fill_test>

10000218 <bss_fill_loop>:
10000218:	c101      	stmia	r1!, {r0}

1000021a <bss_fill_test>:
1000021a:	4291      	cmp	r1, r2
1000021c:	d1fc      	bne.n	10000218 <bss_fill_loop>

1000021e <platform_entry>:
1000021e:	4916      	ldr	r1, [pc, #88]	; (10000278 <data_cpy_table+0x40>)
10000220:	4788      	blx	r1
10000222:	4916      	ldr	r1, [pc, #88]	; (1000027c <data_cpy_table+0x44>)
10000224:	4788      	blx	r1
10000226:	4916      	ldr	r1, [pc, #88]	; (10000280 <data_cpy_table+0x48>)
10000228:	4788      	blx	r1
1000022a:	be00      	bkpt	0x0000
1000022c:	e7fd      	b.n	1000022a <platform_entry+0xc>

1000022e <data_cpy_loop>:
1000022e:	c901      	ldmia	r1!, {r0}
10000230:	c201      	stmia	r2!, {r0}

10000232 <data_cpy>:
10000232:	429a      	cmp	r2, r3
10000234:	d3fb      	bcc.n	1000022e <data_cpy_loop>
10000236:	4770      	bx	lr

10000238 <data_cpy_table>:
10000238:	10004acc 	.word	0x10004acc
1000023c:	200000c0 	.word	0x200000c0
10000240:	20001090 	.word	0x20001090
10000244:	10005a9c 	.word	0x10005a9c
10000248:	20040000 	.word	0x20040000
1000024c:	20040000 	.word	0x20040000
10000250:	10005a9c 	.word	0x10005a9c
10000254:	20041000 	.word	0x20041000
10000258:	20041000 	.word	0x20041000
1000025c:	00000000 	.word	0x00000000
10000260:	4770      	bx	lr
10000262:	0000      	.short	0x0000
10000264:	00000000 	.word	0x00000000
10000268:	e000ed08 	.word	0xe000ed08
1000026c:	d0000000 	.word	0xd0000000
10000270:	20001090 	.word	0x20001090
10000274:	20001f90 	.word	0x20001f90
10000278:	100019d9 	.word	0x100019d9
1000027c:	10000321 	.word	0x10000321
10000280:	100019d1 	.word	0x100019d1

10000284 <_init>:
10000284:	b5f8      	push	{r3, r4, r5, r6, r7, lr}
10000286:	46c0      	nop			; (mov r8, r8)

10000288 <deregister_tm_clones>:
10000288:	4804      	ldr	r0, [pc, #16]	; (1000029c <deregister_tm_clones+0x14>)
1000028a:	4b05      	ldr	r3, [pc, #20]	; (100002a0 <deregister_tm_clones+0x18>)
1000028c:	b510      	push	{r4, lr}
1000028e:	4283      	cmp	r3, r0
10000290:	d003      	beq.n	1000029a <deregister_tm_clones+0x12>
10000292:	4b04      	ldr	r3, [pc, #16]	; (100002a4 <deregister_tm_clones+0x1c>)
10000294:	2b00      	cmp	r3, #0
10000296:	d000      	beq.n	1000029a <deregister_tm_clones+0x12>
10000298:	4798      	blx	r3
1000029a:	bd10      	pop	{r4, pc}
1000029c:	20001090 	.word	0x20001090
100002a0:	20001090 	.word	0x20001090
100002a4:	00000000 	.word	0x00000000

100002a8 <register_tm_clones>:
100002a8:	4806      	ldr	r0, [pc, #24]	; (100002c4 <register_tm_clones+0x1c>)
100002aa:	4907      	ldr	r1, [pc, #28]	; (100002c8 <register_tm_clones+0x20>)
100002ac:	1a09      	subs	r1, r1, r0
100002ae:	108b      	asrs	r3, r1, #2
100002b0:	0fc9      	lsrs	r1, r1, #31
100002b2:	18c9      	adds	r1, r1, r3
100002b4:	b510      	push	{r4, lr}
100002b6:	1049      	asrs	r1, r1, #1
100002b8:	d003      	beq.n	100002c2 <register_tm_clones+0x1a>
100002ba:	4b04      	ldr	r3, [pc, #16]	; (100002cc <register_tm_clones+0x24>)
100002bc:	2b00      	cmp	r3, #0
100002be:	d000      	beq.n	100002c2 <register_tm_clones+0x1a>
100002c0:	4798      	blx	r3
100002c2:	bd10      	pop	{r4, pc}
100002c4:	20001090 	.word	0x20001090
100002c8:	20001090 	.word	0x20001090
100002cc:	00000000 	.word	0x00000000

100002d0 <__do_global_dtors_aux>:
100002d0:	b510      	push	{r4, lr}
100002d2:	4c07      	ldr	r4, [pc, #28]	; (100002f0 <__do_global_dtors_aux+0x20>)
100002d4:	7823      	ldrb	r3, [r4, #0]
100002d6:	2b00      	cmp	r3, #0
100002d8:	d109      	bne.n	100002ee <__do_global_dtors_aux+0x1e>
100002da:	f7ff ffd5 	bl	10000288 <deregister_tm_clones>
100002de:	4b05      	ldr	r3, [pc, #20]	; (100002f4 <__do_global_dtors_aux+0x24>)
100002e0:	2b00      	cmp	r3, #0
100002e2:	d002      	beq.n	100002ea <__do_global_dtors_aux+0x1a>
100002e4:	4804      	ldr	r0, [pc, #16]	; (100002f8 <__do_global_dtors_aux+0x28>)
100002e6:	e000      	b.n	100002ea <__do_global_dtors_aux+0x1a>
100002e8:	bf00      	nop
100002ea:	2301      	movs	r3, #1
100002ec:	7023      	strb	r3, [r4, #0]
100002ee:	bd10      	pop	{r4, pc}
100002f0:	20001418 	.word	0x20001418
100002f4:	00000000 	.word	0x00000000
100002f8:	1000469c 	.word	0x1000469c

100002fc <frame_dummy>:
100002fc:	4b05      	ldr	r3, [pc, #20]	; (10000314 <frame_dummy+0x18>)
100002fe:	b510      	push	{r4, lr}
10000300:	2b00      	cmp	r3, #0
10000302:	d003      	beq.n	1000030c <frame_dummy+0x10>
10000304:	4904      	ldr	r1, [pc, #16]	; (10000318 <frame_dummy+0x1c>)
10000306:	4805      	ldr	r0, [pc, #20]	; (1000031c <frame_dummy+0x20>)
10000308:	e000      	b.n	1000030c <frame_dummy+0x10>
1000030a:	bf00      	nop
1000030c:	f7ff ffcc 	bl	100002a8 <register_tm_clones>
10000310:	bd10      	pop	{r4, pc}
10000312:	46c0      	nop			; (mov r8, r8)
10000314:	00000000 	.word	0x00000000
10000318:	2000141c 	.word	0x2000141c
1000031c:	1000469c 	.word	0x1000469c

10000320 <main>:
10000320:	b510      	push	{r4, lr}
10000322:	f001 ff3f 	bl	100021a4 <stdio_usb_init>
10000326:	e002      	b.n	1000032e <main+0xe>
10000328:	300a      	adds	r0, #10
1000032a:	f000 fe6d 	bl	10001008 <sleep_ms>
1000032e:	f001 ffad 	bl	1000228c <stdio_usb_connected>
10000332:	2800      	cmp	r0, #0
10000334:	d0f8      	beq.n	10000328 <main+0x8>
10000336:	2000      	movs	r0, #0
10000338:	f001 fc5e 	bl	10001bf8 <stdio_getchar_timeout_us>
1000033c:	1c83      	adds	r3, r0, #2
1000033e:	d003      	beq.n	10000348 <main+0x28>
10000340:	3001      	adds	r0, #1
10000342:	b2c0      	uxtb	r0, r0
10000344:	f001 fca4 	bl	10001c90 <__wrap_putchar>
10000348:	200a      	movs	r0, #10
1000034a:	f000 fe5d 	bl	10001008 <sleep_ms>
1000034e:	e7f2      	b.n	10000336 <main+0x16>

10000350 <rp2040_chip_version>:
10000350:	2380      	movs	r3, #128	; 0x80
10000352:	05db      	lsls	r3, r3, #23
10000354:	6818      	ldr	r0, [r3, #0]
10000356:	0f00      	lsrs	r0, r0, #28
10000358:	4770      	bx	lr
1000035a:	46c0      	nop			; (mov r8, r8)

1000035c <panic>:
1000035c:	b40f      	push	{r0, r1, r2, r3}
1000035e:	b500      	push	{lr}
10000360:	4808      	ldr	r0, [pc, #32]	; (10000384 <panic+0x28>)
10000362:	b083      	sub	sp, #12
10000364:	f001 fce0 	bl	10001d28 <__wrap_puts>
10000368:	9b04      	ldr	r3, [sp, #16]
1000036a:	2b00      	cmp	r3, #0
1000036c:	d007      	beq.n	1000037e <panic+0x22>
1000036e:	a905      	add	r1, sp, #20
10000370:	0018      	movs	r0, r3
10000372:	9101      	str	r1, [sp, #4]
10000374:	f001 fb12 	bl	1000199c <weak_raw_vprintf>
10000378:	4803      	ldr	r0, [pc, #12]	; (10000388 <panic+0x2c>)
1000037a:	f001 fcd5 	bl	10001d28 <__wrap_puts>
1000037e:	2001      	movs	r0, #1
10000380:	f001 fb24 	bl	100019cc <_exit>
10000384:	1000469c 	.word	0x1000469c
10000388:	100046ac 	.word	0x100046ac

1000038c <hw_claim_or_assert>:
1000038c:	b570      	push	{r4, r5, r6, lr}
1000038e:	f3ef 8c10 	mrs	ip, PRIMASK
10000392:	b672      	cpsid	i
10000394:	4d0d      	ldr	r5, [pc, #52]	; (100003cc <hw_claim_or_assert+0x40>)
10000396:	682b      	ldr	r3, [r5, #0]
10000398:	2b00      	cmp	r3, #0
1000039a:	d0fc      	beq.n	10000396 <hw_claim_or_assert+0xa>
1000039c:	f3bf 8f5f 	dmb	sy
100003a0:	2407      	movs	r4, #7
100003a2:	08cb      	lsrs	r3, r1, #3
100003a4:	18c6      	adds	r6, r0, r3
100003a6:	5cc0      	ldrb	r0, [r0, r3]
100003a8:	2301      	movs	r3, #1
100003aa:	400c      	ands	r4, r1
100003ac:	40a3      	lsls	r3, r4
100003ae:	001c      	movs	r4, r3
100003b0:	4004      	ands	r4, r0
100003b2:	4203      	tst	r3, r0
100003b4:	d107      	bne.n	100003c6 <hw_claim_or_assert+0x3a>
100003b6:	4303      	orrs	r3, r0
100003b8:	7033      	strb	r3, [r6, #0]
100003ba:	f3bf 8f5f 	dmb	sy
100003be:	602c      	str	r4, [r5, #0]
100003c0:	f38c 8810 	msr	PRIMASK, ip
100003c4:	bd70      	pop	{r4, r5, r6, pc}
100003c6:	0010      	movs	r0, r2
100003c8:	f7ff ffc8 	bl	1000035c <panic>
100003cc:	d000012c 	.word	0xd000012c

100003d0 <hw_claim_unused_from_range>:
100003d0:	b5f8      	push	{r3, r4, r5, r6, r7, lr}
100003d2:	4647      	mov	r7, r8
100003d4:	46ce      	mov	lr, r9
100003d6:	4688      	mov	r8, r1
100003d8:	b580      	push	{r7, lr}
100003da:	f3ef 8c10 	mrs	ip, PRIMASK
100003de:	b672      	cpsid	i
100003e0:	4d21      	ldr	r5, [pc, #132]	; (10000468 <hw_claim_unused_from_range+0x98>)
100003e2:	682c      	ldr	r4, [r5, #0]
100003e4:	2c00      	cmp	r4, #0
100003e6:	d0fc      	beq.n	100003e2 <hw_claim_unused_from_range+0x12>
100003e8:	f3bf 8f5f 	dmb	sy
100003ec:	429a      	cmp	r2, r3
100003ee:	d82c      	bhi.n	1000044a <hw_claim_unused_from_range+0x7a>
100003f0:	08d4      	lsrs	r4, r2, #3
100003f2:	2707      	movs	r7, #7
100003f4:	5d05      	ldrb	r5, [r0, r4]
100003f6:	1906      	adds	r6, r0, r4
100003f8:	2401      	movs	r4, #1
100003fa:	4017      	ands	r7, r2
100003fc:	40bc      	lsls	r4, r7
100003fe:	422c      	tst	r4, r5
10000400:	d01f      	beq.n	10000442 <hw_claim_unused_from_range+0x72>
10000402:	2107      	movs	r1, #7
10000404:	2701      	movs	r7, #1
10000406:	4689      	mov	r9, r1
10000408:	e009      	b.n	1000041e <hw_claim_unused_from_range+0x4e>
1000040a:	08d4      	lsrs	r4, r2, #3
1000040c:	5d05      	ldrb	r5, [r0, r4]
1000040e:	1906      	adds	r6, r0, r4
10000410:	464c      	mov	r4, r9
10000412:	0039      	movs	r1, r7
10000414:	4014      	ands	r4, r2
10000416:	40a1      	lsls	r1, r4
10000418:	000c      	movs	r4, r1
1000041a:	4229      	tst	r1, r5
1000041c:	d011      	beq.n	10000442 <hw_claim_unused_from_range+0x72>
1000041e:	3201      	adds	r2, #1
10000420:	4293      	cmp	r3, r2
10000422:	d2f2      	bcs.n	1000040a <hw_claim_unused_from_range+0x3a>
10000424:	2001      	movs	r0, #1
10000426:	4240      	negs	r0, r0
10000428:	f3bf 8f5f 	dmb	sy
1000042c:	2200      	movs	r2, #0
1000042e:	4b0e      	ldr	r3, [pc, #56]	; (10000468 <hw_claim_unused_from_range+0x98>)
10000430:	601a      	str	r2, [r3, #0]
10000432:	f38c 8810 	msr	PRIMASK, ip
10000436:	2800      	cmp	r0, #0
10000438:	db0f      	blt.n	1000045a <hw_claim_unused_from_range+0x8a>
1000043a:	bcc0      	pop	{r6, r7}
1000043c:	46b9      	mov	r9, r7
1000043e:	46b0      	mov	r8, r6
10000440:	bdf8      	pop	{r3, r4, r5, r6, r7, pc}
10000442:	432c      	orrs	r4, r5
10000444:	0010      	movs	r0, r2
10000446:	7034      	strb	r4, [r6, #0]
10000448:	e7ee      	b.n	10000428 <hw_claim_unused_from_range+0x58>
1000044a:	f3bf 8f5f 	dmb	sy
1000044e:	2300      	movs	r3, #0
10000450:	602b      	str	r3, [r5, #0]
10000452:	f38c 8810 	msr	PRIMASK, ip
10000456:	2001      	movs	r0, #1
10000458:	4240      	negs	r0, r0
1000045a:	4643      	mov	r3, r8
1000045c:	2b00      	cmp	r3, #0
1000045e:	d0ec      	beq.n	1000043a <hw_claim_unused_from_range+0x6a>
10000460:	9808      	ldr	r0, [sp, #32]
10000462:	f7ff ff7b 	bl	1000035c <panic>
10000466:	46c0      	nop			; (mov r8, r8)
10000468:	d000012c 	.word	0xd000012c

1000046c <next_striped_spin_lock_num>:
1000046c:	4a04      	ldr	r2, [pc, #16]	; (10000480 <next_striped_spin_lock_num+0x14>)
1000046e:	7810      	ldrb	r0, [r2, #0]
10000470:	1c43      	adds	r3, r0, #1
10000472:	b2db      	uxtb	r3, r3
10000474:	2b17      	cmp	r3, #23
10000476:	d900      	bls.n	1000047a <next_striped_spin_lock_num+0xe>
10000478:	2310      	movs	r3, #16
1000047a:	7013      	strb	r3, [r2, #0]
1000047c:	4770      	bx	lr
1000047e:	46c0      	nop			; (mov r8, r8)
10000480:	20000fc0 	.word	0x20000fc0

10000484 <spin_lock_claim_unused>:
10000484:	b500      	push	{lr}
10000486:	4b05      	ldr	r3, [pc, #20]	; (1000049c <spin_lock_claim_unused+0x18>)
10000488:	b083      	sub	sp, #12
1000048a:	0001      	movs	r1, r0
1000048c:	9300      	str	r3, [sp, #0]
1000048e:	2218      	movs	r2, #24
10000490:	231f      	movs	r3, #31
10000492:	4803      	ldr	r0, [pc, #12]	; (100004a0 <spin_lock_claim_unused+0x1c>)
10000494:	f7ff ff9c 	bl	100003d0 <hw_claim_unused_from_range>
10000498:	b003      	add	sp, #12
1000049a:	bd00      	pop	{pc}
1000049c:	100046b0 	.word	0x100046b0
100004a0:	20001ad4 	.word	0x20001ad4

100004a4 <spin_locks_reset>:
100004a4:	2100      	movs	r1, #0
100004a6:	4b04      	ldr	r3, [pc, #16]	; (100004b8 <spin_locks_reset+0x14>)
100004a8:	4a04      	ldr	r2, [pc, #16]	; (100004bc <spin_locks_reset+0x18>)
100004aa:	f3bf 8f5f 	dmb	sy
100004ae:	c302      	stmia	r3!, {r1}
100004b0:	4293      	cmp	r3, r2
100004b2:	d1fa      	bne.n	100004aa <spin_locks_reset+0x6>
100004b4:	4770      	bx	lr
100004b6:	46c0      	nop			; (mov r8, r8)
100004b8:	d0000100 	.word	0xd0000100
100004bc:	d0000180 	.word	0xd0000180

100004c0 <runtime_init_per_core_irq_priorities>:
100004c0:	4b05      	ldr	r3, [pc, #20]	; (100004d8 <runtime_init_per_core_irq_priorities+0x18>)
100004c2:	4a06      	ldr	r2, [pc, #24]	; (100004dc <runtime_init_per_core_irq_priorities+0x1c>)
100004c4:	6013      	str	r3, [r2, #0]
100004c6:	4a06      	ldr	r2, [pc, #24]	; (100004e0 <runtime_init_per_core_irq_priorities+0x20>)
100004c8:	6013      	str	r3, [r2, #0]
100004ca:	6053      	str	r3, [r2, #4]
100004cc:	6093      	str	r3, [r2, #8]
100004ce:	60d3      	str	r3, [r2, #12]
100004d0:	6113      	str	r3, [r2, #16]
100004d2:	6153      	str	r3, [r2, #20]
100004d4:	6193      	str	r3, [r2, #24]
100004d6:	4770      	bx	lr
100004d8:	80808080 	.word	0x80808080
100004dc:	e000e400 	.word	0xe000e400
100004e0:	e000e404 	.word	0xe000e404

100004e4 <irq_set_enabled>:
100004e4:	231f      	movs	r3, #31
100004e6:	4018      	ands	r0, r3
100004e8:	3b1e      	subs	r3, #30
100004ea:	4083      	lsls	r3, r0
100004ec:	2900      	cmp	r1, #0
100004ee:	d005      	beq.n	100004fc <irq_set_enabled+0x18>
100004f0:	21c0      	movs	r1, #192	; 0xc0
100004f2:	4a04      	ldr	r2, [pc, #16]	; (10000504 <irq_set_enabled+0x20>)
100004f4:	0049      	lsls	r1, r1, #1
100004f6:	5053      	str	r3, [r2, r1]
100004f8:	6013      	str	r3, [r2, #0]
100004fa:	4770      	bx	lr
100004fc:	2280      	movs	r2, #128	; 0x80
100004fe:	4901      	ldr	r1, [pc, #4]	; (10000504 <irq_set_enabled+0x20>)
10000500:	508b      	str	r3, [r1, r2]
10000502:	e7fa      	b.n	100004fa <irq_set_enabled+0x16>
10000504:	e000e100 	.word	0xe000e100

10000508 <irq_is_enabled>:
10000508:	2201      	movs	r2, #1
1000050a:	4082      	lsls	r2, r0
1000050c:	4b03      	ldr	r3, [pc, #12]	; (1000051c <irq_is_enabled+0x14>)
1000050e:	681b      	ldr	r3, [r3, #0]
10000510:	4013      	ands	r3, r2
10000512:	1e5a      	subs	r2, r3, #1
10000514:	4193      	sbcs	r3, r2
10000516:	b2d8      	uxtb	r0, r3
10000518:	4770      	bx	lr
1000051a:	46c0      	nop			; (mov r8, r8)
1000051c:	e000e100 	.word	0xe000e100

10000520 <irq_set_pending>:
10000520:	2301      	movs	r3, #1
10000522:	4083      	lsls	r3, r0
10000524:	4a01      	ldr	r2, [pc, #4]	; (1000052c <irq_set_pending+0xc>)
10000526:	6013      	str	r3, [r2, #0]
10000528:	4770      	bx	lr
1000052a:	46c0      	nop			; (mov r8, r8)
1000052c:	e000e200 	.word	0xe000e200

10000530 <irq_has_shared_handler>:
10000530:	4b06      	ldr	r3, [pc, #24]	; (1000054c <irq_has_shared_handler+0x1c>)
10000532:	3010      	adds	r0, #16
10000534:	689b      	ldr	r3, [r3, #8]
10000536:	0080      	lsls	r0, r0, #2
10000538:	58c3      	ldr	r3, [r0, r3]
1000053a:	4a05      	ldr	r2, [pc, #20]	; (10000550 <irq_has_shared_handler+0x20>)
1000053c:	2000      	movs	r0, #0
1000053e:	1a9b      	subs	r3, r3, r2
10000540:	222f      	movs	r2, #47	; 0x2f
10000542:	429a      	cmp	r2, r3
10000544:	4140      	adcs	r0, r0
10000546:	b2c0      	uxtb	r0, r0
10000548:	4770      	bx	lr
1000054a:	46c0      	nop			; (mov r8, r8)
1000054c:	e000ed00 	.word	0xe000ed00
10000550:	20000fc4 	.word	0x20000fc4

10000554 <irq_set_exclusive_handler>:
10000554:	b570      	push	{r4, r5, r6, lr}
10000556:	000d      	movs	r5, r1
10000558:	f3ef 8610 	mrs	r6, PRIMASK
1000055c:	b672      	cpsid	i
1000055e:	4a0f      	ldr	r2, [pc, #60]	; (1000059c <irq_set_exclusive_handler+0x48>)
10000560:	6813      	ldr	r3, [r2, #0]
10000562:	2b00      	cmp	r3, #0
10000564:	d0fc      	beq.n	10000560 <irq_set_exclusive_handler+0xc>
10000566:	f3bf 8f5f 	dmb	sy
1000056a:	4b0d      	ldr	r3, [pc, #52]	; (100005a0 <irq_set_exclusive_handler+0x4c>)
1000056c:	3010      	adds	r0, #16
1000056e:	689b      	ldr	r3, [r3, #8]
10000570:	0084      	lsls	r4, r0, #2
10000572:	591b      	ldr	r3, [r3, r4]
10000574:	4a0b      	ldr	r2, [pc, #44]	; (100005a4 <irq_set_exclusive_handler+0x50>)
10000576:	4293      	cmp	r3, r2
10000578:	d003      	beq.n	10000582 <irq_set_exclusive_handler+0x2e>
1000057a:	429d      	cmp	r5, r3
1000057c:	d001      	beq.n	10000582 <irq_set_exclusive_handler+0x2e>
1000057e:	f001 f825 	bl	100015cc <hard_assertion_failure>
10000582:	4b07      	ldr	r3, [pc, #28]	; (100005a0 <irq_set_exclusive_handler+0x4c>)
10000584:	689b      	ldr	r3, [r3, #8]
10000586:	511d      	str	r5, [r3, r4]
10000588:	f3bf 8f5f 	dmb	sy
1000058c:	f3bf 8f5f 	dmb	sy
10000590:	2200      	movs	r2, #0
10000592:	4b02      	ldr	r3, [pc, #8]	; (1000059c <irq_set_exclusive_handler+0x48>)
10000594:	601a      	str	r2, [r3, #0]
10000596:	f386 8810 	msr	PRIMASK, r6
1000059a:	bd70      	pop	{r4, r5, r6, pc}
1000059c:	d0000124 	.word	0xd0000124
100005a0:	e000ed00 	.word	0xe000ed00
100005a4:	100001cd 	.word	0x100001cd

100005a8 <irq_add_shared_handler>:
100005a8:	b5f0      	push	{r4, r5, r6, r7, lr}
100005aa:	4657      	mov	r7, sl
100005ac:	464e      	mov	r6, r9
100005ae:	46de      	mov	lr, fp
100005b0:	4645      	mov	r5, r8
100005b2:	b5e0      	push	{r5, r6, r7, lr}
100005b4:	b085      	sub	sp, #20
100005b6:	0006      	movs	r6, r0
100005b8:	9102      	str	r1, [sp, #8]
100005ba:	0017      	movs	r7, r2
100005bc:	f3ef 8b10 	mrs	fp, PRIMASK
100005c0:	b672      	cpsid	i
100005c2:	4a67      	ldr	r2, [pc, #412]	; (10000760 <irq_add_shared_handler+0x1b8>)
100005c4:	6813      	ldr	r3, [r2, #0]
100005c6:	2b00      	cmp	r3, #0
100005c8:	d0fc      	beq.n	100005c4 <irq_add_shared_handler+0x1c>
100005ca:	f3bf 8f5f 	dmb	sy
100005ce:	2500      	movs	r5, #0
100005d0:	4b64      	ldr	r3, [pc, #400]	; (10000764 <irq_add_shared_handler+0x1bc>)
100005d2:	575d      	ldrsb	r5, [r3, r5]
100005d4:	469a      	mov	sl, r3
100005d6:	2d00      	cmp	r5, #0
100005d8:	da00      	bge.n	100005dc <irq_add_shared_handler+0x34>
100005da:	e0a4      	b.n	10000726 <irq_add_shared_handler+0x17e>
100005dc:	006b      	lsls	r3, r5, #1
100005de:	4c62      	ldr	r4, [pc, #392]	; (10000768 <irq_add_shared_handler+0x1c0>)
100005e0:	9303      	str	r3, [sp, #12]
100005e2:	195b      	adds	r3, r3, r5
100005e4:	009b      	lsls	r3, r3, #2
100005e6:	4698      	mov	r8, r3
100005e8:	46a1      	mov	r9, r4
100005ea:	44c1      	add	r9, r8
100005ec:	464b      	mov	r3, r9
100005ee:	4652      	mov	r2, sl
100005f0:	799b      	ldrb	r3, [r3, #6]
100005f2:	3610      	adds	r6, #16
100005f4:	7013      	strb	r3, [r2, #0]
100005f6:	4b5d      	ldr	r3, [pc, #372]	; (1000076c <irq_add_shared_handler+0x1c4>)
100005f8:	00b2      	lsls	r2, r6, #2
100005fa:	689b      	ldr	r3, [r3, #8]
100005fc:	9201      	str	r2, [sp, #4]
100005fe:	5899      	ldr	r1, [r3, r2]
10000600:	1b0b      	subs	r3, r1, r4
10000602:	2b2f      	cmp	r3, #47	; 0x2f
10000604:	d934      	bls.n	10000670 <irq_add_shared_handler+0xc8>
10000606:	4b5a      	ldr	r3, [pc, #360]	; (10000770 <irq_add_shared_handler+0x1c8>)
10000608:	4299      	cmp	r1, r3
1000060a:	d000      	beq.n	1000060e <irq_add_shared_handler+0x66>
1000060c:	e0a4      	b.n	10000758 <irq_add_shared_handler+0x1b0>
1000060e:	9b03      	ldr	r3, [sp, #12]
10000610:	4a58      	ldr	r2, [pc, #352]	; (10000774 <irq_add_shared_handler+0x1cc>)
10000612:	469c      	mov	ip, r3
10000614:	4b58      	ldr	r3, [pc, #352]	; (10000778 <irq_add_shared_handler+0x1d0>)
10000616:	4465      	add	r5, ip
10000618:	00ad      	lsls	r5, r5, #2
1000061a:	5363      	strh	r3, [r4, r5]
1000061c:	4643      	mov	r3, r8
1000061e:	3302      	adds	r3, #2
10000620:	1965      	adds	r5, r4, r5
10000622:	18e4      	adds	r4, r4, r3
10000624:	4b55      	ldr	r3, [pc, #340]	; (1000077c <irq_add_shared_handler+0x1d4>)
10000626:	2101      	movs	r1, #1
10000628:	3b04      	subs	r3, #4
1000062a:	1b1b      	subs	r3, r3, r4
1000062c:	051b      	lsls	r3, r3, #20
1000062e:	0d5b      	lsrs	r3, r3, #21
10000630:	4313      	orrs	r3, r2
10000632:	806b      	strh	r3, [r5, #2]
10000634:	4b52      	ldr	r3, [pc, #328]	; (10000780 <irq_add_shared_handler+0x1d8>)
10000636:	71ef      	strb	r7, [r5, #7]
10000638:	80ab      	strh	r3, [r5, #4]
1000063a:	23ff      	movs	r3, #255	; 0xff
1000063c:	71ab      	strb	r3, [r5, #6]
1000063e:	9b02      	ldr	r3, [sp, #8]
10000640:	60ab      	str	r3, [r5, #8]
10000642:	464b      	mov	r3, r9
10000644:	430b      	orrs	r3, r1
10000646:	0019      	movs	r1, r3
10000648:	4b48      	ldr	r3, [pc, #288]	; (1000076c <irq_add_shared_handler+0x1c4>)
1000064a:	9a01      	ldr	r2, [sp, #4]
1000064c:	689b      	ldr	r3, [r3, #8]
1000064e:	5099      	str	r1, [r3, r2]
10000650:	f3bf 8f5f 	dmb	sy
10000654:	f3bf 8f5f 	dmb	sy
10000658:	2200      	movs	r2, #0
1000065a:	4b41      	ldr	r3, [pc, #260]	; (10000760 <irq_add_shared_handler+0x1b8>)
1000065c:	601a      	str	r2, [r3, #0]
1000065e:	f38b 8810 	msr	PRIMASK, fp
10000662:	b005      	add	sp, #20
10000664:	bcf0      	pop	{r4, r5, r6, r7}
10000666:	46bb      	mov	fp, r7
10000668:	46b2      	mov	sl, r6
1000066a:	46a9      	mov	r9, r5
1000066c:	46a0      	mov	r8, r4
1000066e:	bdf0      	pop	{r4, r5, r6, r7, pc}
10000670:	2001      	movs	r0, #1
10000672:	000a      	movs	r2, r1
10000674:	4382      	bics	r2, r0
10000676:	79d3      	ldrb	r3, [r2, #7]
10000678:	42bb      	cmp	r3, r7
1000067a:	d82f      	bhi.n	100006dc <irq_add_shared_handler+0x134>
1000067c:	4645      	mov	r5, r8
1000067e:	464e      	mov	r6, r9
10000680:	0013      	movs	r3, r2
10000682:	4940      	ldr	r1, [pc, #256]	; (10000784 <irq_add_shared_handler+0x1dc>)
10000684:	1b1b      	subs	r3, r3, r4
10000686:	415b      	adcs	r3, r3
10000688:	4359      	muls	r1, r3
1000068a:	0d09      	lsrs	r1, r1, #20
1000068c:	4b3a      	ldr	r3, [pc, #232]	; (10000778 <irq_add_shared_handler+0x1d0>)
1000068e:	5363      	strh	r3, [r4, r5]
10000690:	4b3a      	ldr	r3, [pc, #232]	; (1000077c <irq_add_shared_handler+0x1d4>)
10000692:	3502      	adds	r5, #2
10000694:	1965      	adds	r5, r4, r5
10000696:	3b04      	subs	r3, #4
10000698:	1b5b      	subs	r3, r3, r5
1000069a:	051b      	lsls	r3, r3, #20
1000069c:	4d35      	ldr	r5, [pc, #212]	; (10000774 <irq_add_shared_handler+0x1cc>)
1000069e:	0d5b      	lsrs	r3, r3, #21
100006a0:	432b      	orrs	r3, r5
100006a2:	8073      	strh	r3, [r6, #2]
100006a4:	2604      	movs	r6, #4
100006a6:	46b4      	mov	ip, r6
100006a8:	44e0      	add	r8, ip
100006aa:	4444      	add	r4, r8
100006ac:	1f13      	subs	r3, r2, #4
100006ae:	1b1b      	subs	r3, r3, r4
100006b0:	464c      	mov	r4, r9
100006b2:	71a1      	strb	r1, [r4, #6]
100006b4:	9902      	ldr	r1, [sp, #8]
100006b6:	051b      	lsls	r3, r3, #20
100006b8:	60a1      	str	r1, [r4, #8]
100006ba:	4649      	mov	r1, r9
100006bc:	0d5b      	lsrs	r3, r3, #21
100006be:	432b      	orrs	r3, r5
100006c0:	80a3      	strh	r3, [r4, #4]
100006c2:	4b31      	ldr	r3, [pc, #196]	; (10000788 <irq_add_shared_handler+0x1e0>)
100006c4:	71e7      	strb	r7, [r4, #7]
100006c6:	4301      	orrs	r1, r0
100006c8:	6013      	str	r3, [r2, #0]
100006ca:	e7bd      	b.n	10000648 <irq_add_shared_handler+0xa0>
100006cc:	0058      	lsls	r0, r3, #1
100006ce:	18c0      	adds	r0, r0, r3
100006d0:	0080      	lsls	r0, r0, #2
100006d2:	1820      	adds	r0, r4, r0
100006d4:	79c6      	ldrb	r6, [r0, #7]
100006d6:	42be      	cmp	r6, r7
100006d8:	d92b      	bls.n	10000732 <irq_add_shared_handler+0x18a>
100006da:	0002      	movs	r2, r0
100006dc:	2306      	movs	r3, #6
100006de:	56d3      	ldrsb	r3, [r2, r3]
100006e0:	2b00      	cmp	r3, #0
100006e2:	daf3      	bge.n	100006cc <irq_add_shared_handler+0x124>
100006e4:	1d10      	adds	r0, r2, #4
100006e6:	4682      	mov	sl, r0
100006e8:	4828      	ldr	r0, [pc, #160]	; (1000078c <irq_add_shared_handler+0x1e4>)
100006ea:	4680      	mov	r8, r0
100006ec:	2604      	movs	r6, #4
100006ee:	4276      	negs	r6, r6
100006f0:	46b4      	mov	ip, r6
100006f2:	44e1      	add	r9, ip
100006f4:	4650      	mov	r0, sl
100006f6:	464e      	mov	r6, r9
100006f8:	1a36      	subs	r6, r6, r0
100006fa:	0530      	lsls	r0, r6, #20
100006fc:	0d40      	lsrs	r0, r0, #21
100006fe:	4682      	mov	sl, r0
10000700:	4656      	mov	r6, sl
10000702:	481c      	ldr	r0, [pc, #112]	; (10000774 <irq_add_shared_handler+0x1cc>)
10000704:	7195      	strb	r5, [r2, #6]
10000706:	4306      	orrs	r6, r0
10000708:	8096      	strh	r6, [r2, #4]
1000070a:	9a03      	ldr	r2, [sp, #12]
1000070c:	4694      	mov	ip, r2
1000070e:	4465      	add	r5, ip
10000710:	4a1d      	ldr	r2, [pc, #116]	; (10000788 <irq_add_shared_handler+0x1e0>)
10000712:	00ad      	lsls	r5, r5, #2
10000714:	1964      	adds	r4, r4, r5
10000716:	6022      	str	r2, [r4, #0]
10000718:	4642      	mov	r2, r8
1000071a:	71a3      	strb	r3, [r4, #6]
1000071c:	9b02      	ldr	r3, [sp, #8]
1000071e:	80a2      	strh	r2, [r4, #4]
10000720:	71e7      	strb	r7, [r4, #7]
10000722:	60a3      	str	r3, [r4, #8]
10000724:	e790      	b.n	10000648 <irq_add_shared_handler+0xa0>
10000726:	f000 ff51 	bl	100015cc <hard_assertion_failure>
1000072a:	2500      	movs	r5, #0
1000072c:	4653      	mov	r3, sl
1000072e:	575d      	ldrsb	r5, [r3, r5]
10000730:	e754      	b.n	100005dc <irq_add_shared_handler+0x34>
10000732:	1d10      	adds	r0, r2, #4
10000734:	4682      	mov	sl, r0
10000736:	8890      	ldrh	r0, [r2, #4]
10000738:	0540      	lsls	r0, r0, #21
1000073a:	1500      	asrs	r0, r0, #20
1000073c:	4684      	mov	ip, r0
1000073e:	4640      	mov	r0, r8
10000740:	44d4      	add	ip, sl
10000742:	4666      	mov	r6, ip
10000744:	3004      	adds	r0, #4
10000746:	1820      	adds	r0, r4, r0
10000748:	1a30      	subs	r0, r6, r0
1000074a:	26e0      	movs	r6, #224	; 0xe0
1000074c:	0500      	lsls	r0, r0, #20
1000074e:	0d40      	lsrs	r0, r0, #21
10000750:	0236      	lsls	r6, r6, #8
10000752:	4330      	orrs	r0, r6
10000754:	4680      	mov	r8, r0
10000756:	e7c9      	b.n	100006ec <irq_add_shared_handler+0x144>
10000758:	f000 ff38 	bl	100015cc <hard_assertion_failure>
1000075c:	e757      	b.n	1000060e <irq_add_shared_handler+0x66>
1000075e:	46c0      	nop			; (mov r8, r8)
10000760:	d0000124 	.word	0xd0000124
10000764:	20001f89 	.word	0x20001f89
10000768:	20000fc4 	.word	0x20000fc4
1000076c:	e000ed00 	.word	0xe000ed00
10000770:	100001cd 	.word	0x100001cd
10000774:	ffffe000 	.word	0xffffe000
10000778:	ffffa100 	.word	0xffffa100
1000077c:	20000ff4 	.word	0x20000ff4
10000780:	ffffbd01 	.word	0xffffbd01
10000784:	0000aaaa 	.word	0x0000aaaa
10000788:	47804801 	.word	0x47804801
1000078c:	0000bd01 	.word	0x0000bd01

10000790 <irq_add_tail_to_free_list>:
10000790:	b570      	push	{r4, r5, r6, lr}
10000792:	2401      	movs	r4, #1
10000794:	4304      	orrs	r4, r0
10000796:	f3ef 8105 	mrs	r1, IPSR
1000079a:	f3ef 8c10 	mrs	ip, PRIMASK
1000079e:	b672      	cpsid	i
100007a0:	4a21      	ldr	r2, [pc, #132]	; (10000828 <irq_add_tail_to_free_list+0x98>)
100007a2:	6813      	ldr	r3, [r2, #0]
100007a4:	2b00      	cmp	r3, #0
100007a6:	d0fc      	beq.n	100007a2 <irq_add_tail_to_free_list+0x12>
100007a8:	f3bf 8f5f 	dmb	sy
100007ac:	4b1f      	ldr	r3, [pc, #124]	; (1000082c <irq_add_tail_to_free_list+0x9c>)
100007ae:	0005      	movs	r5, r0
100007b0:	4a1f      	ldr	r2, [pc, #124]	; (10000830 <irq_add_tail_to_free_list+0xa0>)
100007b2:	1aed      	subs	r5, r5, r3
100007b4:	416d      	adcs	r5, r5
100007b6:	436a      	muls	r2, r5
100007b8:	0d12      	lsrs	r2, r2, #20
100007ba:	4d1e      	ldr	r5, [pc, #120]	; (10000834 <irq_add_tail_to_free_list+0xa4>)
100007bc:	0089      	lsls	r1, r1, #2
100007be:	68ae      	ldr	r6, [r5, #8]
100007c0:	b252      	sxtb	r2, r2
100007c2:	5876      	ldr	r6, [r6, r1]
100007c4:	42a6      	cmp	r6, r4
100007c6:	d01c      	beq.n	10000802 <irq_add_tail_to_free_list+0x72>
100007c8:	2106      	movs	r1, #6
100007ca:	5659      	ldrsb	r1, [r3, r1]
100007cc:	4291      	cmp	r1, r2
100007ce:	d01c      	beq.n	1000080a <irq_add_tail_to_free_list+0x7a>
100007d0:	2112      	movs	r1, #18
100007d2:	5659      	ldrsb	r1, [r3, r1]
100007d4:	4291      	cmp	r1, r2
100007d6:	d022      	beq.n	1000081e <irq_add_tail_to_free_list+0x8e>
100007d8:	211e      	movs	r1, #30
100007da:	5659      	ldrsb	r1, [r3, r1]
100007dc:	4291      	cmp	r1, r2
100007de:	d020      	beq.n	10000822 <irq_add_tail_to_free_list+0x92>
100007e0:	212a      	movs	r1, #42	; 0x2a
100007e2:	5659      	ldrsb	r1, [r3, r1]
100007e4:	2403      	movs	r4, #3
100007e6:	4291      	cmp	r1, r2
100007e8:	d010      	beq.n	1000080c <irq_add_tail_to_free_list+0x7c>
100007ea:	4b13      	ldr	r3, [pc, #76]	; (10000838 <irq_add_tail_to_free_list+0xa8>)
100007ec:	7819      	ldrb	r1, [r3, #0]
100007ee:	701a      	strb	r2, [r3, #0]
100007f0:	7181      	strb	r1, [r0, #6]
100007f2:	f3bf 8f5f 	dmb	sy
100007f6:	2200      	movs	r2, #0
100007f8:	4b0b      	ldr	r3, [pc, #44]	; (10000828 <irq_add_tail_to_free_list+0x98>)
100007fa:	601a      	str	r2, [r3, #0]
100007fc:	f38c 8810 	msr	PRIMASK, ip
10000800:	bd70      	pop	{r4, r5, r6, pc}
10000802:	68ab      	ldr	r3, [r5, #8]
10000804:	4c0d      	ldr	r4, [pc, #52]	; (1000083c <irq_add_tail_to_free_list+0xac>)
10000806:	505c      	str	r4, [r3, r1]
10000808:	e7ef      	b.n	100007ea <irq_add_tail_to_free_list+0x5a>
1000080a:	2400      	movs	r4, #0
1000080c:	0061      	lsls	r1, r4, #1
1000080e:	1909      	adds	r1, r1, r4
10000810:	0089      	lsls	r1, r1, #2
10000812:	185b      	adds	r3, r3, r1
10000814:	21ff      	movs	r1, #255	; 0xff
10000816:	7199      	strb	r1, [r3, #6]
10000818:	4909      	ldr	r1, [pc, #36]	; (10000840 <irq_add_tail_to_free_list+0xb0>)
1000081a:	8099      	strh	r1, [r3, #4]
1000081c:	e7e5      	b.n	100007ea <irq_add_tail_to_free_list+0x5a>
1000081e:	2401      	movs	r4, #1
10000820:	e7f4      	b.n	1000080c <irq_add_tail_to_free_list+0x7c>
10000822:	2402      	movs	r4, #2
10000824:	e7f2      	b.n	1000080c <irq_add_tail_to_free_list+0x7c>
10000826:	46c0      	nop			; (mov r8, r8)
10000828:	d0000124 	.word	0xd0000124
1000082c:	20000fc4 	.word	0x20000fc4
10000830:	0000aaaa 	.word	0x0000aaaa
10000834:	e000ed00 	.word	0xe000ed00
10000838:	20001f89 	.word	0x20001f89
1000083c:	100001cd 	.word	0x100001cd
10000840:	ffffbd01 	.word	0xffffbd01

10000844 <user_irq_claim_unused>:
10000844:	b500      	push	{lr}
10000846:	4b07      	ldr	r3, [pc, #28]	; (10000864 <user_irq_claim_unused+0x20>)
10000848:	b083      	sub	sp, #12
1000084a:	0001      	movs	r1, r0
1000084c:	9300      	str	r3, [sp, #0]
1000084e:	2200      	movs	r2, #0
10000850:	2305      	movs	r3, #5
10000852:	4805      	ldr	r0, [pc, #20]	; (10000868 <user_irq_claim_unused+0x24>)
10000854:	f7ff fdbc 	bl	100003d0 <hw_claim_unused_from_range>
10000858:	2800      	cmp	r0, #0
1000085a:	db01      	blt.n	10000860 <user_irq_claim_unused+0x1c>
1000085c:	231f      	movs	r3, #31
1000085e:	1a18      	subs	r0, r3, r0
10000860:	b003      	add	sp, #12
10000862:	bd00      	pop	{pc}
10000864:	100046cc 	.word	0x100046cc
10000868:	20001f8d 	.word	0x20001f8d

1000086c <lock_init>:
1000086c:	4b02      	ldr	r3, [pc, #8]	; (10000878 <lock_init+0xc>)
1000086e:	469c      	mov	ip, r3
10000870:	4461      	add	r1, ip
10000872:	0089      	lsls	r1, r1, #2
10000874:	6001      	str	r1, [r0, #0]
10000876:	4770      	bx	lr
10000878:	34000040 	.word	0x34000040

1000087c <runtime_init_mutex>:
1000087c:	b5f8      	push	{r3, r4, r5, r6, r7, lr}
1000087e:	4d13      	ldr	r5, [pc, #76]	; (100008cc <runtime_init_mutex+0x50>)
10000880:	4e13      	ldr	r6, [pc, #76]	; (100008d0 <runtime_init_mutex+0x54>)
10000882:	002c      	movs	r4, r5
10000884:	27ff      	movs	r7, #255	; 0xff
10000886:	42b5      	cmp	r5, r6
10000888:	d21e      	bcs.n	100008c8 <runtime_init_mutex+0x4c>
1000088a:	6823      	ldr	r3, [r4, #0]
1000088c:	2b00      	cmp	r3, #0
1000088e:	d00f      	beq.n	100008b0 <runtime_init_mutex+0x34>
10000890:	f7ff fdec 	bl	1000046c <next_striped_spin_lock_num>
10000894:	0001      	movs	r1, r0
10000896:	0028      	movs	r0, r5
10000898:	f7ff ffe8 	bl	1000086c <lock_init>
1000089c:	80a7      	strh	r7, [r4, #4]
1000089e:	f3bf 8f5f 	dmb	sy
100008a2:	3408      	adds	r4, #8
100008a4:	42b4      	cmp	r4, r6
100008a6:	d20f      	bcs.n	100008c8 <runtime_init_mutex+0x4c>
100008a8:	6823      	ldr	r3, [r4, #0]
100008aa:	0025      	movs	r5, r4
100008ac:	2b00      	cmp	r3, #0
100008ae:	d1ef      	bne.n	10000890 <runtime_init_mutex+0x14>
100008b0:	f7ff fddc 	bl	1000046c <next_striped_spin_lock_num>
100008b4:	0001      	movs	r1, r0
100008b6:	0028      	movs	r0, r5
100008b8:	f7ff ffd8 	bl	1000086c <lock_init>
100008bc:	7127      	strb	r7, [r4, #4]
100008be:	f3bf 8f5f 	dmb	sy
100008c2:	3408      	adds	r4, #8
100008c4:	42b4      	cmp	r4, r6
100008c6:	d3ef      	bcc.n	100008a8 <runtime_init_mutex+0x2c>
100008c8:	bdf8      	pop	{r3, r4, r5, r6, r7, pc}
100008ca:	46c0      	nop			; (mov r8, r8)
100008cc:	20001088 	.word	0x20001088
100008d0:	20001090 	.word	0x20001090

100008d4 <mutex_init>:
100008d4:	b510      	push	{r4, lr}
100008d6:	0004      	movs	r4, r0
100008d8:	f7ff fdc8 	bl	1000046c <next_striped_spin_lock_num>
100008dc:	0001      	movs	r1, r0
100008de:	0020      	movs	r0, r4
100008e0:	f7ff ffc4 	bl	1000086c <lock_init>
100008e4:	23ff      	movs	r3, #255	; 0xff
100008e6:	7123      	strb	r3, [r4, #4]
100008e8:	f3bf 8f5f 	dmb	sy
100008ec:	bd10      	pop	{r4, pc}
100008ee:	46c0      	nop			; (mov r8, r8)

100008f0 <critical_section_init>:
100008f0:	b510      	push	{r4, lr}
100008f2:	0004      	movs	r4, r0
100008f4:	2001      	movs	r0, #1
100008f6:	f7ff fdc5 	bl	10000484 <spin_lock_claim_unused>
100008fa:	4b04      	ldr	r3, [pc, #16]	; (1000090c <critical_section_init+0x1c>)
100008fc:	469c      	mov	ip, r3
100008fe:	4460      	add	r0, ip
10000900:	0080      	lsls	r0, r0, #2
10000902:	6020      	str	r0, [r4, #0]
10000904:	f3bf 8f5f 	dmb	sy
10000908:	bd10      	pop	{r4, pc}
1000090a:	46c0      	nop			; (mov r8, r8)
1000090c:	34000040 	.word	0x34000040

10000910 <critical_section_init_with_lock_num>:
10000910:	4b03      	ldr	r3, [pc, #12]	; (10000920 <critical_section_init_with_lock_num+0x10>)
10000912:	469c      	mov	ip, r3
10000914:	4461      	add	r1, ip
10000916:	0089      	lsls	r1, r1, #2
10000918:	6001      	str	r1, [r0, #0]
1000091a:	f3bf 8f5f 	dmb	sy
1000091e:	4770      	bx	lr
10000920:	34000040 	.word	0x34000040

10000924 <sleep_until_callback>:
10000924:	4b0a      	ldr	r3, [pc, #40]	; (10000950 <sleep_until_callback+0x2c>)
10000926:	6819      	ldr	r1, [r3, #0]
10000928:	f3ef 8010 	mrs	r0, PRIMASK
1000092c:	b672      	cpsid	i
1000092e:	680a      	ldr	r2, [r1, #0]
10000930:	2a00      	cmp	r2, #0
10000932:	d0fc      	beq.n	1000092e <sleep_until_callback+0xa>
10000934:	f3bf 8f5f 	dmb	sy
10000938:	681b      	ldr	r3, [r3, #0]
1000093a:	f3bf 8f5f 	dmb	sy
1000093e:	2200      	movs	r2, #0
10000940:	601a      	str	r2, [r3, #0]
10000942:	f380 8810 	msr	PRIMASK, r0
10000946:	bf40      	sev
10000948:	2000      	movs	r0, #0
1000094a:	2100      	movs	r1, #0
1000094c:	4770      	bx	lr
1000094e:	46c0      	nop			; (mov r8, r8)
10000950:	20001f68 	.word	0x20001f68

10000954 <alarm_pool_irq_handler>:
10000954:	b5f0      	push	{r4, r5, r6, r7, lr}
10000956:	46de      	mov	lr, fp
10000958:	4657      	mov	r7, sl
1000095a:	464e      	mov	r6, r9
1000095c:	4645      	mov	r5, r8
1000095e:	b5e0      	push	{r5, r6, r7, lr}
10000960:	b085      	sub	sp, #20
10000962:	f3ef 8205 	mrs	r2, IPSR
10000966:	2303      	movs	r3, #3
10000968:	4013      	ands	r3, r2
1000096a:	009a      	lsls	r2, r3, #2
1000096c:	0011      	movs	r1, r2
1000096e:	9203      	str	r2, [sp, #12]
10000970:	4ab6      	ldr	r2, [pc, #728]	; (10000c4c <alarm_pool_irq_handler+0x2f8>)
10000972:	5852      	ldr	r2, [r2, r1]
10000974:	4690      	mov	r8, r2
10000976:	2201      	movs	r2, #1
10000978:	409a      	lsls	r2, r3
1000097a:	4691      	mov	r9, r2
1000097c:	4bb4      	ldr	r3, [pc, #720]	; (10000c50 <alarm_pool_irq_handler+0x2fc>)
1000097e:	601a      	str	r2, [r3, #0]
10000980:	464b      	mov	r3, r9
10000982:	48b4      	ldr	r0, [pc, #720]	; (10000c54 <alarm_pool_irq_handler+0x300>)
10000984:	6343      	str	r3, [r0, #52]	; 0x34
10000986:	4643      	mov	r3, r8
10000988:	2208      	movs	r2, #8
1000098a:	5e9b      	ldrsh	r3, [r3, r2]
1000098c:	469a      	mov	sl, r3
1000098e:	2b00      	cmp	r3, #0
10000990:	da3d      	bge.n	10000a0e <alarm_pool_irq_handler+0xba>
10000992:	4643      	mov	r3, r8
10000994:	889b      	ldrh	r3, [r3, #4]
10000996:	b21b      	sxth	r3, r3
10000998:	2b00      	cmp	r3, #0
1000099a:	db00      	blt.n	1000099e <alarm_pool_irq_handler+0x4a>
1000099c:	e0a1      	b.n	10000ae2 <alarm_pool_irq_handler+0x18e>
1000099e:	4643      	mov	r3, r8
100009a0:	799b      	ldrb	r3, [r3, #6]
100009a2:	2b00      	cmp	r3, #0
100009a4:	d000      	beq.n	100009a8 <alarm_pool_irq_handler+0x54>
100009a6:	e0f3      	b.n	10000b90 <alarm_pool_irq_handler+0x23c>
100009a8:	4643      	mov	r3, r8
100009aa:	2408      	movs	r4, #8
100009ac:	5f1c      	ldrsh	r4, [r3, r4]
100009ae:	2c00      	cmp	r4, #0
100009b0:	db23      	blt.n	100009fa <alarm_pool_irq_handler+0xa6>
100009b2:	4642      	mov	r2, r8
100009b4:	6952      	ldr	r2, [r2, #20]
100009b6:	0063      	lsls	r3, r4, #1
100009b8:	4694      	mov	ip, r2
100009ba:	191b      	adds	r3, r3, r4
100009bc:	00db      	lsls	r3, r3, #3
100009be:	4463      	add	r3, ip
100009c0:	689c      	ldr	r4, [r3, #8]
100009c2:	68dd      	ldr	r5, [r3, #12]
100009c4:	1c63      	adds	r3, r4, #1
100009c6:	d100      	bne.n	100009ca <alarm_pool_irq_handler+0x76>
100009c8:	e10f      	b.n	10000bea <alarm_pool_irq_handler+0x296>
100009ca:	48a2      	ldr	r0, [pc, #648]	; (10000c54 <alarm_pool_irq_handler+0x300>)
100009cc:	9903      	ldr	r1, [sp, #12]
100009ce:	4684      	mov	ip, r0
100009d0:	4461      	add	r1, ip
100009d2:	6a82      	ldr	r2, [r0, #40]	; 0x28
100009d4:	690b      	ldr	r3, [r1, #16]
100009d6:	1aa6      	subs	r6, r4, r2
100009d8:	1a9b      	subs	r3, r3, r2
100009da:	429e      	cmp	r6, r3
100009dc:	d315      	bcc.n	10000a0a <alarm_pool_irq_handler+0xb6>
100009de:	464a      	mov	r2, r9
100009e0:	6a03      	ldr	r3, [r0, #32]
100009e2:	421a      	tst	r2, r3
100009e4:	d011      	beq.n	10000a0a <alarm_pool_irq_handler+0xb6>
100009e6:	489b      	ldr	r0, [pc, #620]	; (10000c54 <alarm_pool_irq_handler+0x300>)
100009e8:	f000 fbb0 	bl	1000114c <timer_time_us_64>
100009ec:	1a24      	subs	r4, r4, r0
100009ee:	418d      	sbcs	r5, r1
100009f0:	2d00      	cmp	r5, #0
100009f2:	dc02      	bgt.n	100009fa <alarm_pool_irq_handler+0xa6>
100009f4:	d1c4      	bne.n	10000980 <alarm_pool_irq_handler+0x2c>
100009f6:	2c00      	cmp	r4, #0
100009f8:	d0c2      	beq.n	10000980 <alarm_pool_irq_handler+0x2c>
100009fa:	bf40      	sev
100009fc:	b005      	add	sp, #20
100009fe:	bcf0      	pop	{r4, r5, r6, r7}
10000a00:	46bb      	mov	fp, r7
10000a02:	46b2      	mov	sl, r6
10000a04:	46a9      	mov	r9, r5
10000a06:	46a0      	mov	r8, r4
10000a08:	bdf0      	pop	{r4, r5, r6, r7, pc}
10000a0a:	610c      	str	r4, [r1, #16]
10000a0c:	e7eb      	b.n	100009e6 <alarm_pool_irq_handler+0x92>
10000a0e:	4642      	mov	r2, r8
10000a10:	6952      	ldr	r2, [r2, #20]
10000a12:	005b      	lsls	r3, r3, #1
10000a14:	4693      	mov	fp, r2
10000a16:	4453      	add	r3, sl
10000a18:	00db      	lsls	r3, r3, #3
10000a1a:	449b      	add	fp, r3
10000a1c:	465b      	mov	r3, fp
10000a1e:	689e      	ldr	r6, [r3, #8]
10000a20:	68df      	ldr	r7, [r3, #12]
10000a22:	f000 fb93 	bl	1000114c <timer_time_us_64>
10000a26:	1b80      	subs	r0, r0, r6
10000a28:	41b9      	sbcs	r1, r7
10000a2a:	2900      	cmp	r1, #0
10000a2c:	dbb1      	blt.n	10000992 <alarm_pool_irq_handler+0x3e>
10000a2e:	2f00      	cmp	r7, #0
10000a30:	da00      	bge.n	10000a34 <alarm_pool_irq_handler+0xe0>
10000a32:	e0e5      	b.n	10000c00 <alarm_pool_irq_handler+0x2ac>
10000a34:	465b      	mov	r3, fp
10000a36:	4a88      	ldr	r2, [pc, #544]	; (10000c58 <alarm_pool_irq_handler+0x304>)
10000a38:	691b      	ldr	r3, [r3, #16]
10000a3a:	4293      	cmp	r3, r2
10000a3c:	d100      	bne.n	10000a40 <alarm_pool_irq_handler+0xec>
10000a3e:	e0d8      	b.n	10000bf2 <alarm_pool_irq_handler+0x29e>
10000a40:	4641      	mov	r1, r8
10000a42:	465a      	mov	r2, fp
10000a44:	2008      	movs	r0, #8
10000a46:	5e08      	ldrsh	r0, [r1, r0]
10000a48:	8852      	ldrh	r2, [r2, #2]
10000a4a:	0400      	lsls	r0, r0, #16
10000a4c:	4310      	orrs	r0, r2
10000a4e:	465a      	mov	r2, fp
10000a50:	6951      	ldr	r1, [r2, #20]
10000a52:	4798      	blx	r3
10000a54:	0004      	movs	r4, r0
10000a56:	000d      	movs	r5, r1
10000a58:	0023      	movs	r3, r4
10000a5a:	432b      	orrs	r3, r5
10000a5c:	d100      	bne.n	10000a60 <alarm_pool_irq_handler+0x10c>
10000a5e:	e0cf      	b.n	10000c00 <alarm_pool_irq_handler+0x2ac>
10000a60:	2d00      	cmp	r5, #0
10000a62:	db00      	blt.n	10000a66 <alarm_pool_irq_handler+0x112>
10000a64:	e0e8      	b.n	10000c38 <alarm_pool_irq_handler+0x2e4>
10000a66:	1b36      	subs	r6, r6, r4
10000a68:	41af      	sbcs	r7, r5
10000a6a:	0034      	movs	r4, r6
10000a6c:	003d      	movs	r5, r7
10000a6e:	465b      	mov	r3, fp
10000a70:	609c      	str	r4, [r3, #8]
10000a72:	60dd      	str	r5, [r3, #12]
10000a74:	2100      	movs	r1, #0
10000a76:	5e59      	ldrsh	r1, [r3, r1]
10000a78:	2900      	cmp	r1, #0
10000a7a:	da00      	bge.n	10000a7e <alarm_pool_irq_handler+0x12a>
10000a7c:	e789      	b.n	10000992 <alarm_pool_irq_handler+0x3e>
10000a7e:	4643      	mov	r3, r8
10000a80:	695b      	ldr	r3, [r3, #20]
10000a82:	0022      	movs	r2, r4
10000a84:	469c      	mov	ip, r3
10000a86:	002b      	movs	r3, r5
10000a88:	0048      	lsls	r0, r1, #1
10000a8a:	1840      	adds	r0, r0, r1
10000a8c:	00c0      	lsls	r0, r0, #3
10000a8e:	4460      	add	r0, ip
10000a90:	6886      	ldr	r6, [r0, #8]
10000a92:	68c7      	ldr	r7, [r0, #12]
10000a94:	1b92      	subs	r2, r2, r6
10000a96:	41bb      	sbcs	r3, r7
10000a98:	2b00      	cmp	r3, #0
10000a9a:	da00      	bge.n	10000a9e <alarm_pool_irq_handler+0x14a>
10000a9c:	e779      	b.n	10000992 <alarm_pool_irq_handler+0x3e>
10000a9e:	4643      	mov	r3, r8
10000aa0:	4666      	mov	r6, ip
10000aa2:	0002      	movs	r2, r0
10000aa4:	9400      	str	r4, [sp, #0]
10000aa6:	9501      	str	r5, [sp, #4]
10000aa8:	8119      	strh	r1, [r3, #8]
10000aaa:	e00c      	b.n	10000ac6 <alarm_pool_irq_handler+0x172>
10000aac:	007b      	lsls	r3, r7, #1
10000aae:	19db      	adds	r3, r3, r7
10000ab0:	00db      	lsls	r3, r3, #3
10000ab2:	18f3      	adds	r3, r6, r3
10000ab4:	9800      	ldr	r0, [sp, #0]
10000ab6:	9901      	ldr	r1, [sp, #4]
10000ab8:	689c      	ldr	r4, [r3, #8]
10000aba:	68dd      	ldr	r5, [r3, #12]
10000abc:	1b00      	subs	r0, r0, r4
10000abe:	41a9      	sbcs	r1, r5
10000ac0:	2900      	cmp	r1, #0
10000ac2:	db04      	blt.n	10000ace <alarm_pool_irq_handler+0x17a>
10000ac4:	001a      	movs	r2, r3
10000ac6:	2300      	movs	r3, #0
10000ac8:	5ed7      	ldrsh	r7, [r2, r3]
10000aca:	2f00      	cmp	r7, #0
10000acc:	daee      	bge.n	10000aac <alarm_pool_irq_handler+0x158>
10000ace:	465b      	mov	r3, fp
10000ad0:	801f      	strh	r7, [r3, #0]
10000ad2:	4653      	mov	r3, sl
10000ad4:	8013      	strh	r3, [r2, #0]
10000ad6:	4643      	mov	r3, r8
10000ad8:	889b      	ldrh	r3, [r3, #4]
10000ada:	b21b      	sxth	r3, r3
10000adc:	2b00      	cmp	r3, #0
10000ade:	da00      	bge.n	10000ae2 <alarm_pool_irq_handler+0x18e>
10000ae0:	e75d      	b.n	1000099e <alarm_pool_irq_handler+0x4a>
10000ae2:	4643      	mov	r3, r8
10000ae4:	691a      	ldr	r2, [r3, #16]
10000ae6:	f3ef 8110 	mrs	r1, PRIMASK
10000aea:	b672      	cpsid	i
10000aec:	6813      	ldr	r3, [r2, #0]
10000aee:	2b00      	cmp	r3, #0
10000af0:	d0fc      	beq.n	10000aec <alarm_pool_irq_handler+0x198>
10000af2:	f3bf 8f5f 	dmb	sy
10000af6:	4643      	mov	r3, r8
10000af8:	889b      	ldrh	r3, [r3, #4]
10000afa:	4642      	mov	r2, r8
10000afc:	b21b      	sxth	r3, r3
10000afe:	469a      	mov	sl, r3
10000b00:	2301      	movs	r3, #1
10000b02:	425b      	negs	r3, r3
10000b04:	8093      	strh	r3, [r2, #4]
10000b06:	6913      	ldr	r3, [r2, #16]
10000b08:	f3bf 8f5f 	dmb	sy
10000b0c:	2200      	movs	r2, #0
10000b0e:	601a      	str	r2, [r3, #0]
10000b10:	f381 8810 	msr	PRIMASK, r1
10000b14:	4653      	mov	r3, sl
10000b16:	2b00      	cmp	r3, #0
10000b18:	da00      	bge.n	10000b1c <alarm_pool_irq_handler+0x1c8>
10000b1a:	e740      	b.n	1000099e <alarm_pool_irq_handler+0x4a>
10000b1c:	4643      	mov	r3, r8
10000b1e:	695b      	ldr	r3, [r3, #20]
10000b20:	469c      	mov	ip, r3
10000b22:	2308      	movs	r3, #8
10000b24:	4443      	add	r3, r8
10000b26:	469b      	mov	fp, r3
10000b28:	4653      	mov	r3, sl
10000b2a:	005f      	lsls	r7, r3, #1
10000b2c:	4643      	mov	r3, r8
10000b2e:	4457      	add	r7, sl
10000b30:	00ff      	lsls	r7, r7, #3
10000b32:	2208      	movs	r2, #8
10000b34:	5e9a      	ldrsh	r2, [r3, r2]
10000b36:	4467      	add	r7, ip
10000b38:	465e      	mov	r6, fp
10000b3a:	68bc      	ldr	r4, [r7, #8]
10000b3c:	68fd      	ldr	r5, [r7, #12]
10000b3e:	2a00      	cmp	r2, #0
10000b40:	db19      	blt.n	10000b76 <alarm_pool_irq_handler+0x222>
10000b42:	003b      	movs	r3, r7
10000b44:	9400      	str	r4, [sp, #0]
10000b46:	9501      	str	r5, [sp, #4]
10000b48:	4667      	mov	r7, ip
10000b4a:	469c      	mov	ip, r3
10000b4c:	e004      	b.n	10000b58 <alarm_pool_irq_handler+0x204>
10000b4e:	001e      	movs	r6, r3
10000b50:	2300      	movs	r3, #0
10000b52:	5ef2      	ldrsh	r2, [r6, r3]
10000b54:	2a00      	cmp	r2, #0
10000b56:	db0b      	blt.n	10000b70 <alarm_pool_irq_handler+0x21c>
10000b58:	9800      	ldr	r0, [sp, #0]
10000b5a:	9901      	ldr	r1, [sp, #4]
10000b5c:	0053      	lsls	r3, r2, #1
10000b5e:	189b      	adds	r3, r3, r2
10000b60:	00db      	lsls	r3, r3, #3
10000b62:	18fb      	adds	r3, r7, r3
10000b64:	689c      	ldr	r4, [r3, #8]
10000b66:	68dd      	ldr	r5, [r3, #12]
10000b68:	1b00      	subs	r0, r0, r4
10000b6a:	41a9      	sbcs	r1, r5
10000b6c:	2900      	cmp	r1, #0
10000b6e:	daee      	bge.n	10000b4e <alarm_pool_irq_handler+0x1fa>
10000b70:	4663      	mov	r3, ip
10000b72:	46bc      	mov	ip, r7
10000b74:	001f      	movs	r7, r3
10000b76:	4653      	mov	r3, sl
10000b78:	8033      	strh	r3, [r6, #0]
10000b7a:	2100      	movs	r1, #0
10000b7c:	5e7b      	ldrsh	r3, [r7, r1]
10000b7e:	803a      	strh	r2, [r7, #0]
10000b80:	469a      	mov	sl, r3
10000b82:	2b00      	cmp	r3, #0
10000b84:	dad0      	bge.n	10000b28 <alarm_pool_irq_handler+0x1d4>
10000b86:	4643      	mov	r3, r8
10000b88:	799b      	ldrb	r3, [r3, #6]
10000b8a:	2b00      	cmp	r3, #0
10000b8c:	d100      	bne.n	10000b90 <alarm_pool_irq_handler+0x23c>
10000b8e:	e70b      	b.n	100009a8 <alarm_pool_irq_handler+0x54>
10000b90:	2300      	movs	r3, #0
10000b92:	4642      	mov	r2, r8
10000b94:	7193      	strb	r3, [r2, #6]
10000b96:	4643      	mov	r3, r8
10000b98:	4646      	mov	r6, r8
10000b9a:	2108      	movs	r1, #8
10000b9c:	5e59      	ldrsh	r1, [r3, r1]
10000b9e:	3608      	adds	r6, #8
10000ba0:	1c4b      	adds	r3, r1, #1
10000ba2:	d100      	bne.n	10000ba6 <alarm_pool_irq_handler+0x252>
10000ba4:	e729      	b.n	100009fa <alarm_pool_irq_handler+0xa6>
10000ba6:	4647      	mov	r7, r8
10000ba8:	468c      	mov	ip, r1
10000baa:	6955      	ldr	r5, [r2, #20]
10000bac:	e002      	b.n	10000bb4 <alarm_pool_irq_handler+0x260>
10000bae:	0006      	movs	r6, r0
10000bb0:	1c4b      	adds	r3, r1, #1
10000bb2:	d017      	beq.n	10000be4 <alarm_pool_irq_handler+0x290>
10000bb4:	004b      	lsls	r3, r1, #1
10000bb6:	185b      	adds	r3, r3, r1
10000bb8:	00db      	lsls	r3, r3, #3
10000bba:	18e8      	adds	r0, r5, r3
10000bbc:	000a      	movs	r2, r1
10000bbe:	5ee9      	ldrsh	r1, [r5, r3]
10000bc0:	8843      	ldrh	r3, [r0, #2]
10000bc2:	b21b      	sxth	r3, r3
10000bc4:	2b00      	cmp	r3, #0
10000bc6:	daf2      	bge.n	10000bae <alarm_pool_irq_handler+0x25a>
10000bc8:	2301      	movs	r3, #1
10000bca:	425b      	negs	r3, r3
10000bcc:	17dc      	asrs	r4, r3, #31
10000bce:	6083      	str	r3, [r0, #8]
10000bd0:	60c4      	str	r4, [r0, #12]
10000bd2:	4562      	cmp	r2, ip
10000bd4:	d0ec      	beq.n	10000bb0 <alarm_pool_irq_handler+0x25c>
10000bd6:	8031      	strh	r1, [r6, #0]
10000bd8:	893b      	ldrh	r3, [r7, #8]
10000bda:	4694      	mov	ip, r2
10000bdc:	8003      	strh	r3, [r0, #0]
10000bde:	813a      	strh	r2, [r7, #8]
10000be0:	1c4b      	adds	r3, r1, #1
10000be2:	d1e7      	bne.n	10000bb4 <alarm_pool_irq_handler+0x260>
10000be4:	46b8      	mov	r8, r7
10000be6:	4664      	mov	r4, ip
10000be8:	e6e1      	b.n	100009ae <alarm_pool_irq_handler+0x5a>
10000bea:	1c6b      	adds	r3, r5, #1
10000bec:	d000      	beq.n	10000bf0 <alarm_pool_irq_handler+0x29c>
10000bee:	e6ec      	b.n	100009ca <alarm_pool_irq_handler+0x76>
10000bf0:	e6f9      	b.n	100009e6 <alarm_pool_irq_handler+0x92>
10000bf2:	465b      	mov	r3, fp
10000bf4:	695c      	ldr	r4, [r3, #20]
10000bf6:	0020      	movs	r0, r4
10000bf8:	6923      	ldr	r3, [r4, #16]
10000bfa:	4798      	blx	r3
10000bfc:	2800      	cmp	r0, #0
10000bfe:	d121      	bne.n	10000c44 <alarm_pool_irq_handler+0x2f0>
10000c00:	465b      	mov	r3, fp
10000c02:	4642      	mov	r2, r8
10000c04:	881b      	ldrh	r3, [r3, #0]
10000c06:	8113      	strh	r3, [r2, #8]
10000c08:	6912      	ldr	r2, [r2, #16]
10000c0a:	f3ef 8310 	mrs	r3, PRIMASK
10000c0e:	b672      	cpsid	i
10000c10:	6811      	ldr	r1, [r2, #0]
10000c12:	2900      	cmp	r1, #0
10000c14:	d0fc      	beq.n	10000c10 <alarm_pool_irq_handler+0x2bc>
10000c16:	f3bf 8f5f 	dmb	sy
10000c1a:	4642      	mov	r2, r8
10000c1c:	4659      	mov	r1, fp
10000c1e:	8852      	ldrh	r2, [r2, #2]
10000c20:	800a      	strh	r2, [r1, #0]
10000c22:	4642      	mov	r2, r8
10000c24:	4651      	mov	r1, sl
10000c26:	8051      	strh	r1, [r2, #2]
10000c28:	6912      	ldr	r2, [r2, #16]
10000c2a:	f3bf 8f5f 	dmb	sy
10000c2e:	2100      	movs	r1, #0
10000c30:	6011      	str	r1, [r2, #0]
10000c32:	f383 8810 	msr	PRIMASK, r3
10000c36:	e6ac      	b.n	10000992 <alarm_pool_irq_handler+0x3e>
10000c38:	4806      	ldr	r0, [pc, #24]	; (10000c54 <alarm_pool_irq_handler+0x300>)
10000c3a:	f000 fa87 	bl	1000114c <timer_time_us_64>
10000c3e:	1824      	adds	r4, r4, r0
10000c40:	414d      	adcs	r5, r1
10000c42:	e714      	b.n	10000a6e <alarm_pool_irq_handler+0x11a>
10000c44:	6865      	ldr	r5, [r4, #4]
10000c46:	6824      	ldr	r4, [r4, #0]
10000c48:	e706      	b.n	10000a58 <alarm_pool_irq_handler+0x104>
10000c4a:	46c0      	nop			; (mov r8, r8)
10000c4c:	20001f4c 	.word	0x20001f4c
10000c50:	4005703c 	.word	0x4005703c
10000c54:	40054000 	.word	0x40054000
10000c58:	10000955 	.word	0x10000955

10000c5c <runtime_init_default_alarm_pool>:
10000c5c:	b570      	push	{r4, r5, r6, lr}
10000c5e:	4c2e      	ldr	r4, [pc, #184]	; (10000d18 <runtime_init_default_alarm_pool+0xbc>)
10000c60:	6925      	ldr	r5, [r4, #16]
10000c62:	2d00      	cmp	r5, #0
10000c64:	d004      	beq.n	10000c70 <runtime_init_default_alarm_pool+0x14>
10000c66:	210a      	movs	r1, #10
10000c68:	482c      	ldr	r0, [pc, #176]	; (10000d1c <runtime_init_default_alarm_pool+0xc0>)
10000c6a:	f7ff fdff 	bl	1000086c <lock_init>
10000c6e:	bd70      	pop	{r4, r5, r6, pc}
10000c70:	4e2b      	ldr	r6, [pc, #172]	; (10000d20 <runtime_init_default_alarm_pool+0xc4>)
10000c72:	2103      	movs	r1, #3
10000c74:	0030      	movs	r0, r6
10000c76:	f000 fa5f 	bl	10001138 <timer_hardware_alarm_claim>
10000c7a:	60e6      	str	r6, [r4, #12]
10000c7c:	f7ff fbf6 	bl	1000046c <next_striped_spin_lock_num>
10000c80:	4b28      	ldr	r3, [pc, #160]	; (10000d24 <runtime_init_default_alarm_pool+0xc8>)
10000c82:	2203      	movs	r2, #3
10000c84:	469c      	mov	ip, r3
10000c86:	23d0      	movs	r3, #208	; 0xd0
10000c88:	7022      	strb	r2, [r4, #0]
10000c8a:	061b      	lsls	r3, r3, #24
10000c8c:	681b      	ldr	r3, [r3, #0]
10000c8e:	2101      	movs	r1, #1
10000c90:	7063      	strb	r3, [r4, #1]
10000c92:	4b25      	ldr	r3, [pc, #148]	; (10000d28 <runtime_init_default_alarm_pool+0xcc>)
10000c94:	4460      	add	r0, ip
10000c96:	60a3      	str	r3, [r4, #8]
10000c98:	230f      	movs	r3, #15
10000c9a:	0080      	lsls	r0, r0, #2
10000c9c:	6120      	str	r0, [r4, #16]
10000c9e:	2002      	movs	r0, #2
10000ca0:	8063      	strh	r3, [r4, #2]
10000ca2:	6963      	ldr	r3, [r4, #20]
10000ca4:	4249      	negs	r1, r1
10000ca6:	80a1      	strh	r1, [r4, #4]
10000ca8:	8019      	strh	r1, [r3, #0]
10000caa:	3102      	adds	r1, #2
10000cac:	8619      	strh	r1, [r3, #48]	; 0x30
10000cae:	3147      	adds	r1, #71	; 0x47
10000cb0:	831d      	strh	r5, [r3, #24]
10000cb2:	5258      	strh	r0, [r3, r1]
10000cb4:	3118      	adds	r1, #24
10000cb6:	525a      	strh	r2, [r3, r1]
10000cb8:	3275      	adds	r2, #117	; 0x75
10000cba:	395c      	subs	r1, #92	; 0x5c
10000cbc:	5299      	strh	r1, [r3, r2]
10000cbe:	3218      	adds	r2, #24
10000cc0:	3101      	adds	r1, #1
10000cc2:	5299      	strh	r1, [r3, r2]
10000cc4:	3218      	adds	r2, #24
10000cc6:	3101      	adds	r1, #1
10000cc8:	5299      	strh	r1, [r3, r2]
10000cca:	3218      	adds	r2, #24
10000ccc:	3101      	adds	r1, #1
10000cce:	5299      	strh	r1, [r3, r2]
10000cd0:	3508      	adds	r5, #8
10000cd2:	3218      	adds	r2, #24
10000cd4:	529d      	strh	r5, [r3, r2]
10000cd6:	3102      	adds	r1, #2
10000cd8:	3218      	adds	r2, #24
10000cda:	5299      	strh	r1, [r3, r2]
10000cdc:	3218      	adds	r2, #24
10000cde:	3101      	adds	r1, #1
10000ce0:	5299      	strh	r1, [r3, r2]
10000ce2:	3218      	adds	r2, #24
10000ce4:	3101      	adds	r1, #1
10000ce6:	5299      	strh	r1, [r3, r2]
10000ce8:	3218      	adds	r2, #24
10000cea:	3101      	adds	r1, #1
10000cec:	5299      	strh	r1, [r3, r2]
10000cee:	3218      	adds	r2, #24
10000cf0:	3101      	adds	r1, #1
10000cf2:	5299      	strh	r1, [r3, r2]
10000cf4:	3218      	adds	r2, #24
10000cf6:	3101      	adds	r1, #1
10000cf8:	5299      	strh	r1, [r3, r2]
10000cfa:	4b0c      	ldr	r3, [pc, #48]	; (10000d2c <runtime_init_default_alarm_pool+0xd0>)
10000cfc:	490c      	ldr	r1, [pc, #48]	; (10000d30 <runtime_init_default_alarm_pool+0xd4>)
10000cfe:	60dc      	str	r4, [r3, #12]
10000d00:	3001      	adds	r0, #1
10000d02:	6235      	str	r5, [r6, #32]
10000d04:	f7ff fc26 	bl	10000554 <irq_set_exclusive_handler>
10000d08:	2101      	movs	r1, #1
10000d0a:	2003      	movs	r0, #3
10000d0c:	f7ff fbea 	bl	100004e4 <irq_set_enabled>
10000d10:	4b08      	ldr	r3, [pc, #32]	; (10000d34 <runtime_init_default_alarm_pool+0xd8>)
10000d12:	601d      	str	r5, [r3, #0]
10000d14:	e7a7      	b.n	10000c66 <runtime_init_default_alarm_pool+0xa>
10000d16:	46c0      	nop			; (mov r8, r8)
10000d18:	2000100c 	.word	0x2000100c
10000d1c:	20001f68 	.word	0x20001f68
10000d20:	40054000 	.word	0x40054000
10000d24:	34000040 	.word	0x34000040
10000d28:	0010ffff 	.word	0x0010ffff
10000d2c:	20001f4c 	.word	0x20001f4c
10000d30:	10000955 	.word	0x10000955
10000d34:	40056038 	.word	0x40056038

10000d38 <alarm_pool_get_default>:
10000d38:	4800      	ldr	r0, [pc, #0]	; (10000d3c <alarm_pool_get_default+0x4>)
10000d3a:	4770      	bx	lr
10000d3c:	2000100c 	.word	0x2000100c

10000d40 <alarm_pool_add_alarm_at>:
10000d40:	b5f8      	push	{r3, r4, r5, r6, r7, lr}
10000d42:	001f      	movs	r7, r3
10000d44:	ab08      	add	r3, sp, #32
10000d46:	781b      	ldrb	r3, [r3, #0]
10000d48:	0004      	movs	r4, r0
10000d4a:	0016      	movs	r6, r2
10000d4c:	2b00      	cmp	r3, #0
10000d4e:	d107      	bne.n	10000d60 <alarm_pool_add_alarm_at+0x20>
10000d50:	f000 fa04 	bl	1000115c <time_us_64>
10000d54:	0032      	movs	r2, r6
10000d56:	003b      	movs	r3, r7
10000d58:	1a12      	subs	r2, r2, r0
10000d5a:	418b      	sbcs	r3, r1
10000d5c:	2b00      	cmp	r3, #0
10000d5e:	db4c      	blt.n	10000dfa <alarm_pool_add_alarm_at+0xba>
10000d60:	6922      	ldr	r2, [r4, #16]
10000d62:	f3ef 8010 	mrs	r0, PRIMASK
10000d66:	b672      	cpsid	i
10000d68:	6813      	ldr	r3, [r2, #0]
10000d6a:	2b00      	cmp	r3, #0
10000d6c:	d0fc      	beq.n	10000d68 <alarm_pool_add_alarm_at+0x28>
10000d6e:	f3bf 8f5f 	dmb	sy
10000d72:	6962      	ldr	r2, [r4, #20]
10000d74:	2302      	movs	r3, #2
10000d76:	5ee1      	ldrsh	r1, [r4, r3]
10000d78:	4694      	mov	ip, r2
10000d7a:	004b      	lsls	r3, r1, #1
10000d7c:	185b      	adds	r3, r3, r1
10000d7e:	00db      	lsls	r3, r3, #3
10000d80:	4463      	add	r3, ip
10000d82:	2900      	cmp	r1, #0
10000d84:	db01      	blt.n	10000d8a <alarm_pool_add_alarm_at+0x4a>
10000d86:	881a      	ldrh	r2, [r3, #0]
10000d88:	8062      	strh	r2, [r4, #2]
10000d8a:	6922      	ldr	r2, [r4, #16]
10000d8c:	f3bf 8f5f 	dmb	sy
10000d90:	2500      	movs	r5, #0
10000d92:	6015      	str	r5, [r2, #0]
10000d94:	f380 8810 	msr	PRIMASK, r0
10000d98:	2900      	cmp	r1, #0
10000d9a:	db30      	blt.n	10000dfe <alarm_pool_add_alarm_at+0xbe>
10000d9c:	9a06      	ldr	r2, [sp, #24]
10000d9e:	609e      	str	r6, [r3, #8]
10000da0:	60df      	str	r7, [r3, #12]
10000da2:	611a      	str	r2, [r3, #16]
10000da4:	9a07      	ldr	r2, [sp, #28]
10000da6:	615a      	str	r2, [r3, #20]
10000da8:	885a      	ldrh	r2, [r3, #2]
10000daa:	3201      	adds	r2, #1
10000dac:	0452      	lsls	r2, r2, #17
10000dae:	0c52      	lsrs	r2, r2, #17
10000db0:	1c16      	adds	r6, r2, #0
10000db2:	2a00      	cmp	r2, #0
10000db4:	d01f      	beq.n	10000df6 <alarm_pool_add_alarm_at+0xb6>
10000db6:	b2b0      	uxth	r0, r6
10000db8:	040a      	lsls	r2, r1, #16
10000dba:	805e      	strh	r6, [r3, #2]
10000dbc:	4310      	orrs	r0, r2
10000dbe:	6926      	ldr	r6, [r4, #16]
10000dc0:	f3ef 8510 	mrs	r5, PRIMASK
10000dc4:	b672      	cpsid	i
10000dc6:	6832      	ldr	r2, [r6, #0]
10000dc8:	2a00      	cmp	r2, #0
10000dca:	d0fc      	beq.n	10000dc6 <alarm_pool_add_alarm_at+0x86>
10000dcc:	f3bf 8f5f 	dmb	sy
10000dd0:	88a2      	ldrh	r2, [r4, #4]
10000dd2:	801a      	strh	r2, [r3, #0]
10000dd4:	80a1      	strh	r1, [r4, #4]
10000dd6:	6923      	ldr	r3, [r4, #16]
10000dd8:	f3bf 8f5f 	dmb	sy
10000ddc:	2200      	movs	r2, #0
10000dde:	601a      	str	r2, [r3, #0]
10000de0:	f385 8810 	msr	PRIMASK, r5
10000de4:	4907      	ldr	r1, [pc, #28]	; (10000e04 <alarm_pool_add_alarm_at+0xc4>)
10000de6:	7823      	ldrb	r3, [r4, #0]
10000de8:	468c      	mov	ip, r1
10000dea:	3201      	adds	r2, #1
10000dec:	409a      	lsls	r2, r3
10000dee:	68e3      	ldr	r3, [r4, #12]
10000df0:	4463      	add	r3, ip
10000df2:	601a      	str	r2, [r3, #0]
10000df4:	bdf8      	pop	{r3, r4, r5, r6, r7, pc}
10000df6:	2601      	movs	r6, #1
10000df8:	e7dd      	b.n	10000db6 <alarm_pool_add_alarm_at+0x76>
10000dfa:	2000      	movs	r0, #0
10000dfc:	e7fa      	b.n	10000df4 <alarm_pool_add_alarm_at+0xb4>
10000dfe:	2001      	movs	r0, #1
10000e00:	4240      	negs	r0, r0
10000e02:	e7f7      	b.n	10000df4 <alarm_pool_add_alarm_at+0xb4>
10000e04:	0000203c 	.word	0x0000203c

10000e08 <alarm_pool_add_alarm_at_force_in_context>:
10000e08:	b570      	push	{r4, r5, r6, lr}
10000e0a:	46c6      	mov	lr, r8
10000e0c:	0001      	movs	r1, r0
10000e0e:	b500      	push	{lr}
10000e10:	6904      	ldr	r4, [r0, #16]
10000e12:	f3ef 8c10 	mrs	ip, PRIMASK
10000e16:	b672      	cpsid	i
10000e18:	6820      	ldr	r0, [r4, #0]
10000e1a:	2800      	cmp	r0, #0
10000e1c:	d0fc      	beq.n	10000e18 <alarm_pool_add_alarm_at_force_in_context+0x10>
10000e1e:	f3bf 8f5f 	dmb	sy
10000e22:	2002      	movs	r0, #2
10000e24:	5e0d      	ldrsh	r5, [r1, r0]
10000e26:	6948      	ldr	r0, [r1, #20]
10000e28:	006c      	lsls	r4, r5, #1
10000e2a:	4680      	mov	r8, r0
10000e2c:	1964      	adds	r4, r4, r5
10000e2e:	00e4      	lsls	r4, r4, #3
10000e30:	4444      	add	r4, r8
10000e32:	2d00      	cmp	r5, #0
10000e34:	db01      	blt.n	10000e3a <alarm_pool_add_alarm_at_force_in_context+0x32>
10000e36:	8820      	ldrh	r0, [r4, #0]
10000e38:	8048      	strh	r0, [r1, #2]
10000e3a:	6908      	ldr	r0, [r1, #16]
10000e3c:	f3bf 8f5f 	dmb	sy
10000e40:	2600      	movs	r6, #0
10000e42:	6006      	str	r6, [r0, #0]
10000e44:	f38c 8810 	msr	PRIMASK, ip
10000e48:	2d00      	cmp	r5, #0
10000e4a:	db30      	blt.n	10000eae <alarm_pool_add_alarm_at_force_in_context+0xa6>
10000e4c:	60e3      	str	r3, [r4, #12]
10000e4e:	8863      	ldrh	r3, [r4, #2]
10000e50:	9805      	ldr	r0, [sp, #20]
10000e52:	3301      	adds	r3, #1
10000e54:	6120      	str	r0, [r4, #16]
10000e56:	045b      	lsls	r3, r3, #17
10000e58:	9806      	ldr	r0, [sp, #24]
10000e5a:	0c5b      	lsrs	r3, r3, #17
10000e5c:	60a2      	str	r2, [r4, #8]
10000e5e:	6160      	str	r0, [r4, #20]
10000e60:	1c1a      	adds	r2, r3, #0
10000e62:	2b00      	cmp	r3, #0
10000e64:	d021      	beq.n	10000eaa <alarm_pool_add_alarm_at_force_in_context+0xa2>
10000e66:	b290      	uxth	r0, r2
10000e68:	042b      	lsls	r3, r5, #16
10000e6a:	8062      	strh	r2, [r4, #2]
10000e6c:	4318      	orrs	r0, r3
10000e6e:	690a      	ldr	r2, [r1, #16]
10000e70:	f3ef 8610 	mrs	r6, PRIMASK
10000e74:	b672      	cpsid	i
10000e76:	6813      	ldr	r3, [r2, #0]
10000e78:	2b00      	cmp	r3, #0
10000e7a:	d0fc      	beq.n	10000e76 <alarm_pool_add_alarm_at_force_in_context+0x6e>
10000e7c:	f3bf 8f5f 	dmb	sy
10000e80:	888b      	ldrh	r3, [r1, #4]
10000e82:	8023      	strh	r3, [r4, #0]
10000e84:	808d      	strh	r5, [r1, #4]
10000e86:	690b      	ldr	r3, [r1, #16]
10000e88:	f3bf 8f5f 	dmb	sy
10000e8c:	2200      	movs	r2, #0
10000e8e:	601a      	str	r2, [r3, #0]
10000e90:	f386 8810 	msr	PRIMASK, r6
10000e94:	780b      	ldrb	r3, [r1, #0]
10000e96:	3201      	adds	r2, #1
10000e98:	409a      	lsls	r2, r3
10000e9a:	68cb      	ldr	r3, [r1, #12]
10000e9c:	4905      	ldr	r1, [pc, #20]	; (10000eb4 <alarm_pool_add_alarm_at_force_in_context+0xac>)
10000e9e:	468c      	mov	ip, r1
10000ea0:	4463      	add	r3, ip
10000ea2:	601a      	str	r2, [r3, #0]
10000ea4:	bc40      	pop	{r6}
10000ea6:	46b0      	mov	r8, r6
10000ea8:	bd70      	pop	{r4, r5, r6, pc}
10000eaa:	2201      	movs	r2, #1
10000eac:	e7db      	b.n	10000e66 <alarm_pool_add_alarm_at_force_in_context+0x5e>
10000eae:	2001      	movs	r0, #1
10000eb0:	4240      	negs	r0, r0
10000eb2:	e7f7      	b.n	10000ea4 <alarm_pool_add_alarm_at_force_in_context+0x9c>
10000eb4:	0000203c 	.word	0x0000203c

10000eb8 <alarm_pool_cancel_alarm>:
10000eb8:	b510      	push	{r4, lr}
10000eba:	8943      	ldrh	r3, [r0, #10]
10000ebc:	140a      	asrs	r2, r1, #16
10000ebe:	4293      	cmp	r3, r2
10000ec0:	dd33      	ble.n	10000f2a <alarm_pool_cancel_alarm+0x72>
10000ec2:	0053      	lsls	r3, r2, #1
10000ec4:	189b      	adds	r3, r3, r2
10000ec6:	6942      	ldr	r2, [r0, #20]
10000ec8:	00db      	lsls	r3, r3, #3
10000eca:	4694      	mov	ip, r2
10000ecc:	6904      	ldr	r4, [r0, #16]
10000ece:	4463      	add	r3, ip
10000ed0:	f3ef 8c10 	mrs	ip, PRIMASK
10000ed4:	b672      	cpsid	i
10000ed6:	6822      	ldr	r2, [r4, #0]
10000ed8:	2a00      	cmp	r2, #0
10000eda:	d0fc      	beq.n	10000ed6 <alarm_pool_cancel_alarm+0x1e>
10000edc:	f3bf 8f5f 	dmb	sy
10000ee0:	885a      	ldrh	r2, [r3, #2]
10000ee2:	0409      	lsls	r1, r1, #16
10000ee4:	b294      	uxth	r4, r2
10000ee6:	0c09      	lsrs	r1, r1, #16
10000ee8:	428a      	cmp	r2, r1
10000eea:	d008      	beq.n	10000efe <alarm_pool_cancel_alarm+0x46>
10000eec:	6903      	ldr	r3, [r0, #16]
10000eee:	f3bf 8f5f 	dmb	sy
10000ef2:	2200      	movs	r2, #0
10000ef4:	601a      	str	r2, [r3, #0]
10000ef6:	f38c 8810 	msr	PRIMASK, ip
10000efa:	2000      	movs	r0, #0
10000efc:	bd10      	pop	{r4, pc}
10000efe:	2280      	movs	r2, #128	; 0x80
10000f00:	0212      	lsls	r2, r2, #8
10000f02:	4314      	orrs	r4, r2
10000f04:	805c      	strh	r4, [r3, #2]
10000f06:	2301      	movs	r3, #1
10000f08:	6902      	ldr	r2, [r0, #16]
10000f0a:	7183      	strb	r3, [r0, #6]
10000f0c:	f3bf 8f5f 	dmb	sy
10000f10:	2100      	movs	r1, #0
10000f12:	6011      	str	r1, [r2, #0]
10000f14:	f38c 8810 	msr	PRIMASK, ip
10000f18:	4905      	ldr	r1, [pc, #20]	; (10000f30 <alarm_pool_cancel_alarm+0x78>)
10000f1a:	7802      	ldrb	r2, [r0, #0]
10000f1c:	468c      	mov	ip, r1
10000f1e:	4093      	lsls	r3, r2
10000f20:	68c2      	ldr	r2, [r0, #12]
10000f22:	2001      	movs	r0, #1
10000f24:	4462      	add	r2, ip
10000f26:	6013      	str	r3, [r2, #0]
10000f28:	e7e8      	b.n	10000efc <alarm_pool_cancel_alarm+0x44>
10000f2a:	2000      	movs	r0, #0
10000f2c:	e7e6      	b.n	10000efc <alarm_pool_cancel_alarm+0x44>
10000f2e:	46c0      	nop			; (mov r8, r8)
10000f30:	0000203c 	.word	0x0000203c

10000f34 <alarm_pool_core_num>:
10000f34:	7840      	ldrb	r0, [r0, #1]
10000f36:	4770      	bx	lr

10000f38 <sleep_until>:
10000f38:	b5f0      	push	{r4, r5, r6, r7, lr}
10000f3a:	0004      	movs	r4, r0
10000f3c:	000d      	movs	r5, r1
10000f3e:	2606      	movs	r6, #6
10000f40:	4276      	negs	r6, r6
10000f42:	17f7      	asrs	r7, r6, #31
10000f44:	46c6      	mov	lr, r8
10000f46:	1936      	adds	r6, r6, r4
10000f48:	416f      	adcs	r7, r5
10000f4a:	b500      	push	{lr}
10000f4c:	b082      	sub	sp, #8
10000f4e:	428f      	cmp	r7, r1
10000f50:	d814      	bhi.n	10000f7c <sleep_until+0x44>
10000f52:	d011      	beq.n	10000f78 <sleep_until+0x40>
10000f54:	f000 f902 	bl	1000115c <time_us_64>
10000f58:	0032      	movs	r2, r6
10000f5a:	003b      	movs	r3, r7
10000f5c:	1a12      	subs	r2, r2, r0
10000f5e:	418b      	sbcs	r3, r1
10000f60:	2b00      	cmp	r3, #0
10000f62:	dc15      	bgt.n	10000f90 <sleep_until+0x58>
10000f64:	2b00      	cmp	r3, #0
10000f66:	d044      	beq.n	10000ff2 <sleep_until+0xba>
10000f68:	0020      	movs	r0, r4
10000f6a:	0029      	movs	r1, r5
10000f6c:	f000 f92a 	bl	100011c4 <busy_wait_until>
10000f70:	b002      	add	sp, #8
10000f72:	bc80      	pop	{r7}
10000f74:	46b8      	mov	r8, r7
10000f76:	bdf0      	pop	{r4, r5, r6, r7, pc}
10000f78:	4286      	cmp	r6, r0
10000f7a:	d9eb      	bls.n	10000f54 <sleep_until+0x1c>
10000f7c:	2600      	movs	r6, #0
10000f7e:	2700      	movs	r7, #0
10000f80:	f000 f8ec 	bl	1000115c <time_us_64>
10000f84:	0032      	movs	r2, r6
10000f86:	003b      	movs	r3, r7
10000f88:	1a12      	subs	r2, r2, r0
10000f8a:	418b      	sbcs	r3, r1
10000f8c:	2b00      	cmp	r3, #0
10000f8e:	dde9      	ble.n	10000f64 <sleep_until+0x2c>
10000f90:	f000 f8e4 	bl	1000115c <time_us_64>
10000f94:	0032      	movs	r2, r6
10000f96:	003b      	movs	r3, r7
10000f98:	1a12      	subs	r2, r2, r0
10000f9a:	418b      	sbcs	r3, r1
10000f9c:	2b00      	cmp	r3, #0
10000f9e:	db0a      	blt.n	10000fb6 <sleep_until+0x7e>
10000fa0:	2300      	movs	r3, #0
10000fa2:	9301      	str	r3, [sp, #4]
10000fa4:	4b14      	ldr	r3, [pc, #80]	; (10000ff8 <sleep_until+0xc0>)
10000fa6:	0032      	movs	r2, r6
10000fa8:	9300      	str	r3, [sp, #0]
10000faa:	4814      	ldr	r0, [pc, #80]	; (10000ffc <sleep_until+0xc4>)
10000fac:	003b      	movs	r3, r7
10000fae:	f7ff ff2b 	bl	10000e08 <alarm_pool_add_alarm_at_force_in_context>
10000fb2:	2800      	cmp	r0, #0
10000fb4:	dbd8      	blt.n	10000f68 <sleep_until+0x30>
10000fb6:	46b0      	mov	r8, r6
10000fb8:	2600      	movs	r6, #0
10000fba:	46bc      	mov	ip, r7
10000fbc:	4a10      	ldr	r2, [pc, #64]	; (10001000 <sleep_until+0xc8>)
10000fbe:	4f11      	ldr	r7, [pc, #68]	; (10001004 <sleep_until+0xcc>)
10000fc0:	6a7b      	ldr	r3, [r7, #36]	; 0x24
10000fc2:	459c      	cmp	ip, r3
10000fc4:	d804      	bhi.n	10000fd0 <sleep_until+0x98>
10000fc6:	6ab9      	ldr	r1, [r7, #40]	; 0x28
10000fc8:	4588      	cmp	r8, r1
10000fca:	d9cd      	bls.n	10000f68 <sleep_until+0x30>
10000fcc:	459c      	cmp	ip, r3
10000fce:	d1cb      	bne.n	10000f68 <sleep_until+0x30>
10000fd0:	6811      	ldr	r1, [r2, #0]
10000fd2:	f3ef 8010 	mrs	r0, PRIMASK
10000fd6:	b672      	cpsid	i
10000fd8:	680b      	ldr	r3, [r1, #0]
10000fda:	2b00      	cmp	r3, #0
10000fdc:	d0fc      	beq.n	10000fd8 <sleep_until+0xa0>
10000fde:	f3bf 8f5f 	dmb	sy
10000fe2:	6813      	ldr	r3, [r2, #0]
10000fe4:	f3bf 8f5f 	dmb	sy
10000fe8:	601e      	str	r6, [r3, #0]
10000fea:	f380 8810 	msr	PRIMASK, r0
10000fee:	bf20      	wfe
10000ff0:	e7e6      	b.n	10000fc0 <sleep_until+0x88>
10000ff2:	2a00      	cmp	r2, #0
10000ff4:	d0b8      	beq.n	10000f68 <sleep_until+0x30>
10000ff6:	e7cb      	b.n	10000f90 <sleep_until+0x58>
10000ff8:	10000925 	.word	0x10000925
10000ffc:	2000100c 	.word	0x2000100c
10001000:	20001f68 	.word	0x20001f68
10001004:	40054000 	.word	0x40054000

10001008 <sleep_ms>:
10001008:	b570      	push	{r4, r5, r6, lr}
1000100a:	0006      	movs	r6, r0
1000100c:	f000 f8a6 	bl	1000115c <time_us_64>
10001010:	22fa      	movs	r2, #250	; 0xfa
10001012:	0004      	movs	r4, r0
10001014:	000d      	movs	r5, r1
10001016:	2300      	movs	r3, #0
10001018:	0030      	movs	r0, r6
1000101a:	2100      	movs	r1, #0
1000101c:	0092      	lsls	r2, r2, #2
1000101e:	f000 fc3f 	bl	100018a0 <__wrap___aeabi_lmul>
10001022:	1900      	adds	r0, r0, r4
10001024:	4169      	adcs	r1, r5
10001026:	2900      	cmp	r1, #0
10001028:	db02      	blt.n	10001030 <sleep_ms+0x28>
1000102a:	f7ff ff85 	bl	10000f38 <sleep_until>
1000102e:	bd70      	pop	{r4, r5, r6, pc}
10001030:	2001      	movs	r0, #1
10001032:	4901      	ldr	r1, [pc, #4]	; (10001038 <sleep_ms+0x30>)
10001034:	4240      	negs	r0, r0
10001036:	e7f8      	b.n	1000102a <sleep_ms+0x22>
10001038:	7fffffff 	.word	0x7fffffff

1000103c <best_effort_wfe_or_timeout>:
1000103c:	b5f0      	push	{r4, r5, r6, r7, lr}
1000103e:	46ce      	mov	lr, r9
10001040:	4647      	mov	r7, r8
10001042:	b580      	push	{r7, lr}
10001044:	0004      	movs	r4, r0
10001046:	000d      	movs	r5, r1
10001048:	b083      	sub	sp, #12
1000104a:	f3ef 8705 	mrs	r7, IPSR
1000104e:	2f00      	cmp	r7, #0
10001050:	d00d      	beq.n	1000106e <best_effort_wfe_or_timeout+0x32>
10001052:	4a36      	ldr	r2, [pc, #216]	; (1000112c <best_effort_wfe_or_timeout+0xf0>)
10001054:	2000      	movs	r0, #0
10001056:	6a53      	ldr	r3, [r2, #36]	; 0x24
10001058:	428b      	cmp	r3, r1
1000105a:	d303      	bcc.n	10001064 <best_effort_wfe_or_timeout+0x28>
1000105c:	6a92      	ldr	r2, [r2, #40]	; 0x28
1000105e:	3001      	adds	r0, #1
10001060:	42a2      	cmp	r2, r4
10001062:	d350      	bcc.n	10001106 <best_effort_wfe_or_timeout+0xca>
10001064:	b003      	add	sp, #12
10001066:	bcc0      	pop	{r6, r7}
10001068:	46b9      	mov	r9, r7
1000106a:	46b0      	mov	r8, r6
1000106c:	bdf0      	pop	{r4, r5, r6, r7, pc}
1000106e:	4b30      	ldr	r3, [pc, #192]	; (10001130 <best_effort_wfe_or_timeout+0xf4>)
10001070:	4698      	mov	r8, r3
10001072:	68db      	ldr	r3, [r3, #12]
10001074:	4699      	mov	r9, r3
10001076:	4643      	mov	r3, r8
10001078:	4648      	mov	r0, r9
1000107a:	781e      	ldrb	r6, [r3, #0]
1000107c:	f000 f866 	bl	1000114c <timer_time_us_64>
10001080:	000b      	movs	r3, r1
10001082:	4649      	mov	r1, r9
10001084:	0002      	movs	r2, r0
10001086:	3604      	adds	r6, #4
10001088:	00b6      	lsls	r6, r6, #2
1000108a:	5871      	ldr	r1, [r6, r1]
1000108c:	0020      	movs	r0, r4
1000108e:	1a8e      	subs	r6, r1, r2
10001090:	0029      	movs	r1, r5
10001092:	1a80      	subs	r0, r0, r2
10001094:	4199      	sbcs	r1, r3
10001096:	428f      	cmp	r7, r1
10001098:	dc11      	bgt.n	100010be <best_effort_wfe_or_timeout+0x82>
1000109a:	d00e      	beq.n	100010ba <best_effort_wfe_or_timeout+0x7e>
1000109c:	bf20      	wfe
1000109e:	4a23      	ldr	r2, [pc, #140]	; (1000112c <best_effort_wfe_or_timeout+0xf0>)
100010a0:	2000      	movs	r0, #0
100010a2:	6a53      	ldr	r3, [r2, #36]	; 0x24
100010a4:	42ab      	cmp	r3, r5
100010a6:	d3dd      	bcc.n	10001064 <best_effort_wfe_or_timeout+0x28>
100010a8:	6a92      	ldr	r2, [r2, #40]	; 0x28
100010aa:	3001      	adds	r0, #1
100010ac:	42a2      	cmp	r2, r4
100010ae:	d2d9      	bcs.n	10001064 <best_effort_wfe_or_timeout+0x28>
100010b0:	1ae8      	subs	r0, r5, r3
100010b2:	1e42      	subs	r2, r0, #1
100010b4:	4190      	sbcs	r0, r2
100010b6:	b2c0      	uxtb	r0, r0
100010b8:	e7d4      	b.n	10001064 <best_effort_wfe_or_timeout+0x28>
100010ba:	4286      	cmp	r6, r0
100010bc:	d9ee      	bls.n	1000109c <best_effort_wfe_or_timeout+0x60>
100010be:	f000 f84d 	bl	1000115c <time_us_64>
100010c2:	0022      	movs	r2, r4
100010c4:	002b      	movs	r3, r5
100010c6:	1a12      	subs	r2, r2, r0
100010c8:	418b      	sbcs	r3, r1
100010ca:	2b00      	cmp	r3, #0
100010cc:	db20      	blt.n	10001110 <best_effort_wfe_or_timeout+0xd4>
100010ce:	2300      	movs	r3, #0
100010d0:	9301      	str	r3, [sp, #4]
100010d2:	4b18      	ldr	r3, [pc, #96]	; (10001134 <best_effort_wfe_or_timeout+0xf8>)
100010d4:	0022      	movs	r2, r4
100010d6:	9300      	str	r3, [sp, #0]
100010d8:	4640      	mov	r0, r8
100010da:	002b      	movs	r3, r5
100010dc:	f7ff fe94 	bl	10000e08 <alarm_pool_add_alarm_at_force_in_context>
100010e0:	1e01      	subs	r1, r0, #0
100010e2:	dd15      	ble.n	10001110 <best_effort_wfe_or_timeout+0xd4>
100010e4:	4b11      	ldr	r3, [pc, #68]	; (1000112c <best_effort_wfe_or_timeout+0xf0>)
100010e6:	002e      	movs	r6, r5
100010e8:	6a5a      	ldr	r2, [r3, #36]	; 0x24
100010ea:	4295      	cmp	r5, r2
100010ec:	d81c      	bhi.n	10001128 <best_effort_wfe_or_timeout+0xec>
100010ee:	6a9b      	ldr	r3, [r3, #40]	; 0x28
100010f0:	42a3      	cmp	r3, r4
100010f2:	d317      	bcc.n	10001124 <best_effort_wfe_or_timeout+0xe8>
100010f4:	4640      	mov	r0, r8
100010f6:	f7ff fedf 	bl	10000eb8 <alarm_pool_cancel_alarm>
100010fa:	4a0c      	ldr	r2, [pc, #48]	; (1000112c <best_effort_wfe_or_timeout+0xf0>)
100010fc:	2000      	movs	r0, #0
100010fe:	6a53      	ldr	r3, [r2, #36]	; 0x24
10001100:	429e      	cmp	r6, r3
10001102:	d8af      	bhi.n	10001064 <best_effort_wfe_or_timeout+0x28>
10001104:	e7d0      	b.n	100010a8 <best_effort_wfe_or_timeout+0x6c>
10001106:	1a58      	subs	r0, r3, r1
10001108:	1e42      	subs	r2, r0, #1
1000110a:	4190      	sbcs	r0, r2
1000110c:	b2c0      	uxtb	r0, r0
1000110e:	e7a9      	b.n	10001064 <best_effort_wfe_or_timeout+0x28>
10001110:	4a06      	ldr	r2, [pc, #24]	; (1000112c <best_effort_wfe_or_timeout+0xf0>)
10001112:	2000      	movs	r0, #0
10001114:	6a53      	ldr	r3, [r2, #36]	; 0x24
10001116:	42ab      	cmp	r3, r5
10001118:	d3a4      	bcc.n	10001064 <best_effort_wfe_or_timeout+0x28>
1000111a:	6a92      	ldr	r2, [r2, #40]	; 0x28
1000111c:	2001      	movs	r0, #1
1000111e:	42a2      	cmp	r2, r4
10001120:	d2a0      	bcs.n	10001064 <best_effort_wfe_or_timeout+0x28>
10001122:	e7c5      	b.n	100010b0 <best_effort_wfe_or_timeout+0x74>
10001124:	4295      	cmp	r5, r2
10001126:	d1e5      	bne.n	100010f4 <best_effort_wfe_or_timeout+0xb8>
10001128:	bf20      	wfe
1000112a:	e7e3      	b.n	100010f4 <best_effort_wfe_or_timeout+0xb8>
1000112c:	40054000 	.word	0x40054000
10001130:	2000100c 	.word	0x2000100c
10001134:	10000925 	.word	0x10000925

10001138 <timer_hardware_alarm_claim>:
10001138:	b510      	push	{r4, lr}
1000113a:	4a02      	ldr	r2, [pc, #8]	; (10001144 <timer_hardware_alarm_claim+0xc>)
1000113c:	4802      	ldr	r0, [pc, #8]	; (10001148 <timer_hardware_alarm_claim+0x10>)
1000113e:	f7ff f925 	bl	1000038c <hw_claim_or_assert>
10001142:	bd10      	pop	{r4, pc}
10001144:	100046e8 	.word	0x100046e8
10001148:	20001ad8 	.word	0x20001ad8

1000114c <timer_time_us_64>:
1000114c:	0003      	movs	r3, r0
1000114e:	6a41      	ldr	r1, [r0, #36]	; 0x24
10001150:	000a      	movs	r2, r1
10001152:	6a98      	ldr	r0, [r3, #40]	; 0x28
10001154:	6a59      	ldr	r1, [r3, #36]	; 0x24
10001156:	428a      	cmp	r2, r1
10001158:	d1fa      	bne.n	10001150 <timer_time_us_64+0x4>
1000115a:	4770      	bx	lr

1000115c <time_us_64>:
1000115c:	4b03      	ldr	r3, [pc, #12]	; (1000116c <time_us_64+0x10>)
1000115e:	6a59      	ldr	r1, [r3, #36]	; 0x24
10001160:	000a      	movs	r2, r1
10001162:	6a98      	ldr	r0, [r3, #40]	; 0x28
10001164:	6a59      	ldr	r1, [r3, #36]	; 0x24
10001166:	4291      	cmp	r1, r2
10001168:	d1fa      	bne.n	10001160 <time_us_64+0x4>
1000116a:	4770      	bx	lr
1000116c:	40054000 	.word	0x40054000

10001170 <busy_wait_us>:
10001170:	b570      	push	{r4, r5, r6, lr}
10001172:	0004      	movs	r4, r0
10001174:	000d      	movs	r5, r1
10001176:	4a12      	ldr	r2, [pc, #72]	; (100011c0 <busy_wait_us+0x50>)
10001178:	6a53      	ldr	r3, [r2, #36]	; 0x24
1000117a:	0019      	movs	r1, r3
1000117c:	6a96      	ldr	r6, [r2, #40]	; 0x28
1000117e:	6a53      	ldr	r3, [r2, #36]	; 0x24
10001180:	428b      	cmp	r3, r1
10001182:	d1fa      	bne.n	1000117a <busy_wait_us+0xa>
10001184:	0030      	movs	r0, r6
10001186:	0019      	movs	r1, r3
10001188:	1824      	adds	r4, r4, r0
1000118a:	414d      	adcs	r5, r1
1000118c:	42ab      	cmp	r3, r5
1000118e:	d811      	bhi.n	100011b4 <busy_wait_us+0x44>
10001190:	d00e      	beq.n	100011b0 <busy_wait_us+0x40>
10001192:	002b      	movs	r3, r5
10001194:	490a      	ldr	r1, [pc, #40]	; (100011c0 <busy_wait_us+0x50>)
10001196:	6a4a      	ldr	r2, [r1, #36]	; 0x24
10001198:	429a      	cmp	r2, r3
1000119a:	d3fc      	bcc.n	10001196 <busy_wait_us+0x26>
1000119c:	d107      	bne.n	100011ae <busy_wait_us+0x3e>
1000119e:	4a08      	ldr	r2, [pc, #32]	; (100011c0 <busy_wait_us+0x50>)
100011a0:	e002      	b.n	100011a8 <busy_wait_us+0x38>
100011a2:	6a51      	ldr	r1, [r2, #36]	; 0x24
100011a4:	4299      	cmp	r1, r3
100011a6:	d102      	bne.n	100011ae <busy_wait_us+0x3e>
100011a8:	6a91      	ldr	r1, [r2, #40]	; 0x28
100011aa:	42a1      	cmp	r1, r4
100011ac:	d3f9      	bcc.n	100011a2 <busy_wait_us+0x32>
100011ae:	bd70      	pop	{r4, r5, r6, pc}
100011b0:	42a6      	cmp	r6, r4
100011b2:	d9ee      	bls.n	10001192 <busy_wait_us+0x22>
100011b4:	2301      	movs	r3, #1
100011b6:	2401      	movs	r4, #1
100011b8:	4264      	negs	r4, r4
100011ba:	17e5      	asrs	r5, r4, #31
100011bc:	425b      	negs	r3, r3
100011be:	e7e9      	b.n	10001194 <busy_wait_us+0x24>
100011c0:	40054000 	.word	0x40054000

100011c4 <busy_wait_until>:
100011c4:	4a06      	ldr	r2, [pc, #24]	; (100011e0 <busy_wait_until+0x1c>)
100011c6:	6a53      	ldr	r3, [r2, #36]	; 0x24
100011c8:	4299      	cmp	r1, r3
100011ca:	d8fc      	bhi.n	100011c6 <busy_wait_until+0x2>
100011cc:	d107      	bne.n	100011de <busy_wait_until+0x1a>
100011ce:	4b04      	ldr	r3, [pc, #16]	; (100011e0 <busy_wait_until+0x1c>)
100011d0:	e002      	b.n	100011d8 <busy_wait_until+0x14>
100011d2:	6a5a      	ldr	r2, [r3, #36]	; 0x24
100011d4:	4291      	cmp	r1, r2
100011d6:	d102      	bne.n	100011de <busy_wait_until+0x1a>
100011d8:	6a9a      	ldr	r2, [r3, #40]	; 0x28
100011da:	4282      	cmp	r2, r0
100011dc:	d3f9      	bcc.n	100011d2 <busy_wait_until+0xe>
100011de:	4770      	bx	lr
100011e0:	40054000 	.word	0x40054000

100011e4 <clock_configure_int_divider>:
100011e4:	b5f8      	push	{r3, r4, r5, r6, r7, lr}
100011e6:	46de      	mov	lr, fp
100011e8:	464e      	mov	r6, r9
100011ea:	4657      	mov	r7, sl
100011ec:	4645      	mov	r5, r8
100011ee:	b5e0      	push	{r5, r6, r7, lr}
100011f0:	468b      	mov	fp, r1
100011f2:	0005      	movs	r5, r0
100011f4:	990a      	ldr	r1, [sp, #40]	; 0x28
100011f6:	0018      	movs	r0, r3
100011f8:	0016      	movs	r6, r2
100011fa:	f000 fac5 	bl	10001788 <__wrap___aeabi_uidiv>
100011fe:	9b0a      	ldr	r3, [sp, #40]	; 0x28
10001200:	006c      	lsls	r4, r5, #1
10001202:	021f      	lsls	r7, r3, #8
10001204:	4b32      	ldr	r3, [pc, #200]	; (100012d0 <clock_configure_int_divider+0xec>)
10001206:	1964      	adds	r4, r4, r5
10001208:	469c      	mov	ip, r3
1000120a:	00a4      	lsls	r4, r4, #2
1000120c:	4464      	add	r4, ip
1000120e:	6863      	ldr	r3, [r4, #4]
10001210:	4681      	mov	r9, r0
10001212:	429f      	cmp	r7, r3
10001214:	d900      	bls.n	10001218 <clock_configure_int_divider+0x34>
10001216:	6067      	str	r7, [r4, #4]
10001218:	1f2b      	subs	r3, r5, #4
1000121a:	b2db      	uxtb	r3, r3
1000121c:	4698      	mov	r8, r3
1000121e:	2b01      	cmp	r3, #1
10001220:	d930      	bls.n	10001284 <clock_configure_int_divider+0xa0>
10001222:	23c0      	movs	r3, #192	; 0xc0
10001224:	2280      	movs	r2, #128	; 0x80
10001226:	019b      	lsls	r3, r3, #6
10001228:	18e3      	adds	r3, r4, r3
1000122a:	0112      	lsls	r2, r2, #4
1000122c:	601a      	str	r2, [r3, #0]
1000122e:	4b29      	ldr	r3, [pc, #164]	; (100012d4 <clock_configure_int_divider+0xf0>)
10001230:	00ad      	lsls	r5, r5, #2
10001232:	5959      	ldr	r1, [r3, r5]
10001234:	469a      	mov	sl, r3
10001236:	2900      	cmp	r1, #0
10001238:	d11b      	bne.n	10001272 <clock_configure_int_divider+0x8e>
1000123a:	6822      	ldr	r2, [r4, #0]
1000123c:	0176      	lsls	r6, r6, #5
1000123e:	4072      	eors	r2, r6
10001240:	26e0      	movs	r6, #224	; 0xe0
10001242:	2380      	movs	r3, #128	; 0x80
10001244:	4016      	ands	r6, r2
10001246:	4642      	mov	r2, r8
10001248:	015b      	lsls	r3, r3, #5
1000124a:	18e3      	adds	r3, r4, r3
1000124c:	601e      	str	r6, [r3, #0]
1000124e:	2a01      	cmp	r2, #1
10001250:	d930      	bls.n	100012b4 <clock_configure_int_divider+0xd0>
10001252:	2380      	movs	r3, #128	; 0x80
10001254:	2280      	movs	r2, #128	; 0x80
10001256:	019b      	lsls	r3, r3, #6
10001258:	18e3      	adds	r3, r4, r3
1000125a:	0112      	lsls	r2, r2, #4
1000125c:	601a      	str	r2, [r3, #0]
1000125e:	4653      	mov	r3, sl
10001260:	464a      	mov	r2, r9
10001262:	6067      	str	r7, [r4, #4]
10001264:	515a      	str	r2, [r3, r5]
10001266:	bcf0      	pop	{r4, r5, r6, r7}
10001268:	46bb      	mov	fp, r7
1000126a:	46b2      	mov	sl, r6
1000126c:	46a9      	mov	r9, r5
1000126e:	46a0      	mov	r8, r4
10001270:	bdf8      	pop	{r3, r4, r5, r6, r7, pc}
10001272:	6958      	ldr	r0, [r3, #20]
10001274:	f000 fa88 	bl	10001788 <__wrap___aeabi_uidiv>
10001278:	1c43      	adds	r3, r0, #1
1000127a:	0058      	lsls	r0, r3, #1
1000127c:	18c0      	adds	r0, r0, r3
1000127e:	3803      	subs	r0, #3
10001280:	d2fd      	bcs.n	1000127e <clock_configure_int_divider+0x9a>
10001282:	e7da      	b.n	1000123a <clock_configure_int_divider+0x56>
10001284:	465b      	mov	r3, fp
10001286:	2b01      	cmp	r3, #1
10001288:	d1cb      	bne.n	10001222 <clock_configure_int_divider+0x3e>
1000128a:	23c0      	movs	r3, #192	; 0xc0
1000128c:	2203      	movs	r2, #3
1000128e:	019b      	lsls	r3, r3, #6
10001290:	18e3      	adds	r3, r4, r3
10001292:	601a      	str	r2, [r3, #0]
10001294:	3a02      	subs	r2, #2
10001296:	68a3      	ldr	r3, [r4, #8]
10001298:	421a      	tst	r2, r3
1000129a:	d0fc      	beq.n	10001296 <clock_configure_int_divider+0xb2>
1000129c:	23e0      	movs	r3, #224	; 0xe0
1000129e:	6822      	ldr	r2, [r4, #0]
100012a0:	0176      	lsls	r6, r6, #5
100012a2:	4056      	eors	r6, r2
100012a4:	401e      	ands	r6, r3
100012a6:	2380      	movs	r3, #128	; 0x80
100012a8:	4a0a      	ldr	r2, [pc, #40]	; (100012d4 <clock_configure_int_divider+0xf0>)
100012aa:	015b      	lsls	r3, r3, #5
100012ac:	4692      	mov	sl, r2
100012ae:	18e3      	adds	r3, r4, r3
100012b0:	601e      	str	r6, [r3, #0]
100012b2:	00ad      	lsls	r5, r5, #2
100012b4:	465a      	mov	r2, fp
100012b6:	6821      	ldr	r1, [r4, #0]
100012b8:	4051      	eors	r1, r2
100012ba:	2203      	movs	r2, #3
100012bc:	400a      	ands	r2, r1
100012be:	601a      	str	r2, [r3, #0]
100012c0:	2201      	movs	r2, #1
100012c2:	465b      	mov	r3, fp
100012c4:	409a      	lsls	r2, r3
100012c6:	68a3      	ldr	r3, [r4, #8]
100012c8:	421a      	tst	r2, r3
100012ca:	d0fc      	beq.n	100012c6 <clock_configure_int_divider+0xe2>
100012cc:	e7c1      	b.n	10001252 <clock_configure_int_divider+0x6e>
100012ce:	46c0      	nop			; (mov r8, r8)
100012d0:	40008000 	.word	0x40008000
100012d4:	20001adc 	.word	0x20001adc

100012d8 <clock_configure_undivided>:
100012d8:	b5f0      	push	{r4, r5, r6, r7, lr}
100012da:	4646      	mov	r6, r8
100012dc:	464f      	mov	r7, r9
100012de:	46d6      	mov	lr, sl
100012e0:	b5c0      	push	{r6, r7, lr}
100012e2:	001f      	movs	r7, r3
100012e4:	4b34      	ldr	r3, [pc, #208]	; (100013b8 <clock_configure_undivided+0xe0>)
100012e6:	0044      	lsls	r4, r0, #1
100012e8:	469c      	mov	ip, r3
100012ea:	1824      	adds	r4, r4, r0
100012ec:	00a4      	lsls	r4, r4, #2
100012ee:	4464      	add	r4, ip
100012f0:	6863      	ldr	r3, [r4, #4]
100012f2:	4688      	mov	r8, r1
100012f4:	0016      	movs	r6, r2
100012f6:	2bff      	cmp	r3, #255	; 0xff
100012f8:	d802      	bhi.n	10001300 <clock_configure_undivided+0x28>
100012fa:	2380      	movs	r3, #128	; 0x80
100012fc:	005b      	lsls	r3, r3, #1
100012fe:	6063      	str	r3, [r4, #4]
10001300:	1f03      	subs	r3, r0, #4
10001302:	b2db      	uxtb	r3, r3
10001304:	469a      	mov	sl, r3
10001306:	2b01      	cmp	r3, #1
10001308:	d930      	bls.n	1000136c <clock_configure_undivided+0x94>
1000130a:	23c0      	movs	r3, #192	; 0xc0
1000130c:	2280      	movs	r2, #128	; 0x80
1000130e:	019b      	lsls	r3, r3, #6
10001310:	18e3      	adds	r3, r4, r3
10001312:	0112      	lsls	r2, r2, #4
10001314:	601a      	str	r2, [r3, #0]
10001316:	4b29      	ldr	r3, [pc, #164]	; (100013bc <clock_configure_undivided+0xe4>)
10001318:	0085      	lsls	r5, r0, #2
1000131a:	5959      	ldr	r1, [r3, r5]
1000131c:	4699      	mov	r9, r3
1000131e:	2900      	cmp	r1, #0
10001320:	d11b      	bne.n	1000135a <clock_configure_undivided+0x82>
10001322:	6822      	ldr	r2, [r4, #0]
10001324:	0176      	lsls	r6, r6, #5
10001326:	4072      	eors	r2, r6
10001328:	26e0      	movs	r6, #224	; 0xe0
1000132a:	2380      	movs	r3, #128	; 0x80
1000132c:	4016      	ands	r6, r2
1000132e:	4652      	mov	r2, sl
10001330:	015b      	lsls	r3, r3, #5
10001332:	18e3      	adds	r3, r4, r3
10001334:	601e      	str	r6, [r3, #0]
10001336:	2a01      	cmp	r2, #1
10001338:	d930      	bls.n	1000139c <clock_configure_undivided+0xc4>
1000133a:	2380      	movs	r3, #128	; 0x80
1000133c:	2280      	movs	r2, #128	; 0x80
1000133e:	019b      	lsls	r3, r3, #6
10001340:	18e3      	adds	r3, r4, r3
10001342:	0112      	lsls	r2, r2, #4
10001344:	601a      	str	r2, [r3, #0]
10001346:	2380      	movs	r3, #128	; 0x80
10001348:	005b      	lsls	r3, r3, #1
1000134a:	6063      	str	r3, [r4, #4]
1000134c:	464b      	mov	r3, r9
1000134e:	515f      	str	r7, [r3, r5]
10001350:	bce0      	pop	{r5, r6, r7}
10001352:	46ba      	mov	sl, r7
10001354:	46b1      	mov	r9, r6
10001356:	46a8      	mov	r8, r5
10001358:	bdf0      	pop	{r4, r5, r6, r7, pc}
1000135a:	6958      	ldr	r0, [r3, #20]
1000135c:	f000 fa14 	bl	10001788 <__wrap___aeabi_uidiv>
10001360:	1c43      	adds	r3, r0, #1
10001362:	0058      	lsls	r0, r3, #1
10001364:	18c0      	adds	r0, r0, r3
10001366:	3803      	subs	r0, #3
10001368:	d2fd      	bcs.n	10001366 <clock_configure_undivided+0x8e>
1000136a:	e7da      	b.n	10001322 <clock_configure_undivided+0x4a>
1000136c:	4643      	mov	r3, r8
1000136e:	2b01      	cmp	r3, #1
10001370:	d1cb      	bne.n	1000130a <clock_configure_undivided+0x32>
10001372:	23c0      	movs	r3, #192	; 0xc0
10001374:	2203      	movs	r2, #3
10001376:	019b      	lsls	r3, r3, #6
10001378:	18e3      	adds	r3, r4, r3
1000137a:	601a      	str	r2, [r3, #0]
1000137c:	3a02      	subs	r2, #2
1000137e:	68a3      	ldr	r3, [r4, #8]
10001380:	421a      	tst	r2, r3
10001382:	d0fc      	beq.n	1000137e <clock_configure_undivided+0xa6>
10001384:	23e0      	movs	r3, #224	; 0xe0
10001386:	6822      	ldr	r2, [r4, #0]
10001388:	0176      	lsls	r6, r6, #5
1000138a:	4056      	eors	r6, r2
1000138c:	401e      	ands	r6, r3
1000138e:	2380      	movs	r3, #128	; 0x80
10001390:	4a0a      	ldr	r2, [pc, #40]	; (100013bc <clock_configure_undivided+0xe4>)
10001392:	015b      	lsls	r3, r3, #5
10001394:	4691      	mov	r9, r2
10001396:	18e3      	adds	r3, r4, r3
10001398:	601e      	str	r6, [r3, #0]
1000139a:	0085      	lsls	r5, r0, #2
1000139c:	4642      	mov	r2, r8
1000139e:	6821      	ldr	r1, [r4, #0]
100013a0:	4051      	eors	r1, r2
100013a2:	2203      	movs	r2, #3
100013a4:	400a      	ands	r2, r1
100013a6:	601a      	str	r2, [r3, #0]
100013a8:	2301      	movs	r3, #1
100013aa:	4642      	mov	r2, r8
100013ac:	4093      	lsls	r3, r2
100013ae:	68a2      	ldr	r2, [r4, #8]
100013b0:	4213      	tst	r3, r2
100013b2:	d0fc      	beq.n	100013ae <clock_configure_undivided+0xd6>
100013b4:	e7c1      	b.n	1000133a <clock_configure_undivided+0x62>
100013b6:	46c0      	nop			; (mov r8, r8)
100013b8:	40008000 	.word	0x40008000
100013bc:	20001adc 	.word	0x20001adc

100013c0 <clock_get_hz>:
100013c0:	4b01      	ldr	r3, [pc, #4]	; (100013c8 <clock_get_hz+0x8>)
100013c2:	0080      	lsls	r0, r0, #2
100013c4:	58c0      	ldr	r0, [r0, r3]
100013c6:	4770      	bx	lr
100013c8:	20001adc 	.word	0x20001adc

100013cc <pll_init>:
100013cc:	b5f8      	push	{r3, r4, r5, r6, r7, lr}
100013ce:	0004      	movs	r4, r0
100013d0:	4820      	ldr	r0, [pc, #128]	; (10001454 <pll_init+0x88>)
100013d2:	001d      	movs	r5, r3
100013d4:	0017      	movs	r7, r2
100013d6:	000e      	movs	r6, r1
100013d8:	f000 f9d6 	bl	10001788 <__wrap___aeabi_uidiv>
100013dc:	0001      	movs	r1, r0
100013de:	0038      	movs	r0, r7
100013e0:	f000 f9d2 	bl	10001788 <__wrap___aeabi_uidiv>
100013e4:	9b06      	ldr	r3, [sp, #24]
100013e6:	0429      	lsls	r1, r5, #16
100013e8:	031b      	lsls	r3, r3, #12
100013ea:	4319      	orrs	r1, r3
100013ec:	6823      	ldr	r3, [r4, #0]
100013ee:	2b00      	cmp	r3, #0
100013f0:	db1e      	blt.n	10001430 <pll_init+0x64>
100013f2:	4b19      	ldr	r3, [pc, #100]	; (10001458 <pll_init+0x8c>)
100013f4:	4d19      	ldr	r5, [pc, #100]	; (1000145c <pll_init+0x90>)
100013f6:	18e2      	adds	r2, r4, r3
100013f8:	4253      	negs	r3, r2
100013fa:	415a      	adcs	r2, r3
100013fc:	2380      	movs	r3, #128	; 0x80
100013fe:	015b      	lsls	r3, r3, #5
10001400:	469c      	mov	ip, r3
10001402:	0312      	lsls	r2, r2, #12
10001404:	4b16      	ldr	r3, [pc, #88]	; (10001460 <pll_init+0x94>)
10001406:	4462      	add	r2, ip
10001408:	601a      	str	r2, [r3, #0]
1000140a:	4b16      	ldr	r3, [pc, #88]	; (10001464 <pll_init+0x98>)
1000140c:	601a      	str	r2, [r3, #0]
1000140e:	0017      	movs	r7, r2
10001410:	682b      	ldr	r3, [r5, #0]
10001412:	439f      	bics	r7, r3
10001414:	d1fb      	bne.n	1000140e <pll_init+0x42>
10001416:	4b14      	ldr	r3, [pc, #80]	; (10001468 <pll_init+0x9c>)
10001418:	6026      	str	r6, [r4, #0]
1000141a:	18e2      	adds	r2, r4, r3
1000141c:	2321      	movs	r3, #33	; 0x21
1000141e:	60a0      	str	r0, [r4, #8]
10001420:	6013      	str	r3, [r2, #0]
10001422:	6823      	ldr	r3, [r4, #0]
10001424:	2b00      	cmp	r3, #0
10001426:	dafc      	bge.n	10001422 <pll_init+0x56>
10001428:	2308      	movs	r3, #8
1000142a:	60e1      	str	r1, [r4, #12]
1000142c:	6013      	str	r3, [r2, #0]
1000142e:	bdf8      	pop	{r3, r4, r5, r6, r7, pc}
10001430:	233f      	movs	r3, #63	; 0x3f
10001432:	6822      	ldr	r2, [r4, #0]
10001434:	4013      	ands	r3, r2
10001436:	42b3      	cmp	r3, r6
10001438:	d1db      	bne.n	100013f2 <pll_init+0x26>
1000143a:	68a3      	ldr	r3, [r4, #8]
1000143c:	051b      	lsls	r3, r3, #20
1000143e:	0d1b      	lsrs	r3, r3, #20
10001440:	4283      	cmp	r3, r0
10001442:	d1d6      	bne.n	100013f2 <pll_init+0x26>
10001444:	22ee      	movs	r2, #238	; 0xee
10001446:	68e3      	ldr	r3, [r4, #12]
10001448:	02d2      	lsls	r2, r2, #11
1000144a:	4013      	ands	r3, r2
1000144c:	428b      	cmp	r3, r1
1000144e:	d1d0      	bne.n	100013f2 <pll_init+0x26>
10001450:	e7ed      	b.n	1000142e <pll_init+0x62>
10001452:	46c0      	nop			; (mov r8, r8)
10001454:	00b71b00 	.word	0x00b71b00
10001458:	bffd4000 	.word	0xbffd4000
1000145c:	4000c008 	.word	0x4000c008
10001460:	4000e000 	.word	0x4000e000
10001464:	4000f000 	.word	0x4000f000
10001468:	00003004 	.word	0x00003004

1000146c <watchdog_reboot>:
1000146c:	b510      	push	{r4, lr}
1000146e:	0014      	movs	r4, r2
10001470:	2280      	movs	r2, #128	; 0x80
10001472:	4b1b      	ldr	r3, [pc, #108]	; (100014e0 <watchdog_reboot+0x74>)
10001474:	05d2      	lsls	r2, r2, #23
10001476:	601a      	str	r2, [r3, #0]
10001478:	2800      	cmp	r0, #0
1000147a:	d01a      	beq.n	100014b2 <watchdog_reboot+0x46>
1000147c:	2301      	movs	r3, #1
1000147e:	4a19      	ldr	r2, [pc, #100]	; (100014e4 <watchdog_reboot+0x78>)
10001480:	4318      	orrs	r0, r3
10001482:	4b19      	ldr	r3, [pc, #100]	; (100014e8 <watchdog_reboot+0x7c>)
10001484:	61da      	str	r2, [r3, #28]
10001486:	4a19      	ldr	r2, [pc, #100]	; (100014ec <watchdog_reboot+0x80>)
10001488:	4042      	eors	r2, r0
1000148a:	621a      	str	r2, [r3, #32]
1000148c:	6259      	str	r1, [r3, #36]	; 0x24
1000148e:	6298      	str	r0, [r3, #40]	; 0x28
10001490:	2280      	movs	r2, #128	; 0x80
10001492:	4b13      	ldr	r3, [pc, #76]	; (100014e0 <watchdog_reboot+0x74>)
10001494:	05d2      	lsls	r2, r2, #23
10001496:	601a      	str	r2, [r3, #0]
10001498:	4915      	ldr	r1, [pc, #84]	; (100014f0 <watchdog_reboot+0x84>)
1000149a:	4a16      	ldr	r2, [pc, #88]	; (100014f4 <watchdog_reboot+0x88>)
1000149c:	6011      	str	r1, [r2, #0]
1000149e:	22e0      	movs	r2, #224	; 0xe0
100014a0:	04d2      	lsls	r2, r2, #19
100014a2:	601a      	str	r2, [r3, #0]
100014a4:	2c00      	cmp	r4, #0
100014a6:	d107      	bne.n	100014b8 <watchdog_reboot+0x4c>
100014a8:	2280      	movs	r2, #128	; 0x80
100014aa:	4b13      	ldr	r3, [pc, #76]	; (100014f8 <watchdog_reboot+0x8c>)
100014ac:	0612      	lsls	r2, r2, #24
100014ae:	601a      	str	r2, [r3, #0]
100014b0:	bd10      	pop	{r4, pc}
100014b2:	4b0d      	ldr	r3, [pc, #52]	; (100014e8 <watchdog_reboot+0x7c>)
100014b4:	61d8      	str	r0, [r3, #28]
100014b6:	e7eb      	b.n	10001490 <watchdog_reboot+0x24>
100014b8:	0163      	lsls	r3, r4, #5
100014ba:	1b1b      	subs	r3, r3, r4
100014bc:	009a      	lsls	r2, r3, #2
100014be:	2380      	movs	r3, #128	; 0x80
100014c0:	1912      	adds	r2, r2, r4
100014c2:	0112      	lsls	r2, r2, #4
100014c4:	045b      	lsls	r3, r3, #17
100014c6:	429a      	cmp	r2, r3
100014c8:	d300      	bcc.n	100014cc <watchdog_reboot+0x60>
100014ca:	4a0c      	ldr	r2, [pc, #48]	; (100014fc <watchdog_reboot+0x90>)
100014cc:	4b0c      	ldr	r3, [pc, #48]	; (10001500 <watchdog_reboot+0x94>)
100014ce:	601a      	str	r2, [r3, #0]
100014d0:	4b05      	ldr	r3, [pc, #20]	; (100014e8 <watchdog_reboot+0x7c>)
100014d2:	605a      	str	r2, [r3, #4]
100014d4:	2280      	movs	r2, #128	; 0x80
100014d6:	4b08      	ldr	r3, [pc, #32]	; (100014f8 <watchdog_reboot+0x8c>)
100014d8:	05d2      	lsls	r2, r2, #23
100014da:	601a      	str	r2, [r3, #0]
100014dc:	e7e8      	b.n	100014b0 <watchdog_reboot+0x44>
100014de:	46c0      	nop			; (mov r8, r8)
100014e0:	4005b000 	.word	0x4005b000
100014e4:	b007c0d3 	.word	0xb007c0d3
100014e8:	40058000 	.word	0x40058000
100014ec:	4ff83f2d 	.word	0x4ff83f2d
100014f0:	0001fffc 	.word	0x0001fffc
100014f4:	40012008 	.word	0x40012008
100014f8:	4005a000 	.word	0x4005a000
100014fc:	00ffffff 	.word	0x00ffffff
10001500:	20001f3c 	.word	0x20001f3c

10001504 <tick_start>:
10001504:	2380      	movs	r3, #128	; 0x80
10001506:	4a02      	ldr	r2, [pc, #8]	; (10001510 <tick_start+0xc>)
10001508:	009b      	lsls	r3, r3, #2
1000150a:	430b      	orrs	r3, r1
1000150c:	62d3      	str	r3, [r2, #44]	; 0x2c
1000150e:	4770      	bx	lr
10001510:	40058000 	.word	0x40058000

10001514 <rom_func_lookup>:
10001514:	2314      	movs	r3, #20
10001516:	b510      	push	{r4, lr}
10001518:	0001      	movs	r1, r0
1000151a:	8818      	ldrh	r0, [r3, #0]
1000151c:	3304      	adds	r3, #4
1000151e:	881b      	ldrh	r3, [r3, #0]
10001520:	4798      	blx	r3
10001522:	bd10      	pop	{r4, pc}

10001524 <rom_data_lookup>:
10001524:	2316      	movs	r3, #22
10001526:	b510      	push	{r4, lr}
10001528:	0001      	movs	r1, r0
1000152a:	8818      	ldrh	r0, [r3, #0]
1000152c:	3302      	adds	r3, #2
1000152e:	881b      	ldrh	r3, [r3, #0]
10001530:	4798      	blx	r3
10001532:	bd10      	pop	{r4, pc}

10001534 <rom_funcs_lookup>:
10001534:	b5f8      	push	{r3, r4, r5, r6, r7, lr}
10001536:	4647      	mov	r7, r8
10001538:	46ce      	mov	lr, r9
1000153a:	b580      	push	{r7, lr}
1000153c:	1e0f      	subs	r7, r1, #0
1000153e:	d019      	beq.n	10001574 <rom_funcs_lookup+0x40>
10001540:	2314      	movs	r3, #20
10001542:	4699      	mov	r9, r3
10001544:	3304      	adds	r3, #4
10001546:	0004      	movs	r4, r0
10001548:	2500      	movs	r5, #0
1000154a:	2601      	movs	r6, #1
1000154c:	4698      	mov	r8, r3
1000154e:	464b      	mov	r3, r9
10001550:	8818      	ldrh	r0, [r3, #0]
10001552:	4643      	mov	r3, r8
10001554:	6821      	ldr	r1, [r4, #0]
10001556:	881b      	ldrh	r3, [r3, #0]
10001558:	4798      	blx	r3
1000155a:	c401      	stmia	r4!, {r0}
1000155c:	1e43      	subs	r3, r0, #1
1000155e:	4198      	sbcs	r0, r3
10001560:	3501      	adds	r5, #1
10001562:	4240      	negs	r0, r0
10001564:	4006      	ands	r6, r0
10001566:	42af      	cmp	r7, r5
10001568:	d1f1      	bne.n	1000154e <rom_funcs_lookup+0x1a>
1000156a:	0030      	movs	r0, r6
1000156c:	bcc0      	pop	{r6, r7}
1000156e:	46b9      	mov	r9, r7
10001570:	46b0      	mov	r8, r6
10001572:	bdf8      	pop	{r3, r4, r5, r6, r7, pc}
10001574:	2601      	movs	r6, #1
10001576:	e7f8      	b.n	1000156a <rom_funcs_lookup+0x36>

10001578 <rom_reset_usb_boot_extra>:
10001578:	2314      	movs	r3, #20
1000157a:	b570      	push	{r4, r5, r6, lr}
1000157c:	0004      	movs	r4, r0
1000157e:	8818      	ldrh	r0, [r3, #0]
10001580:	3304      	adds	r3, #4
10001582:	881b      	ldrh	r3, [r3, #0]
10001584:	000d      	movs	r5, r1
10001586:	4905      	ldr	r1, [pc, #20]	; (1000159c <rom_reset_usb_boot_extra+0x24>)
10001588:	4798      	blx	r3
1000158a:	0003      	movs	r3, r0
1000158c:	2000      	movs	r0, #0
1000158e:	2c00      	cmp	r4, #0
10001590:	db01      	blt.n	10001596 <rom_reset_usb_boot_extra+0x1e>
10001592:	3001      	adds	r0, #1
10001594:	40a0      	lsls	r0, r4
10001596:	0029      	movs	r1, r5
10001598:	4798      	blx	r3
1000159a:	46c0      	nop			; (mov r8, r8)
1000159c:	00004255 	.word	0x00004255

100015a0 <xosc_init>:
100015a0:	23aa      	movs	r3, #170	; 0xaa
100015a2:	4a06      	ldr	r2, [pc, #24]	; (100015bc <xosc_init+0x1c>)
100015a4:	011b      	lsls	r3, r3, #4
100015a6:	6013      	str	r3, [r2, #0]
100015a8:	238d      	movs	r3, #141	; 0x8d
100015aa:	005b      	lsls	r3, r3, #1
100015ac:	60d3      	str	r3, [r2, #12]
100015ae:	4904      	ldr	r1, [pc, #16]	; (100015c0 <xosc_init+0x20>)
100015b0:	4b04      	ldr	r3, [pc, #16]	; (100015c4 <xosc_init+0x24>)
100015b2:	6019      	str	r1, [r3, #0]
100015b4:	6853      	ldr	r3, [r2, #4]
100015b6:	2b00      	cmp	r3, #0
100015b8:	dafc      	bge.n	100015b4 <xosc_init+0x14>
100015ba:	4770      	bx	lr
100015bc:	40024000 	.word	0x40024000
100015c0:	00fab000 	.word	0x00fab000
100015c4:	40026000 	.word	0x40026000

100015c8 <first_per_core_initializer>:
100015c8:	4770      	bx	lr
100015ca:	46c0      	nop			; (mov r8, r8)

100015cc <hard_assertion_failure>:
100015cc:	b510      	push	{r4, lr}
100015ce:	4801      	ldr	r0, [pc, #4]	; (100015d4 <hard_assertion_failure+0x8>)
100015d0:	f7fe fec4 	bl	1000035c <panic>
100015d4:	1000470c 	.word	0x1000470c

100015d8 <runtime_run_initializers>:
100015d8:	b570      	push	{r4, r5, r6, lr}
100015da:	4d07      	ldr	r5, [pc, #28]	; (100015f8 <runtime_run_initializers+0x20>)
100015dc:	4e07      	ldr	r6, [pc, #28]	; (100015fc <runtime_run_initializers+0x24>)
100015de:	42b5      	cmp	r5, r6
100015e0:	d209      	bcs.n	100015f6 <runtime_run_initializers+0x1e>
100015e2:	2400      	movs	r4, #0
100015e4:	3e01      	subs	r6, #1
100015e6:	1b76      	subs	r6, r6, r5
100015e8:	08b6      	lsrs	r6, r6, #2
100015ea:	cd08      	ldmia	r5!, {r3}
100015ec:	4798      	blx	r3
100015ee:	0023      	movs	r3, r4
100015f0:	3401      	adds	r4, #1
100015f2:	42b3      	cmp	r3, r6
100015f4:	d1f9      	bne.n	100015ea <runtime_run_initializers+0x12>
100015f6:	bd70      	pop	{r4, r5, r6, pc}
100015f8:	10004658 	.word	0x10004658
100015fc:	10004694 	.word	0x10004694

10001600 <runtime_init_early_resets>:
10001600:	4b05      	ldr	r3, [pc, #20]	; (10001618 <runtime_init_early_resets+0x18>)
10001602:	4a06      	ldr	r2, [pc, #24]	; (1000161c <runtime_init_early_resets+0x1c>)
10001604:	4906      	ldr	r1, [pc, #24]	; (10001620 <runtime_init_early_resets+0x20>)
10001606:	601a      	str	r2, [r3, #0]
10001608:	4a06      	ldr	r2, [pc, #24]	; (10001624 <runtime_init_early_resets+0x24>)
1000160a:	4b07      	ldr	r3, [pc, #28]	; (10001628 <runtime_init_early_resets+0x28>)
1000160c:	601a      	str	r2, [r3, #0]
1000160e:	0010      	movs	r0, r2
10001610:	680b      	ldr	r3, [r1, #0]
10001612:	4398      	bics	r0, r3
10001614:	d1fb      	bne.n	1000160e <runtime_init_early_resets+0xe>
10001616:	4770      	bx	lr
10001618:	4000e000 	.word	0x4000e000
1000161c:	fefbcdbf 	.word	0xfefbcdbf
10001620:	4000c008 	.word	0x4000c008
10001624:	003c7ffe 	.word	0x003c7ffe
10001628:	4000f000 	.word	0x4000f000

1000162c <runtime_init_usb_power_down>:
1000162c:	4b04      	ldr	r3, [pc, #16]	; (10001640 <runtime_init_usb_power_down+0x14>)
1000162e:	6cdb      	ldr	r3, [r3, #76]	; 0x4c
10001630:	2b00      	cmp	r3, #0
10001632:	d103      	bne.n	1000163c <runtime_init_usb_power_down+0x10>
10001634:	2280      	movs	r2, #128	; 0x80
10001636:	4b03      	ldr	r3, [pc, #12]	; (10001644 <runtime_init_usb_power_down+0x18>)
10001638:	02d2      	lsls	r2, r2, #11
1000163a:	601a      	str	r2, [r3, #0]
1000163c:	4770      	bx	lr
1000163e:	46c0      	nop			; (mov r8, r8)
10001640:	50110000 	.word	0x50110000
10001644:	5011204c 	.word	0x5011204c

10001648 <runtime_init_post_clock_resets>:
10001648:	4a04      	ldr	r2, [pc, #16]	; (1000165c <runtime_init_post_clock_resets+0x14>)
1000164a:	4b05      	ldr	r3, [pc, #20]	; (10001660 <runtime_init_post_clock_resets+0x18>)
1000164c:	601a      	str	r2, [r3, #0]
1000164e:	4a05      	ldr	r2, [pc, #20]	; (10001664 <runtime_init_post_clock_resets+0x1c>)
10001650:	6813      	ldr	r3, [r2, #0]
10001652:	01db      	lsls	r3, r3, #7
10001654:	3380      	adds	r3, #128	; 0x80
10001656:	d1fb      	bne.n	10001650 <runtime_init_post_clock_resets+0x8>
10001658:	4770      	bx	lr
1000165a:	46c0      	nop			; (mov r8, r8)
1000165c:	01ffffff 	.word	0x01ffffff
10001660:	4000f000 	.word	0x4000f000
10001664:	4000c008 	.word	0x4000c008

10001668 <runtime_init_rp2040_gpio_ie_disable>:
10001668:	2240      	movs	r2, #64	; 0x40
1000166a:	4b03      	ldr	r3, [pc, #12]	; (10001678 <runtime_init_rp2040_gpio_ie_disable+0x10>)
1000166c:	679a      	str	r2, [r3, #120]	; 0x78
1000166e:	675a      	str	r2, [r3, #116]	; 0x74
10001670:	671a      	str	r2, [r3, #112]	; 0x70
10001672:	66da      	str	r2, [r3, #108]	; 0x6c
10001674:	4770      	bx	lr
10001676:	46c0      	nop			; (mov r8, r8)
10001678:	4001f000 	.word	0x4001f000

1000167c <runtime_init_spin_locks_reset>:
1000167c:	b510      	push	{r4, lr}
1000167e:	f7fe ff11 	bl	100004a4 <spin_locks_reset>
10001682:	bd10      	pop	{r4, pc}

10001684 <runtime_init_install_ram_vector_table>:
10001684:	b570      	push	{r4, r5, r6, lr}
10001686:	4d04      	ldr	r5, [pc, #16]	; (10001698 <runtime_init_install_ram_vector_table+0x14>)
10001688:	4c04      	ldr	r4, [pc, #16]	; (1000169c <runtime_init_install_ram_vector_table+0x18>)
1000168a:	0028      	movs	r0, r5
1000168c:	22c0      	movs	r2, #192	; 0xc0
1000168e:	68a1      	ldr	r1, [r4, #8]
10001690:	f000 f976 	bl	10001980 <__wrap___aeabi_memcpy>
10001694:	60a5      	str	r5, [r4, #8]
10001696:	bd70      	pop	{r4, r5, r6, pc}
10001698:	20000000 	.word	0x20000000
1000169c:	e000ed00 	.word	0xe000ed00

100016a0 <runtime_init_clocks>:
100016a0:	2300      	movs	r3, #0
100016a2:	b510      	push	{r4, lr}
100016a4:	4c29      	ldr	r4, [pc, #164]	; (1000174c <runtime_init_clocks+0xac>)
100016a6:	b082      	sub	sp, #8
100016a8:	67a3      	str	r3, [r4, #120]	; 0x78
100016aa:	f7ff ff79 	bl	100015a0 <xosc_init>
100016ae:	2201      	movs	r2, #1
100016b0:	4b27      	ldr	r3, [pc, #156]	; (10001750 <runtime_init_clocks+0xb0>)
100016b2:	601a      	str	r2, [r3, #0]
100016b4:	6c63      	ldr	r3, [r4, #68]	; 0x44
100016b6:	2b01      	cmp	r3, #1
100016b8:	d1fc      	bne.n	100016b4 <runtime_init_clocks+0x14>
100016ba:	2203      	movs	r2, #3
100016bc:	4b25      	ldr	r3, [pc, #148]	; (10001754 <runtime_init_clocks+0xb4>)
100016be:	601a      	str	r2, [r3, #0]
100016c0:	4a22      	ldr	r2, [pc, #136]	; (1000174c <runtime_init_clocks+0xac>)
100016c2:	6b93      	ldr	r3, [r2, #56]	; 0x38
100016c4:	2b01      	cmp	r3, #1
100016c6:	d1fc      	bne.n	100016c2 <runtime_init_clocks+0x22>
100016c8:	3301      	adds	r3, #1
100016ca:	9300      	str	r3, [sp, #0]
100016cc:	2101      	movs	r1, #1
100016ce:	4a22      	ldr	r2, [pc, #136]	; (10001758 <runtime_init_clocks+0xb8>)
100016d0:	4822      	ldr	r0, [pc, #136]	; (1000175c <runtime_init_clocks+0xbc>)
100016d2:	3304      	adds	r3, #4
100016d4:	f7ff fe7a 	bl	100013cc <pll_init>
100016d8:	2305      	movs	r3, #5
100016da:	2101      	movs	r1, #1
100016dc:	9300      	str	r3, [sp, #0]
100016de:	4a20      	ldr	r2, [pc, #128]	; (10001760 <runtime_init_clocks+0xc0>)
100016e0:	4820      	ldr	r0, [pc, #128]	; (10001764 <runtime_init_clocks+0xc4>)
100016e2:	f7ff fe73 	bl	100013cc <pll_init>
100016e6:	2200      	movs	r2, #0
100016e8:	2102      	movs	r1, #2
100016ea:	2004      	movs	r0, #4
100016ec:	4b1e      	ldr	r3, [pc, #120]	; (10001768 <runtime_init_clocks+0xc8>)
100016ee:	f7ff fdf3 	bl	100012d8 <clock_configure_undivided>
100016f2:	2200      	movs	r2, #0
100016f4:	2101      	movs	r1, #1
100016f6:	2005      	movs	r0, #5
100016f8:	4b1c      	ldr	r3, [pc, #112]	; (1000176c <runtime_init_clocks+0xcc>)
100016fa:	f7ff fded 	bl	100012d8 <clock_configure_undivided>
100016fe:	2200      	movs	r2, #0
10001700:	2100      	movs	r1, #0
10001702:	2007      	movs	r0, #7
10001704:	4b1a      	ldr	r3, [pc, #104]	; (10001770 <runtime_init_clocks+0xd0>)
10001706:	f7ff fde7 	bl	100012d8 <clock_configure_undivided>
1000170a:	2200      	movs	r2, #0
1000170c:	2100      	movs	r1, #0
1000170e:	2008      	movs	r0, #8
10001710:	4b17      	ldr	r3, [pc, #92]	; (10001770 <runtime_init_clocks+0xd0>)
10001712:	f7ff fde1 	bl	100012d8 <clock_configure_undivided>
10001716:	2380      	movs	r3, #128	; 0x80
10001718:	00db      	lsls	r3, r3, #3
1000171a:	9300      	str	r3, [sp, #0]
1000171c:	2200      	movs	r2, #0
1000171e:	2100      	movs	r1, #0
10001720:	2009      	movs	r0, #9
10001722:	4b13      	ldr	r3, [pc, #76]	; (10001770 <runtime_init_clocks+0xd0>)
10001724:	f7ff fd5e 	bl	100011e4 <clock_configure_int_divider>
10001728:	2200      	movs	r2, #0
1000172a:	4b10      	ldr	r3, [pc, #64]	; (1000176c <runtime_init_clocks+0xcc>)
1000172c:	2100      	movs	r1, #0
1000172e:	2006      	movs	r0, #6
10001730:	f7ff fdd2 	bl	100012d8 <clock_configure_undivided>
10001734:	2004      	movs	r0, #4
10001736:	f7ff fe43 	bl	100013c0 <clock_get_hz>
1000173a:	490e      	ldr	r1, [pc, #56]	; (10001774 <runtime_init_clocks+0xd4>)
1000173c:	f000 f824 	bl	10001788 <__wrap___aeabi_uidiv>
10001740:	0001      	movs	r1, r0
10001742:	2000      	movs	r0, #0
10001744:	f7ff fede 	bl	10001504 <tick_start>
10001748:	b002      	add	sp, #8
1000174a:	bd10      	pop	{r4, pc}
1000174c:	40008000 	.word	0x40008000
10001750:	4000b03c 	.word	0x4000b03c
10001754:	4000b030 	.word	0x4000b030
10001758:	59682f00 	.word	0x59682f00
1000175c:	40028000 	.word	0x40028000
10001760:	47868c00 	.word	0x47868c00
10001764:	4002c000 	.word	0x4002c000
10001768:	00b71b00 	.word	0x00b71b00
1000176c:	07735940 	.word	0x07735940
10001770:	02dc6c00 	.word	0x02dc6c00
10001774:	000f4240 	.word	0x000f4240

10001778 <__aeabi_bits_init>:
10001778:	4801      	ldr	r0, [pc, #4]	; (10001780 <__aeabi_bits_init+0x8>)
1000177a:	2104      	movs	r1, #4
1000177c:	4b01      	ldr	r3, [pc, #4]	; (10001784 <__aeabi_bits_init+0xc>)
1000177e:	4718      	bx	r3
10001780:	20001030 	.word	0x20001030
10001784:	10001535 	.word	0x10001535

10001788 <__wrap___aeabi_uidiv>:
10001788:	4a11      	ldr	r2, [pc, #68]	; (100017d0 <divmod_u32u32_savestate+0x18>)
1000178a:	6f93      	ldr	r3, [r2, #120]	; 0x78
1000178c:	089b      	lsrs	r3, r3, #2
1000178e:	d213      	bcs.n	100017b8 <divmod_u32u32_savestate>

10001790 <divmod_u32u32_unsafe>:
10001790:	6610      	str	r0, [r2, #96]	; 0x60
10001792:	6651      	str	r1, [r2, #100]	; 0x64
10001794:	2900      	cmp	r1, #0
10001796:	d005      	beq.n	100017a4 <divmod_u32u32_unsafe+0x14>
10001798:	e7ff      	b.n	1000179a <divmod_u32u32_unsafe+0xa>
1000179a:	e7ff      	b.n	1000179c <divmod_u32u32_unsafe+0xc>
1000179c:	e7ff      	b.n	1000179e <divmod_u32u32_unsafe+0xe>
1000179e:	6f51      	ldr	r1, [r2, #116]	; 0x74
100017a0:	6f10      	ldr	r0, [r2, #112]	; 0x70
100017a2:	4770      	bx	lr
100017a4:	b504      	push	{r2, lr}
100017a6:	2800      	cmp	r0, #0
100017a8:	d001      	beq.n	100017ae <divmod_u32u32_unsafe+0x1e>
100017aa:	2000      	movs	r0, #0
100017ac:	43c0      	mvns	r0, r0
100017ae:	f002 ff0b 	bl	100045c8 <____aeabi_idiv0_veneer>
100017b2:	2100      	movs	r1, #0
100017b4:	bd04      	pop	{r2, pc}
100017b6:	46c0      	nop			; (mov r8, r8)

100017b8 <divmod_u32u32_savestate>:
100017b8:	b5f0      	push	{r4, r5, r6, r7, lr}
100017ba:	6e14      	ldr	r4, [r2, #96]	; 0x60
100017bc:	6e55      	ldr	r5, [r2, #100]	; 0x64
100017be:	6f57      	ldr	r7, [r2, #116]	; 0x74
100017c0:	6f16      	ldr	r6, [r2, #112]	; 0x70
100017c2:	f7ff ffe5 	bl	10001790 <divmod_u32u32_unsafe>
100017c6:	6614      	str	r4, [r2, #96]	; 0x60
100017c8:	6655      	str	r5, [r2, #100]	; 0x64
100017ca:	6757      	str	r7, [r2, #116]	; 0x74
100017cc:	6716      	str	r6, [r2, #112]	; 0x70
100017ce:	bdf0      	pop	{r4, r5, r6, r7, pc}
100017d0:	d0000000 	.word	0xd0000000

100017d4 <__aeabi_double_init>:
100017d4:	2313      	movs	r3, #19
100017d6:	b570      	push	{r4, r5, r6, lr}
100017d8:	781d      	ldrb	r5, [r3, #0]
100017da:	2d01      	cmp	r5, #1
100017dc:	d019      	beq.n	10001812 <__aeabi_double_init+0x3e>
100017de:	dd14      	ble.n	1000180a <__aeabi_double_init+0x36>
100017e0:	481e      	ldr	r0, [pc, #120]	; (1000185c <__aeabi_double_init+0x88>)
100017e2:	f7ff fe9f 	bl	10001524 <rom_data_lookup>
100017e6:	0006      	movs	r6, r0
100017e8:	481d      	ldr	r0, [pc, #116]	; (10001860 <__aeabi_double_init+0x8c>)
100017ea:	f7ff fe9b 	bl	10001524 <rom_data_lookup>
100017ee:	4c1d      	ldr	r4, [pc, #116]	; (10001864 <__aeabi_double_init+0x90>)
100017f0:	2280      	movs	r2, #128	; 0x80
100017f2:	0031      	movs	r1, r6
100017f4:	0020      	movs	r0, r4
100017f6:	f000 f8c3 	bl	10001980 <__wrap___aeabi_memcpy>
100017fa:	2d02      	cmp	r5, #2
100017fc:	d006      	beq.n	1000180c <__aeabi_double_init+0x38>
100017fe:	481a      	ldr	r0, [pc, #104]	; (10001868 <__aeabi_double_init+0x94>)
10001800:	f7ff fe88 	bl	10001514 <rom_func_lookup>
10001804:	4b19      	ldr	r3, [pc, #100]	; (1000186c <__aeabi_double_init+0x98>)
10001806:	6018      	str	r0, [r3, #0]
10001808:	bd70      	pop	{r4, r5, r6, pc}
1000180a:	4c16      	ldr	r4, [pc, #88]	; (10001864 <__aeabi_double_init+0x90>)
1000180c:	4b18      	ldr	r3, [pc, #96]	; (10001870 <__aeabi_double_init+0x9c>)
1000180e:	64a3      	str	r3, [r4, #72]	; 0x48
10001810:	e7f5      	b.n	100017fe <__aeabi_double_init+0x2a>
10001812:	4b17      	ldr	r3, [pc, #92]	; (10001870 <__aeabi_double_init+0x9c>)
10001814:	4c13      	ldr	r4, [pc, #76]	; (10001864 <__aeabi_double_init+0x90>)
10001816:	6023      	str	r3, [r4, #0]
10001818:	6063      	str	r3, [r4, #4]
1000181a:	60a3      	str	r3, [r4, #8]
1000181c:	60e3      	str	r3, [r4, #12]
1000181e:	6123      	str	r3, [r4, #16]
10001820:	6163      	str	r3, [r4, #20]
10001822:	61a3      	str	r3, [r4, #24]
10001824:	61e3      	str	r3, [r4, #28]
10001826:	6223      	str	r3, [r4, #32]
10001828:	6263      	str	r3, [r4, #36]	; 0x24
1000182a:	62a3      	str	r3, [r4, #40]	; 0x28
1000182c:	62e3      	str	r3, [r4, #44]	; 0x2c
1000182e:	6323      	str	r3, [r4, #48]	; 0x30
10001830:	6363      	str	r3, [r4, #52]	; 0x34
10001832:	63a3      	str	r3, [r4, #56]	; 0x38
10001834:	63e3      	str	r3, [r4, #60]	; 0x3c
10001836:	6423      	str	r3, [r4, #64]	; 0x40
10001838:	6463      	str	r3, [r4, #68]	; 0x44
1000183a:	64a3      	str	r3, [r4, #72]	; 0x48
1000183c:	64e3      	str	r3, [r4, #76]	; 0x4c
1000183e:	6523      	str	r3, [r4, #80]	; 0x50
10001840:	6563      	str	r3, [r4, #84]	; 0x54
10001842:	65a3      	str	r3, [r4, #88]	; 0x58
10001844:	65e3      	str	r3, [r4, #92]	; 0x5c
10001846:	6623      	str	r3, [r4, #96]	; 0x60
10001848:	6663      	str	r3, [r4, #100]	; 0x64
1000184a:	66a3      	str	r3, [r4, #104]	; 0x68
1000184c:	66e3      	str	r3, [r4, #108]	; 0x6c
1000184e:	6723      	str	r3, [r4, #112]	; 0x70
10001850:	6763      	str	r3, [r4, #116]	; 0x74
10001852:	67a3      	str	r3, [r4, #120]	; 0x78
10001854:	67e3      	str	r3, [r4, #124]	; 0x7c
10001856:	64a3      	str	r3, [r4, #72]	; 0x48
10001858:	e7d1      	b.n	100017fe <__aeabi_double_init+0x2a>
1000185a:	46c0      	nop			; (mov r8, r8)
1000185c:	00004453 	.word	0x00004453
10001860:	00004653 	.word	0x00004653
10001864:	20001218 	.word	0x20001218
10001868:	0000334c 	.word	0x0000334c
1000186c:	20001f64 	.word	0x20001f64
10001870:	10001875 	.word	0x10001875

10001874 <double_table_shim_on_use_helper>:
10001874:	b507      	push	{r0, r1, r2, lr}
10001876:	4660      	mov	r0, ip
10001878:	8801      	ldrh	r1, [r0, #0]
1000187a:	0a0a      	lsrs	r2, r1, #8
1000187c:	3002      	adds	r0, #2
1000187e:	2adf      	cmp	r2, #223	; 0xdf
10001880:	d1fa      	bne.n	10001878 <double_table_shim_on_use_helper+0x4>
10001882:	b2c9      	uxtb	r1, r1
10001884:	0882      	lsrs	r2, r0, #2
10001886:	d304      	bcc.n	10001892 <double_table_shim_on_use_helper+0x1e>
10001888:	8802      	ldrh	r2, [r0, #0]
1000188a:	8840      	ldrh	r0, [r0, #2]
1000188c:	0400      	lsls	r0, r0, #16
1000188e:	4310      	orrs	r0, r2
10001890:	e000      	b.n	10001894 <double_table_shim_on_use_helper+0x20>
10001892:	6800      	ldr	r0, [r0, #0]
10001894:	4a01      	ldr	r2, [pc, #4]	; (1000189c <double_table_shim_on_use_helper+0x28>)
10001896:	5050      	str	r0, [r2, r1]
10001898:	9003      	str	r0, [sp, #12]
1000189a:	bd07      	pop	{r0, r1, r2, pc}
1000189c:	20001218 	.word	0x20001218

100018a0 <__wrap___aeabi_lmul>:
100018a0:	4351      	muls	r1, r2
100018a2:	4343      	muls	r3, r0
100018a4:	18c9      	adds	r1, r1, r3
100018a6:	468c      	mov	ip, r1
100018a8:	0c11      	lsrs	r1, r2, #16
100018aa:	b283      	uxth	r3, r0
100018ac:	434b      	muls	r3, r1
100018ae:	b410      	push	{r4}
100018b0:	0c04      	lsrs	r4, r0, #16
100018b2:	4361      	muls	r1, r4
100018b4:	b292      	uxth	r2, r2
100018b6:	b280      	uxth	r0, r0
100018b8:	4350      	muls	r0, r2
100018ba:	4362      	muls	r2, r4
100018bc:	041c      	lsls	r4, r3, #16
100018be:	0c1b      	lsrs	r3, r3, #16
100018c0:	1900      	adds	r0, r0, r4
100018c2:	bc10      	pop	{r4}
100018c4:	4159      	adcs	r1, r3
100018c6:	0413      	lsls	r3, r2, #16
100018c8:	0c12      	lsrs	r2, r2, #16
100018ca:	18c0      	adds	r0, r0, r3
100018cc:	4151      	adcs	r1, r2
100018ce:	4461      	add	r1, ip
100018d0:	4770      	bx	lr
	...

100018d4 <__aeabi_float_init>:
100018d4:	2313      	movs	r3, #19
100018d6:	b510      	push	{r4, lr}
100018d8:	4812      	ldr	r0, [pc, #72]	; (10001924 <__aeabi_float_init+0x50>)
100018da:	781c      	ldrb	r4, [r3, #0]
100018dc:	f7ff fe22 	bl	10001524 <rom_data_lookup>
100018e0:	0001      	movs	r1, r0
100018e2:	2c01      	cmp	r4, #1
100018e4:	d00a      	beq.n	100018fc <__aeabi_float_init+0x28>
100018e6:	dd03      	ble.n	100018f0 <__aeabi_float_init+0x1c>
100018e8:	2280      	movs	r2, #128	; 0x80
100018ea:	480f      	ldr	r0, [pc, #60]	; (10001928 <__aeabi_float_init+0x54>)
100018ec:	f000 f848 	bl	10001980 <__wrap___aeabi_memcpy>
100018f0:	480e      	ldr	r0, [pc, #56]	; (1000192c <__aeabi_float_init+0x58>)
100018f2:	f7ff fe0f 	bl	10001514 <rom_func_lookup>
100018f6:	4b0e      	ldr	r3, [pc, #56]	; (10001930 <__aeabi_float_init+0x5c>)
100018f8:	6018      	str	r0, [r3, #0]
100018fa:	bd10      	pop	{r4, pc}
100018fc:	4c0a      	ldr	r4, [pc, #40]	; (10001928 <__aeabi_float_init+0x54>)
100018fe:	2254      	movs	r2, #84	; 0x54
10001900:	0020      	movs	r0, r4
10001902:	f000 f83d 	bl	10001980 <__wrap___aeabi_memcpy>
10001906:	4b0b      	ldr	r3, [pc, #44]	; (10001934 <__aeabi_float_init+0x60>)
10001908:	6563      	str	r3, [r4, #84]	; 0x54
1000190a:	65a3      	str	r3, [r4, #88]	; 0x58
1000190c:	65e3      	str	r3, [r4, #92]	; 0x5c
1000190e:	6623      	str	r3, [r4, #96]	; 0x60
10001910:	6663      	str	r3, [r4, #100]	; 0x64
10001912:	66a3      	str	r3, [r4, #104]	; 0x68
10001914:	66e3      	str	r3, [r4, #108]	; 0x6c
10001916:	6723      	str	r3, [r4, #112]	; 0x70
10001918:	6763      	str	r3, [r4, #116]	; 0x74
1000191a:	67a3      	str	r3, [r4, #120]	; 0x78
1000191c:	67e3      	str	r3, [r4, #124]	; 0x7c
1000191e:	6223      	str	r3, [r4, #32]
10001920:	61e3      	str	r3, [r4, #28]
10001922:	e7e5      	b.n	100018f0 <__aeabi_float_init+0x1c>
10001924:	00004653 	.word	0x00004653
10001928:	20001318 	.word	0x20001318
1000192c:	0000334c 	.word	0x0000334c
10001930:	20001f64 	.word	0x20001f64
10001934:	10001939 	.word	0x10001939

10001938 <float_table_shim_on_use_helper>:
10001938:	b507      	push	{r0, r1, r2, lr}
1000193a:	4660      	mov	r0, ip
1000193c:	8801      	ldrh	r1, [r0, #0]
1000193e:	0a0a      	lsrs	r2, r1, #8
10001940:	3002      	adds	r0, #2
10001942:	2adf      	cmp	r2, #223	; 0xdf
10001944:	d1fa      	bne.n	1000193c <float_table_shim_on_use_helper+0x4>
10001946:	b2c9      	uxtb	r1, r1
10001948:	0882      	lsrs	r2, r0, #2
1000194a:	d304      	bcc.n	10001956 <float_table_shim_on_use_helper+0x1e>
1000194c:	8802      	ldrh	r2, [r0, #0]
1000194e:	8840      	ldrh	r0, [r0, #2]
10001950:	0400      	lsls	r0, r0, #16
10001952:	4310      	orrs	r0, r2
10001954:	e000      	b.n	10001958 <float_table_shim_on_use_helper+0x20>
10001956:	6800      	ldr	r0, [r0, #0]
10001958:	4a01      	ldr	r2, [pc, #4]	; (10001960 <float_table_shim_on_use_helper+0x28>)
1000195a:	5050      	str	r0, [r2, r1]
1000195c:	9003      	str	r0, [sp, #12]
1000195e:	bd07      	pop	{r0, r1, r2, pc}
10001960:	20001318 	.word	0x20001318

10001964 <__aeabi_mem_init>:
10001964:	4801      	ldr	r0, [pc, #4]	; (1000196c <__aeabi_mem_init+0x8>)
10001966:	2104      	movs	r1, #4
10001968:	4b01      	ldr	r3, [pc, #4]	; (10001970 <__aeabi_mem_init+0xc>)
1000196a:	4718      	bx	r3
1000196c:	20001040 	.word	0x20001040
10001970:	10001535 	.word	0x10001535

10001974 <__wrap_memset>:
10001974:	4b01      	ldr	r3, [pc, #4]	; (1000197c <__wrap_memset+0x8>)
10001976:	681b      	ldr	r3, [r3, #0]
10001978:	4718      	bx	r3
1000197a:	0000      	.short	0x0000
1000197c:	20001040 	.word	0x20001040

10001980 <__wrap___aeabi_memcpy>:
10001980:	4b01      	ldr	r3, [pc, #4]	; (10001988 <__wrap___aeabi_memcpy+0x8>)
10001982:	685b      	ldr	r3, [r3, #4]
10001984:	4718      	bx	r3
10001986:	0000      	.short	0x0000
10001988:	20001040 	.word	0x20001040

1000198c <_out_char>:
1000198c:	b510      	push	{r4, lr}
1000198e:	2800      	cmp	r0, #0
10001990:	d100      	bne.n	10001994 <_out_char+0x8>
10001992:	bd10      	pop	{r4, pc}
10001994:	f000 f97c 	bl	10001c90 <__wrap_putchar>
10001998:	e7fb      	b.n	10001992 <_out_char+0x6>
1000199a:	46c0      	nop			; (mov r8, r8)

1000199c <weak_raw_vprintf>:
1000199c:	b510      	push	{r4, lr}
1000199e:	4a09      	ldr	r2, [pc, #36]	; (100019c4 <weak_raw_vprintf+0x28>)
100019a0:	0003      	movs	r3, r0
100019a2:	6814      	ldr	r4, [r2, #0]
100019a4:	b084      	sub	sp, #16
100019a6:	2c00      	cmp	r4, #0
100019a8:	d008      	beq.n	100019bc <weak_raw_vprintf+0x20>
100019aa:	2201      	movs	r2, #1
100019ac:	9100      	str	r1, [sp, #0]
100019ae:	4806      	ldr	r0, [pc, #24]	; (100019c8 <weak_raw_vprintf+0x2c>)
100019b0:	4252      	negs	r2, r2
100019b2:	a903      	add	r1, sp, #12
100019b4:	47a0      	blx	r4
100019b6:	2001      	movs	r0, #1
100019b8:	b004      	add	sp, #16
100019ba:	bd10      	pop	{r4, pc}
100019bc:	f000 f9b4 	bl	10001d28 <__wrap_puts>
100019c0:	2000      	movs	r0, #0
100019c2:	e7f9      	b.n	100019b8 <weak_raw_vprintf+0x1c>
100019c4:	20001f38 	.word	0x20001f38
100019c8:	1000198d 	.word	0x1000198d

100019cc <_exit>:
100019cc:	be00      	bkpt	0x0000
100019ce:	e7fd      	b.n	100019cc <_exit>

100019d0 <exit>:
100019d0:	b510      	push	{r4, lr}
100019d2:	f7ff fffb 	bl	100019cc <_exit>
100019d6:	46c0      	nop			; (mov r8, r8)

100019d8 <runtime_init>:
100019d8:	b570      	push	{r4, r5, r6, lr}
100019da:	f7ff fdfd 	bl	100015d8 <runtime_run_initializers>
100019de:	4d07      	ldr	r5, [pc, #28]	; (100019fc <runtime_init+0x24>)
100019e0:	4e07      	ldr	r6, [pc, #28]	; (10001a00 <runtime_init+0x28>)
100019e2:	42b5      	cmp	r5, r6
100019e4:	d209      	bcs.n	100019fa <runtime_init+0x22>
100019e6:	2400      	movs	r4, #0
100019e8:	3e01      	subs	r6, #1
100019ea:	1b76      	subs	r6, r6, r5
100019ec:	08b6      	lsrs	r6, r6, #2
100019ee:	cd08      	ldmia	r5!, {r3}
100019f0:	4798      	blx	r3
100019f2:	0023      	movs	r3, r4
100019f4:	3401      	adds	r4, #1
100019f6:	42b3      	cmp	r3, r6
100019f8:	d1f9      	bne.n	100019ee <runtime_init+0x16>
100019fa:	bd70      	pop	{r4, r5, r6, pc}
100019fc:	10004694 	.word	0x10004694
10001a00:	1000469c 	.word	0x1000469c

10001a04 <stdio_out_chars_no_crlf>:
10001a04:	0003      	movs	r3, r0
10001a06:	b510      	push	{r4, lr}
10001a08:	0008      	movs	r0, r1
10001a0a:	0011      	movs	r1, r2
10001a0c:	681b      	ldr	r3, [r3, #0]
10001a0e:	4798      	blx	r3
10001a10:	bd10      	pop	{r4, pc}
10001a12:	46c0      	nop			; (mov r8, r8)

10001a14 <stdio_out_chars_crlf>:
10001a14:	b5f0      	push	{r4, r5, r6, r7, lr}
10001a16:	4646      	mov	r6, r8
10001a18:	464f      	mov	r7, r9
10001a1a:	46d6      	mov	lr, sl
10001a1c:	b5c0      	push	{r6, r7, lr}
10001a1e:	7d43      	ldrb	r3, [r0, #21]
10001a20:	4680      	mov	r8, r0
10001a22:	000e      	movs	r6, r1
10001a24:	0017      	movs	r7, r2
10001a26:	2b00      	cmp	r3, #0
10001a28:	d046      	beq.n	10001ab8 <stdio_out_chars_crlf+0xa4>
10001a2a:	2a00      	cmp	r2, #0
10001a2c:	dd3f      	ble.n	10001aae <stdio_out_chars_crlf+0x9a>
10001a2e:	1e4b      	subs	r3, r1, #1
10001a30:	4699      	mov	r9, r3
10001a32:	4b24      	ldr	r3, [pc, #144]	; (10001ac4 <stdio_out_chars_crlf+0xb0>)
10001a34:	2501      	movs	r5, #1
10001a36:	2400      	movs	r4, #0
10001a38:	2000      	movs	r0, #0
10001a3a:	469a      	mov	sl, r3
10001a3c:	e00d      	b.n	10001a5a <stdio_out_chars_crlf+0x46>
10001a3e:	464b      	mov	r3, r9
10001a40:	5d1b      	ldrb	r3, [r3, r4]
10001a42:	3b0d      	subs	r3, #13
10001a44:	425a      	negs	r2, r3
10001a46:	4153      	adcs	r3, r2
10001a48:	5d32      	ldrb	r2, [r6, r4]
10001a4a:	b2db      	uxtb	r3, r3
10001a4c:	2a0a      	cmp	r2, #10
10001a4e:	d00b      	beq.n	10001a68 <stdio_out_chars_crlf+0x54>
10001a50:	002b      	movs	r3, r5
10001a52:	3401      	adds	r4, #1
10001a54:	3501      	adds	r5, #1
10001a56:	429f      	cmp	r7, r3
10001a58:	dd1a      	ble.n	10001a90 <stdio_out_chars_crlf+0x7c>
10001a5a:	2c00      	cmp	r4, #0
10001a5c:	d1ef      	bne.n	10001a3e <stdio_out_chars_crlf+0x2a>
10001a5e:	4643      	mov	r3, r8
10001a60:	5d32      	ldrb	r2, [r6, r4]
10001a62:	7d1b      	ldrb	r3, [r3, #20]
10001a64:	2a0a      	cmp	r2, #10
10001a66:	d1f3      	bne.n	10001a50 <stdio_out_chars_crlf+0x3c>
10001a68:	2b00      	cmp	r3, #0
10001a6a:	d1f1      	bne.n	10001a50 <stdio_out_chars_crlf+0x3c>
10001a6c:	42a0      	cmp	r0, r4
10001a6e:	da04      	bge.n	10001a7a <stdio_out_chars_crlf+0x66>
10001a70:	4643      	mov	r3, r8
10001a72:	1a21      	subs	r1, r4, r0
10001a74:	681b      	ldr	r3, [r3, #0]
10001a76:	1830      	adds	r0, r6, r0
10001a78:	4798      	blx	r3
10001a7a:	4643      	mov	r3, r8
10001a7c:	4650      	mov	r0, sl
10001a7e:	681b      	ldr	r3, [r3, #0]
10001a80:	2102      	movs	r1, #2
10001a82:	4798      	blx	r3
10001a84:	3401      	adds	r4, #1
10001a86:	0028      	movs	r0, r5
10001a88:	002b      	movs	r3, r5
10001a8a:	3501      	adds	r5, #1
10001a8c:	429f      	cmp	r7, r3
10001a8e:	dce4      	bgt.n	10001a5a <stdio_out_chars_crlf+0x46>
10001a90:	4287      	cmp	r7, r0
10001a92:	dd04      	ble.n	10001a9e <stdio_out_chars_crlf+0x8a>
10001a94:	4643      	mov	r3, r8
10001a96:	1a39      	subs	r1, r7, r0
10001a98:	681b      	ldr	r3, [r3, #0]
10001a9a:	1830      	adds	r0, r6, r0
10001a9c:	4798      	blx	r3
10001a9e:	19f6      	adds	r6, r6, r7
10001aa0:	3e01      	subs	r6, #1
10001aa2:	7833      	ldrb	r3, [r6, #0]
10001aa4:	3b0d      	subs	r3, #13
10001aa6:	425a      	negs	r2, r3
10001aa8:	4153      	adcs	r3, r2
10001aaa:	4642      	mov	r2, r8
10001aac:	7513      	strb	r3, [r2, #20]
10001aae:	bce0      	pop	{r5, r6, r7}
10001ab0:	46ba      	mov	sl, r7
10001ab2:	46b1      	mov	r9, r6
10001ab4:	46a8      	mov	r8, r5
10001ab6:	bdf0      	pop	{r4, r5, r6, r7, pc}
10001ab8:	6803      	ldr	r3, [r0, #0]
10001aba:	0011      	movs	r1, r2
10001abc:	0030      	movs	r0, r6
10001abe:	4798      	blx	r3
10001ac0:	e7f5      	b.n	10001aae <stdio_out_chars_crlf+0x9a>
10001ac2:	46c0      	nop			; (mov r8, r8)
10001ac4:	100047ac 	.word	0x100047ac

10001ac8 <stdio_put_string>:
10001ac8:	b5f0      	push	{r4, r5, r6, r7, lr}
10001aca:	46de      	mov	lr, fp
10001acc:	4657      	mov	r7, sl
10001ace:	464e      	mov	r6, r9
10001ad0:	4645      	mov	r5, r8
10001ad2:	b5e0      	push	{r5, r6, r7, lr}
10001ad4:	b085      	sub	sp, #20
10001ad6:	0017      	movs	r7, r2
10001ad8:	001c      	movs	r4, r3
10001ada:	0006      	movs	r6, r0
10001adc:	000d      	movs	r5, r1
10001ade:	f7ff fb3d 	bl	1000115c <time_us_64>
10001ae2:	2300      	movs	r3, #0
10001ae4:	4a31      	ldr	r2, [pc, #196]	; (10001bac <stdio_put_string+0xe4>)
10001ae6:	1812      	adds	r2, r2, r0
10001ae8:	414b      	adcs	r3, r1
10001aea:	2b00      	cmp	r3, #0
10001aec:	db59      	blt.n	10001ba2 <stdio_put_string+0xda>
10001aee:	4930      	ldr	r1, [pc, #192]	; (10001bb0 <stdio_put_string+0xe8>)
10001af0:	0008      	movs	r0, r1
10001af2:	468a      	mov	sl, r1
10001af4:	f002 fd90 	bl	10004618 <__mutex_try_enter_block_until_veneer>
10001af8:	9001      	str	r0, [sp, #4]
10001afa:	1c6b      	adds	r3, r5, #1
10001afc:	d103      	bne.n	10001b06 <stdio_put_string+0x3e>
10001afe:	0030      	movs	r0, r6
10001b00:	f002 fd18 	bl	10004534 <strlen>
10001b04:	0005      	movs	r5, r0
10001b06:	2c00      	cmp	r4, #0
10001b08:	d126      	bne.n	10001b58 <stdio_put_string+0x90>
10001b0a:	4b2a      	ldr	r3, [pc, #168]	; (10001bb4 <stdio_put_string+0xec>)
10001b0c:	4698      	mov	r8, r3
10001b0e:	4b2a      	ldr	r3, [pc, #168]	; (10001bb8 <stdio_put_string+0xf0>)
10001b10:	681c      	ldr	r4, [r3, #0]
10001b12:	2c00      	cmp	r4, #0
10001b14:	d015      	beq.n	10001b42 <stdio_put_string+0x7a>
10001b16:	2f00      	cmp	r7, #0
10001b18:	d121      	bne.n	10001b5e <stdio_put_string+0x96>
10001b1a:	4f28      	ldr	r7, [pc, #160]	; (10001bbc <stdio_put_string+0xf4>)
10001b1c:	e002      	b.n	10001b24 <stdio_put_string+0x5c>
10001b1e:	6924      	ldr	r4, [r4, #16]
10001b20:	2c00      	cmp	r4, #0
10001b22:	d00e      	beq.n	10001b42 <stdio_put_string+0x7a>
10001b24:	6823      	ldr	r3, [r4, #0]
10001b26:	2b00      	cmp	r3, #0
10001b28:	d0f9      	beq.n	10001b1e <stdio_put_string+0x56>
10001b2a:	683b      	ldr	r3, [r7, #0]
10001b2c:	2b00      	cmp	r3, #0
10001b2e:	d001      	beq.n	10001b34 <stdio_put_string+0x6c>
10001b30:	42a3      	cmp	r3, r4
10001b32:	d1f4      	bne.n	10001b1e <stdio_put_string+0x56>
10001b34:	0020      	movs	r0, r4
10001b36:	002a      	movs	r2, r5
10001b38:	0031      	movs	r1, r6
10001b3a:	47c0      	blx	r8
10001b3c:	6924      	ldr	r4, [r4, #16]
10001b3e:	2c00      	cmp	r4, #0
10001b40:	d1f0      	bne.n	10001b24 <stdio_put_string+0x5c>
10001b42:	9b01      	ldr	r3, [sp, #4]
10001b44:	2b00      	cmp	r3, #0
10001b46:	d128      	bne.n	10001b9a <stdio_put_string+0xd2>
10001b48:	0028      	movs	r0, r5
10001b4a:	b005      	add	sp, #20
10001b4c:	bcf0      	pop	{r4, r5, r6, r7}
10001b4e:	46bb      	mov	fp, r7
10001b50:	46b2      	mov	sl, r6
10001b52:	46a9      	mov	r9, r5
10001b54:	46a0      	mov	r8, r4
10001b56:	bdf0      	pop	{r4, r5, r6, r7, pc}
10001b58:	4b19      	ldr	r3, [pc, #100]	; (10001bc0 <stdio_put_string+0xf8>)
10001b5a:	4698      	mov	r8, r3
10001b5c:	e7d7      	b.n	10001b0e <stdio_put_string+0x46>
10001b5e:	4b17      	ldr	r3, [pc, #92]	; (10001bbc <stdio_put_string+0xf4>)
10001b60:	4699      	mov	r9, r3
10001b62:	ab02      	add	r3, sp, #8
10001b64:	1ddf      	adds	r7, r3, #7
10001b66:	230a      	movs	r3, #10
10001b68:	469b      	mov	fp, r3
10001b6a:	e002      	b.n	10001b72 <stdio_put_string+0xaa>
10001b6c:	6924      	ldr	r4, [r4, #16]
10001b6e:	2c00      	cmp	r4, #0
10001b70:	d0e7      	beq.n	10001b42 <stdio_put_string+0x7a>
10001b72:	6823      	ldr	r3, [r4, #0]
10001b74:	2b00      	cmp	r3, #0
10001b76:	d0f9      	beq.n	10001b6c <stdio_put_string+0xa4>
10001b78:	464b      	mov	r3, r9
10001b7a:	681b      	ldr	r3, [r3, #0]
10001b7c:	2b00      	cmp	r3, #0
10001b7e:	d001      	beq.n	10001b84 <stdio_put_string+0xbc>
10001b80:	42a3      	cmp	r3, r4
10001b82:	d1f3      	bne.n	10001b6c <stdio_put_string+0xa4>
10001b84:	002a      	movs	r2, r5
10001b86:	0031      	movs	r1, r6
10001b88:	0020      	movs	r0, r4
10001b8a:	47c0      	blx	r8
10001b8c:	465b      	mov	r3, fp
10001b8e:	2201      	movs	r2, #1
10001b90:	0039      	movs	r1, r7
10001b92:	0020      	movs	r0, r4
10001b94:	703b      	strb	r3, [r7, #0]
10001b96:	47c0      	blx	r8
10001b98:	e7e8      	b.n	10001b6c <stdio_put_string+0xa4>
10001b9a:	4650      	mov	r0, sl
10001b9c:	f002 fd0c 	bl	100045b8 <__mutex_exit_veneer>
10001ba0:	e7d2      	b.n	10001b48 <stdio_put_string+0x80>
10001ba2:	2201      	movs	r2, #1
10001ba4:	4b07      	ldr	r3, [pc, #28]	; (10001bc4 <stdio_put_string+0xfc>)
10001ba6:	4252      	negs	r2, r2
10001ba8:	e7a1      	b.n	10001aee <stdio_put_string+0x26>
10001baa:	46c0      	nop			; (mov r8, r8)
10001bac:	000f4240 	.word	0x000f4240
10001bb0:	20001088 	.word	0x20001088
10001bb4:	10001a05 	.word	0x10001a05
10001bb8:	20001b2c 	.word	0x20001b2c
10001bbc:	20001b34 	.word	0x20001b34
10001bc0:	10001a15 	.word	0x10001a15
10001bc4:	7fffffff 	.word	0x7fffffff

10001bc8 <stdio_set_driver_enabled>:
10001bc8:	4a0a      	ldr	r2, [pc, #40]	; (10001bf4 <stdio_set_driver_enabled+0x2c>)
10001bca:	6813      	ldr	r3, [r2, #0]
10001bcc:	2b00      	cmp	r3, #0
10001bce:	d105      	bne.n	10001bdc <stdio_set_driver_enabled+0x14>
10001bd0:	e00c      	b.n	10001bec <stdio_set_driver_enabled+0x24>
10001bd2:	001a      	movs	r2, r3
10001bd4:	691b      	ldr	r3, [r3, #16]
10001bd6:	3210      	adds	r2, #16
10001bd8:	2b00      	cmp	r3, #0
10001bda:	d007      	beq.n	10001bec <stdio_set_driver_enabled+0x24>
10001bdc:	4298      	cmp	r0, r3
10001bde:	d1f8      	bne.n	10001bd2 <stdio_set_driver_enabled+0xa>
10001be0:	2900      	cmp	r1, #0
10001be2:	d102      	bne.n	10001bea <stdio_set_driver_enabled+0x22>
10001be4:	6903      	ldr	r3, [r0, #16]
10001be6:	6013      	str	r3, [r2, #0]
10001be8:	6101      	str	r1, [r0, #16]
10001bea:	4770      	bx	lr
10001bec:	2900      	cmp	r1, #0
10001bee:	d0fc      	beq.n	10001bea <stdio_set_driver_enabled+0x22>
10001bf0:	6010      	str	r0, [r2, #0]
10001bf2:	e7fa      	b.n	10001bea <stdio_set_driver_enabled+0x22>
10001bf4:	20001b2c 	.word	0x20001b2c

10001bf8 <stdio_getchar_timeout_us>:
10001bf8:	b5f0      	push	{r4, r5, r6, r7, lr}
10001bfa:	46ce      	mov	lr, r9
10001bfc:	4647      	mov	r7, r8
10001bfe:	0004      	movs	r4, r0
10001c00:	b580      	push	{r7, lr}
10001c02:	b083      	sub	sp, #12
10001c04:	f7ff faaa 	bl	1000115c <time_us_64>
10001c08:	0026      	movs	r6, r4
10001c0a:	2700      	movs	r7, #0
10001c0c:	1836      	adds	r6, r6, r0
10001c0e:	414f      	adcs	r7, r1
10001c10:	2f00      	cmp	r7, #0
10001c12:	db30      	blt.n	10001c76 <stdio_getchar_timeout_us+0x7e>
10001c14:	46b9      	mov	r9, r7
10001c16:	4b1a      	ldr	r3, [pc, #104]	; (10001c80 <stdio_getchar_timeout_us+0x88>)
10001c18:	4d1a      	ldr	r5, [pc, #104]	; (10001c84 <stdio_getchar_timeout_us+0x8c>)
10001c1a:	4698      	mov	r8, r3
10001c1c:	4643      	mov	r3, r8
10001c1e:	681c      	ldr	r4, [r3, #0]
10001c20:	2c00      	cmp	r4, #0
10001c22:	d103      	bne.n	10001c2c <stdio_getchar_timeout_us+0x34>
10001c24:	e016      	b.n	10001c54 <stdio_getchar_timeout_us+0x5c>
10001c26:	6924      	ldr	r4, [r4, #16]
10001c28:	2c00      	cmp	r4, #0
10001c2a:	d013      	beq.n	10001c54 <stdio_getchar_timeout_us+0x5c>
10001c2c:	682b      	ldr	r3, [r5, #0]
10001c2e:	2b00      	cmp	r3, #0
10001c30:	d001      	beq.n	10001c36 <stdio_getchar_timeout_us+0x3e>
10001c32:	42a3      	cmp	r3, r4
10001c34:	d1f7      	bne.n	10001c26 <stdio_getchar_timeout_us+0x2e>
10001c36:	68a3      	ldr	r3, [r4, #8]
10001c38:	2b00      	cmp	r3, #0
10001c3a:	d0f4      	beq.n	10001c26 <stdio_getchar_timeout_us+0x2e>
10001c3c:	2101      	movs	r1, #1
10001c3e:	a801      	add	r0, sp, #4
10001c40:	4798      	blx	r3
10001c42:	2800      	cmp	r0, #0
10001c44:	ddef      	ble.n	10001c26 <stdio_getchar_timeout_us+0x2e>
10001c46:	466b      	mov	r3, sp
10001c48:	7918      	ldrb	r0, [r3, #4]
10001c4a:	b003      	add	sp, #12
10001c4c:	bcc0      	pop	{r6, r7}
10001c4e:	46b9      	mov	r9, r7
10001c50:	46b0      	mov	r8, r6
10001c52:	bdf0      	pop	{r4, r5, r6, r7, pc}
10001c54:	4b0c      	ldr	r3, [pc, #48]	; (10001c88 <stdio_getchar_timeout_us+0x90>)
10001c56:	6a5a      	ldr	r2, [r3, #36]	; 0x24
10001c58:	454a      	cmp	r2, r9
10001c5a:	d307      	bcc.n	10001c6c <stdio_getchar_timeout_us+0x74>
10001c5c:	6a9b      	ldr	r3, [r3, #40]	; 0x28
10001c5e:	42b3      	cmp	r3, r6
10001c60:	d201      	bcs.n	10001c66 <stdio_getchar_timeout_us+0x6e>
10001c62:	454a      	cmp	r2, r9
10001c64:	d002      	beq.n	10001c6c <stdio_getchar_timeout_us+0x74>
10001c66:	2002      	movs	r0, #2
10001c68:	4240      	negs	r0, r0
10001c6a:	e7ee      	b.n	10001c4a <stdio_getchar_timeout_us+0x52>
10001c6c:	2001      	movs	r0, #1
10001c6e:	2100      	movs	r1, #0
10001c70:	f7ff fa7e 	bl	10001170 <busy_wait_us>
10001c74:	e7d2      	b.n	10001c1c <stdio_getchar_timeout_us+0x24>
10001c76:	2601      	movs	r6, #1
10001c78:	4b04      	ldr	r3, [pc, #16]	; (10001c8c <stdio_getchar_timeout_us+0x94>)
10001c7a:	4276      	negs	r6, r6
10001c7c:	4699      	mov	r9, r3
10001c7e:	e7ca      	b.n	10001c16 <stdio_getchar_timeout_us+0x1e>
10001c80:	20001b2c 	.word	0x20001b2c
10001c84:	20001b34 	.word	0x20001b34
10001c88:	40054000 	.word	0x40054000
10001c8c:	7fffffff 	.word	0x7fffffff

10001c90 <__wrap_putchar>:
10001c90:	b5f0      	push	{r4, r5, r6, r7, lr}
10001c92:	46ce      	mov	lr, r9
10001c94:	4647      	mov	r7, r8
10001c96:	b580      	push	{r7, lr}
10001c98:	b083      	sub	sp, #12
10001c9a:	466b      	mov	r3, sp
10001c9c:	0006      	movs	r6, r0
10001c9e:	1ddd      	adds	r5, r3, #7
10001ca0:	7028      	strb	r0, [r5, #0]
10001ca2:	f7ff fa5b 	bl	1000115c <time_us_64>
10001ca6:	2300      	movs	r3, #0
10001ca8:	4a1a      	ldr	r2, [pc, #104]	; (10001d14 <__wrap_putchar+0x84>)
10001caa:	1812      	adds	r2, r2, r0
10001cac:	414b      	adcs	r3, r1
10001cae:	2b00      	cmp	r3, #0
10001cb0:	db2b      	blt.n	10001d0a <__wrap_putchar+0x7a>
10001cb2:	4919      	ldr	r1, [pc, #100]	; (10001d18 <__wrap_putchar+0x88>)
10001cb4:	0008      	movs	r0, r1
10001cb6:	4688      	mov	r8, r1
10001cb8:	f002 fcae 	bl	10004618 <__mutex_try_enter_block_until_veneer>
10001cbc:	4b17      	ldr	r3, [pc, #92]	; (10001d1c <__wrap_putchar+0x8c>)
10001cbe:	4681      	mov	r9, r0
10001cc0:	681c      	ldr	r4, [r3, #0]
10001cc2:	2c00      	cmp	r4, #0
10001cc4:	d014      	beq.n	10001cf0 <__wrap_putchar+0x60>
10001cc6:	4f16      	ldr	r7, [pc, #88]	; (10001d20 <__wrap_putchar+0x90>)
10001cc8:	e002      	b.n	10001cd0 <__wrap_putchar+0x40>
10001cca:	6924      	ldr	r4, [r4, #16]
10001ccc:	2c00      	cmp	r4, #0
10001cce:	d00f      	beq.n	10001cf0 <__wrap_putchar+0x60>
10001cd0:	6823      	ldr	r3, [r4, #0]
10001cd2:	2b00      	cmp	r3, #0
10001cd4:	d0f9      	beq.n	10001cca <__wrap_putchar+0x3a>
10001cd6:	683b      	ldr	r3, [r7, #0]
10001cd8:	2b00      	cmp	r3, #0
10001cda:	d001      	beq.n	10001ce0 <__wrap_putchar+0x50>
10001cdc:	42a3      	cmp	r3, r4
10001cde:	d1f4      	bne.n	10001cca <__wrap_putchar+0x3a>
10001ce0:	0020      	movs	r0, r4
10001ce2:	2201      	movs	r2, #1
10001ce4:	0029      	movs	r1, r5
10001ce6:	f7ff fe95 	bl	10001a14 <stdio_out_chars_crlf>
10001cea:	6924      	ldr	r4, [r4, #16]
10001cec:	2c00      	cmp	r4, #0
10001cee:	d1ef      	bne.n	10001cd0 <__wrap_putchar+0x40>
10001cf0:	464b      	mov	r3, r9
10001cf2:	2b00      	cmp	r3, #0
10001cf4:	d105      	bne.n	10001d02 <__wrap_putchar+0x72>
10001cf6:	0030      	movs	r0, r6
10001cf8:	b003      	add	sp, #12
10001cfa:	bcc0      	pop	{r6, r7}
10001cfc:	46b9      	mov	r9, r7
10001cfe:	46b0      	mov	r8, r6
10001d00:	bdf0      	pop	{r4, r5, r6, r7, pc}
10001d02:	4640      	mov	r0, r8
10001d04:	f002 fc58 	bl	100045b8 <__mutex_exit_veneer>
10001d08:	e7f5      	b.n	10001cf6 <__wrap_putchar+0x66>
10001d0a:	2201      	movs	r2, #1
10001d0c:	4b05      	ldr	r3, [pc, #20]	; (10001d24 <__wrap_putchar+0x94>)
10001d0e:	4252      	negs	r2, r2
10001d10:	e7cf      	b.n	10001cb2 <__wrap_putchar+0x22>
10001d12:	46c0      	nop			; (mov r8, r8)
10001d14:	000f4240 	.word	0x000f4240
10001d18:	20001088 	.word	0x20001088
10001d1c:	20001b2c 	.word	0x20001b2c
10001d20:	20001b34 	.word	0x20001b34
10001d24:	7fffffff 	.word	0x7fffffff

10001d28 <__wrap_puts>:
10001d28:	b570      	push	{r4, r5, r6, lr}
10001d2a:	0004      	movs	r4, r0
10001d2c:	f002 fc02 	bl	10004534 <strlen>
10001d30:	2301      	movs	r3, #1
10001d32:	0001      	movs	r1, r0
10001d34:	0005      	movs	r5, r0
10001d36:	2201      	movs	r2, #1
10001d38:	0020      	movs	r0, r4
10001d3a:	f7ff fec5 	bl	10001ac8 <stdio_put_string>
10001d3e:	4b08      	ldr	r3, [pc, #32]	; (10001d60 <__wrap_puts+0x38>)
10001d40:	681c      	ldr	r4, [r3, #0]
10001d42:	2c00      	cmp	r4, #0
10001d44:	d006      	beq.n	10001d54 <__wrap_puts+0x2c>
10001d46:	6863      	ldr	r3, [r4, #4]
10001d48:	2b00      	cmp	r3, #0
10001d4a:	d005      	beq.n	10001d58 <__wrap_puts+0x30>
10001d4c:	4798      	blx	r3
10001d4e:	6924      	ldr	r4, [r4, #16]
10001d50:	2c00      	cmp	r4, #0
10001d52:	d1f8      	bne.n	10001d46 <__wrap_puts+0x1e>
10001d54:	0028      	movs	r0, r5
10001d56:	bd70      	pop	{r4, r5, r6, pc}
10001d58:	6924      	ldr	r4, [r4, #16]
10001d5a:	2c00      	cmp	r4, #0
10001d5c:	d1f3      	bne.n	10001d46 <__wrap_puts+0x1e>
10001d5e:	e7f9      	b.n	10001d54 <__wrap_puts+0x2c>
10001d60:	20001b2c 	.word	0x20001b2c

10001d64 <resetd_init>:
10001d64:	4770      	bx	lr
10001d66:	46c0      	nop			; (mov r8, r8)

10001d68 <resetd_reset>:
10001d68:	2200      	movs	r2, #0
10001d6a:	4b01      	ldr	r3, [pc, #4]	; (10001d70 <resetd_reset+0x8>)
10001d6c:	701a      	strb	r2, [r3, #0]
10001d6e:	4770      	bx	lr
10001d70:	20001f8a 	.word	0x20001f8a

10001d74 <resetd_open>:
10001d74:	794b      	ldrb	r3, [r1, #5]
10001d76:	2000      	movs	r0, #0
10001d78:	2bff      	cmp	r3, #255	; 0xff
10001d7a:	d10b      	bne.n	10001d94 <resetd_open+0x20>
10001d7c:	798b      	ldrb	r3, [r1, #6]
10001d7e:	2b00      	cmp	r3, #0
10001d80:	d108      	bne.n	10001d94 <resetd_open+0x20>
10001d82:	79cb      	ldrb	r3, [r1, #7]
10001d84:	2b01      	cmp	r3, #1
10001d86:	d105      	bne.n	10001d94 <resetd_open+0x20>
10001d88:	2a08      	cmp	r2, #8
10001d8a:	d903      	bls.n	10001d94 <resetd_open+0x20>
10001d8c:	788a      	ldrb	r2, [r1, #2]
10001d8e:	4b02      	ldr	r3, [pc, #8]	; (10001d98 <resetd_open+0x24>)
10001d90:	3009      	adds	r0, #9
10001d92:	701a      	strb	r2, [r3, #0]
10001d94:	4770      	bx	lr
10001d96:	46c0      	nop			; (mov r8, r8)
10001d98:	20001f8a 	.word	0x20001f8a

10001d9c <resetd_xfer_cb>:
10001d9c:	2001      	movs	r0, #1
10001d9e:	4770      	bx	lr

10001da0 <resetd_control_xfer_cb>:
10001da0:	b510      	push	{r4, lr}
10001da2:	2901      	cmp	r1, #1
10001da4:	d109      	bne.n	10001dba <resetd_control_xfer_cb+0x1a>
10001da6:	4915      	ldr	r1, [pc, #84]	; (10001dfc <resetd_control_xfer_cb+0x5c>)
10001da8:	7953      	ldrb	r3, [r2, #5]
10001daa:	7910      	ldrb	r0, [r2, #4]
10001dac:	7809      	ldrb	r1, [r1, #0]
10001dae:	021b      	lsls	r3, r3, #8
10001db0:	4303      	orrs	r3, r0
10001db2:	2000      	movs	r0, #0
10001db4:	4299      	cmp	r1, r3
10001db6:	d002      	beq.n	10001dbe <resetd_control_xfer_cb+0x1e>
10001db8:	bd10      	pop	{r4, pc}
10001dba:	2001      	movs	r0, #1
10001dbc:	e7fc      	b.n	10001db8 <resetd_control_xfer_cb+0x18>
10001dbe:	7853      	ldrb	r3, [r2, #1]
10001dc0:	2b01      	cmp	r3, #1
10001dc2:	d008      	beq.n	10001dd6 <resetd_control_xfer_cb+0x36>
10001dc4:	2b02      	cmp	r3, #2
10001dc6:	d1f7      	bne.n	10001db8 <resetd_control_xfer_cb+0x18>
10001dc8:	2000      	movs	r0, #0
10001dca:	2264      	movs	r2, #100	; 0x64
10001dcc:	2100      	movs	r1, #0
10001dce:	f7ff fb4d 	bl	1000146c <watchdog_reboot>
10001dd2:	2001      	movs	r0, #1
10001dd4:	e7f0      	b.n	10001db8 <resetd_control_xfer_cb+0x18>
10001dd6:	78d3      	ldrb	r3, [r2, #3]
10001dd8:	7891      	ldrb	r1, [r2, #2]
10001dda:	021b      	lsls	r3, r3, #8
10001ddc:	4319      	orrs	r1, r3
10001dde:	05db      	lsls	r3, r3, #23
10001de0:	d507      	bpl.n	10001df2 <resetd_control_xfer_cb+0x52>
10001de2:	0a4a      	lsrs	r2, r1, #9
10001de4:	0010      	movs	r0, r2
10001de6:	2301      	movs	r3, #1
10001de8:	401a      	ands	r2, r3
10001dea:	337e      	adds	r3, #126	; 0x7e
10001dec:	4019      	ands	r1, r3
10001dee:	f7ff fbc3 	bl	10001578 <rom_reset_usb_boot_extra>
10001df2:	2001      	movs	r0, #1
10001df4:	0a4a      	lsrs	r2, r1, #9
10001df6:	4240      	negs	r0, r0
10001df8:	e7f5      	b.n	10001de6 <resetd_control_xfer_cb+0x46>
10001dfa:	46c0      	nop			; (mov r8, r8)
10001dfc:	20001f8a 	.word	0x20001f8a

10001e00 <tud_descriptor_bos_cb>:
10001e00:	4800      	ldr	r0, [pc, #0]	; (10001e04 <tud_descriptor_bos_cb+0x4>)
10001e02:	4770      	bx	lr
10001e04:	100047d0 	.word	0x100047d0

10001e08 <tud_vendor_control_xfer_cb>:
10001e08:	b570      	push	{r4, r5, r6, lr}
10001e0a:	0005      	movs	r5, r0
10001e0c:	0014      	movs	r4, r2
10001e0e:	2001      	movs	r0, #1
10001e10:	2901      	cmp	r1, #1
10001e12:	d109      	bne.n	10001e28 <tud_vendor_control_xfer_cb+0x20>
10001e14:	7853      	ldrb	r3, [r2, #1]
10001e16:	2000      	movs	r0, #0
10001e18:	2b01      	cmp	r3, #1
10001e1a:	d105      	bne.n	10001e28 <tud_vendor_control_xfer_cb+0x20>
10001e1c:	7963      	ldrb	r3, [r4, #5]
10001e1e:	7912      	ldrb	r2, [r2, #4]
10001e20:	021b      	lsls	r3, r3, #8
10001e22:	4313      	orrs	r3, r2
10001e24:	2b07      	cmp	r3, #7
10001e26:	d000      	beq.n	10001e2a <tud_vendor_control_xfer_cb+0x22>
10001e28:	bd70      	pop	{r4, r5, r6, pc}
10001e2a:	0021      	movs	r1, r4
10001e2c:	0028      	movs	r0, r5
10001e2e:	4a02      	ldr	r2, [pc, #8]	; (10001e38 <tud_vendor_control_xfer_cb+0x30>)
10001e30:	339f      	adds	r3, #159	; 0x9f
10001e32:	f001 fa67 	bl	10003304 <tud_control_xfer>
10001e36:	e7f7      	b.n	10001e28 <tud_vendor_control_xfer_cb+0x20>
10001e38:	100047f4 	.word	0x100047f4

10001e3c <usbd_app_driver_get_cb>:
10001e3c:	2301      	movs	r3, #1
10001e3e:	7003      	strb	r3, [r0, #0]
10001e40:	4800      	ldr	r0, [pc, #0]	; (10001e44 <usbd_app_driver_get_cb+0x8>)
10001e42:	4770      	bx	lr
10001e44:	100047b0 	.word	0x100047b0

10001e48 <tud_cdc_line_coding_cb>:
10001e48:	7848      	ldrb	r0, [r1, #1]
10001e4a:	780b      	ldrb	r3, [r1, #0]
10001e4c:	788a      	ldrb	r2, [r1, #2]
10001e4e:	0200      	lsls	r0, r0, #8
10001e50:	4318      	orrs	r0, r3
10001e52:	0412      	lsls	r2, r2, #16
10001e54:	4310      	orrs	r0, r2
10001e56:	2296      	movs	r2, #150	; 0x96
10001e58:	78cb      	ldrb	r3, [r1, #3]
10001e5a:	b510      	push	{r4, lr}
10001e5c:	061b      	lsls	r3, r3, #24
10001e5e:	4303      	orrs	r3, r0
10001e60:	00d2      	lsls	r2, r2, #3
10001e62:	4293      	cmp	r3, r2
10001e64:	d000      	beq.n	10001e68 <tud_cdc_line_coding_cb+0x20>
10001e66:	bd10      	pop	{r4, pc}
10001e68:	2200      	movs	r2, #0
10001e6a:	2001      	movs	r0, #1
10001e6c:	0011      	movs	r1, r2
10001e6e:	4240      	negs	r0, r0
10001e70:	f7ff fb82 	bl	10001578 <rom_reset_usb_boot_extra>

10001e74 <stdio_usb_set_chars_available_callback>:
10001e74:	4b02      	ldr	r3, [pc, #8]	; (10001e80 <stdio_usb_set_chars_available_callback+0xc>)
10001e76:	6018      	str	r0, [r3, #0]
10001e78:	4b02      	ldr	r3, [pc, #8]	; (10001e84 <stdio_usb_set_chars_available_callback+0x10>)
10001e7a:	6019      	str	r1, [r3, #0]
10001e7c:	4770      	bx	lr
10001e7e:	46c0      	nop			; (mov r8, r8)
10001e80:	20001acc 	.word	0x20001acc
10001e84:	20001ad0 	.word	0x20001ad0

10001e88 <usb_irq>:
10001e88:	b510      	push	{r4, lr}
10001e8a:	4b02      	ldr	r3, [pc, #8]	; (10001e94 <usb_irq+0xc>)
10001e8c:	7818      	ldrb	r0, [r3, #0]
10001e8e:	f7fe fb47 	bl	10000520 <irq_set_pending>
10001e92:	bd10      	pop	{r4, pc}
10001e94:	20001f8b 	.word	0x20001f8b

10001e98 <timer_task>:
10001e98:	4b15      	ldr	r3, [pc, #84]	; (10001ef0 <timer_task+0x58>)
10001e9a:	b570      	push	{r4, r5, r6, lr}
10001e9c:	681a      	ldr	r2, [r3, #0]
10001e9e:	2a00      	cmp	r2, #0
10001ea0:	d022      	beq.n	10001ee8 <timer_task+0x50>
10001ea2:	f3ef 8110 	mrs	r1, PRIMASK
10001ea6:	b672      	cpsid	i
10001ea8:	6810      	ldr	r0, [r2, #0]
10001eaa:	2800      	cmp	r0, #0
10001eac:	d0fc      	beq.n	10001ea8 <timer_task+0x10>
10001eae:	f3bf 8f5f 	dmb	sy
10001eb2:	2200      	movs	r2, #0
10001eb4:	480f      	ldr	r0, [pc, #60]	; (10001ef4 <timer_task+0x5c>)
10001eb6:	6059      	str	r1, [r3, #4]
10001eb8:	7002      	strb	r2, [r0, #0]
10001eba:	681b      	ldr	r3, [r3, #0]
10001ebc:	f3bf 8f5f 	dmb	sy
10001ec0:	601a      	str	r2, [r3, #0]
10001ec2:	f381 8810 	msr	PRIMASK, r1
10001ec6:	2400      	movs	r4, #0
10001ec8:	2500      	movs	r5, #0
10001eca:	4e0b      	ldr	r6, [pc, #44]	; (10001ef8 <timer_task+0x60>)
10001ecc:	7830      	ldrb	r0, [r6, #0]
10001ece:	f7fe fb1b 	bl	10000508 <irq_is_enabled>
10001ed2:	2800      	cmp	r0, #0
10001ed4:	d104      	bne.n	10001ee0 <timer_task+0x48>
10001ed6:	2400      	movs	r4, #0
10001ed8:	2500      	movs	r5, #0
10001eda:	0029      	movs	r1, r5
10001edc:	0020      	movs	r0, r4
10001ede:	bd70      	pop	{r4, r5, r6, pc}
10001ee0:	7830      	ldrb	r0, [r6, #0]
10001ee2:	f7fe fb1d 	bl	10000520 <irq_set_pending>
10001ee6:	e7f8      	b.n	10001eda <timer_task+0x42>
10001ee8:	24fa      	movs	r4, #250	; 0xfa
10001eea:	2500      	movs	r5, #0
10001eec:	00a4      	lsls	r4, r4, #2
10001eee:	e7ec      	b.n	10001eca <timer_task+0x32>
10001ef0:	20001f44 	.word	0x20001f44
10001ef4:	20001f8c 	.word	0x20001f8c
10001ef8:	20001f8b 	.word	0x20001f8b

10001efc <stdio_usb_in_chars>:
10001efc:	b570      	push	{r4, r5, r6, lr}
10001efe:	0004      	movs	r4, r0
10001f00:	2000      	movs	r0, #0
10001f02:	000e      	movs	r6, r1
10001f04:	f001 fb28 	bl	10003558 <tud_cdc_n_connected>
10001f08:	2800      	cmp	r0, #0
10001f0a:	d035      	beq.n	10001f78 <stdio_usb_in_chars+0x7c>
10001f0c:	2000      	movs	r0, #0
10001f0e:	f001 fb39 	bl	10003584 <tud_cdc_n_available>
10001f12:	2800      	cmp	r0, #0
10001f14:	d030      	beq.n	10001f78 <stdio_usb_in_chars+0x7c>
10001f16:	f7ff f921 	bl	1000115c <time_us_64>
10001f1a:	2300      	movs	r3, #0
10001f1c:	4a18      	ldr	r2, [pc, #96]	; (10001f80 <stdio_usb_in_chars+0x84>)
10001f1e:	1812      	adds	r2, r2, r0
10001f20:	414b      	adcs	r3, r1
10001f22:	2b00      	cmp	r3, #0
10001f24:	db24      	blt.n	10001f70 <stdio_usb_in_chars+0x74>
10001f26:	4d17      	ldr	r5, [pc, #92]	; (10001f84 <stdio_usb_in_chars+0x88>)
10001f28:	0028      	movs	r0, r5
10001f2a:	f002 fb75 	bl	10004618 <__mutex_try_enter_block_until_veneer>
10001f2e:	2800      	cmp	r0, #0
10001f30:	d022      	beq.n	10001f78 <stdio_usb_in_chars+0x7c>
10001f32:	2000      	movs	r0, #0
10001f34:	f001 fb10 	bl	10003558 <tud_cdc_n_connected>
10001f38:	2800      	cmp	r0, #0
10001f3a:	d10b      	bne.n	10001f54 <stdio_usb_in_chars+0x58>
10001f3c:	2001      	movs	r0, #1
10001f3e:	2100      	movs	r1, #0
10001f40:	2403      	movs	r4, #3
10001f42:	4240      	negs	r0, r0
10001f44:	f000 fd10 	bl	10002968 <tud_task_ext>
10001f48:	4264      	negs	r4, r4
10001f4a:	0028      	movs	r0, r5
10001f4c:	f002 fb34 	bl	100045b8 <__mutex_exit_veneer>
10001f50:	0020      	movs	r0, r4
10001f52:	bd70      	pop	{r4, r5, r6, pc}
10001f54:	2000      	movs	r0, #0
10001f56:	f001 fb15 	bl	10003584 <tud_cdc_n_available>
10001f5a:	2800      	cmp	r0, #0
10001f5c:	d0ee      	beq.n	10001f3c <stdio_usb_in_chars+0x40>
10001f5e:	0021      	movs	r1, r4
10001f60:	0032      	movs	r2, r6
10001f62:	2000      	movs	r0, #0
10001f64:	f001 fb1a 	bl	1000359c <tud_cdc_n_read>
10001f68:	1e04      	subs	r4, r0, #0
10001f6a:	d1ee      	bne.n	10001f4a <stdio_usb_in_chars+0x4e>
10001f6c:	3c03      	subs	r4, #3
10001f6e:	e7ec      	b.n	10001f4a <stdio_usb_in_chars+0x4e>
10001f70:	2201      	movs	r2, #1
10001f72:	4b05      	ldr	r3, [pc, #20]	; (10001f88 <stdio_usb_in_chars+0x8c>)
10001f74:	4252      	negs	r2, r2
10001f76:	e7d6      	b.n	10001f26 <stdio_usb_in_chars+0x2a>
10001f78:	2403      	movs	r4, #3
10001f7a:	4264      	negs	r4, r4
10001f7c:	e7e8      	b.n	10001f50 <stdio_usb_in_chars+0x54>
10001f7e:	46c0      	nop			; (mov r8, r8)
10001f80:	000f4240 	.word	0x000f4240
10001f84:	20001f6c 	.word	0x20001f6c
10001f88:	7fffffff 	.word	0x7fffffff

10001f8c <stdio_usb_out_flush>:
10001f8c:	b510      	push	{r4, lr}
10001f8e:	f7ff f8e5 	bl	1000115c <time_us_64>
10001f92:	2300      	movs	r3, #0
10001f94:	4a0e      	ldr	r2, [pc, #56]	; (10001fd0 <stdio_usb_out_flush+0x44>)
10001f96:	1812      	adds	r2, r2, r0
10001f98:	414b      	adcs	r3, r1
10001f9a:	2b00      	cmp	r3, #0
10001f9c:	db13      	blt.n	10001fc6 <stdio_usb_out_flush+0x3a>
10001f9e:	4c0d      	ldr	r4, [pc, #52]	; (10001fd4 <stdio_usb_out_flush+0x48>)
10001fa0:	0020      	movs	r0, r4
10001fa2:	f002 fb39 	bl	10004618 <__mutex_try_enter_block_until_veneer>
10001fa6:	2800      	cmp	r0, #0
10001fa8:	d00c      	beq.n	10001fc4 <stdio_usb_out_flush+0x38>
10001faa:	2001      	movs	r0, #1
10001fac:	2100      	movs	r1, #0
10001fae:	4240      	negs	r0, r0
10001fb0:	f000 fcda 	bl	10002968 <tud_task_ext>
10001fb4:	2000      	movs	r0, #0
10001fb6:	f001 fb3b 	bl	10003630 <tud_cdc_n_write_flush>
10001fba:	2800      	cmp	r0, #0
10001fbc:	d1f5      	bne.n	10001faa <stdio_usb_out_flush+0x1e>
10001fbe:	0020      	movs	r0, r4
10001fc0:	f002 fafa 	bl	100045b8 <__mutex_exit_veneer>
10001fc4:	bd10      	pop	{r4, pc}
10001fc6:	2201      	movs	r2, #1
10001fc8:	4b03      	ldr	r3, [pc, #12]	; (10001fd8 <stdio_usb_out_flush+0x4c>)
10001fca:	4252      	negs	r2, r2
10001fcc:	e7e7      	b.n	10001f9e <stdio_usb_out_flush+0x12>
10001fce:	46c0      	nop			; (mov r8, r8)
10001fd0:	000f4240 	.word	0x000f4240
10001fd4:	20001f6c 	.word	0x20001f6c
10001fd8:	7fffffff 	.word	0x7fffffff

10001fdc <stdio_usb_out_chars>:
10001fdc:	b5f8      	push	{r3, r4, r5, r6, r7, lr}
10001fde:	46de      	mov	lr, fp
10001fe0:	4657      	mov	r7, sl
10001fe2:	b580      	push	{r7, lr}
10001fe4:	0005      	movs	r5, r0
10001fe6:	000c      	movs	r4, r1
10001fe8:	f7ff f8b8 	bl	1000115c <time_us_64>
10001fec:	2300      	movs	r3, #0
10001fee:	4a36      	ldr	r2, [pc, #216]	; (100020c8 <stdio_usb_out_chars+0xec>)
10001ff0:	1812      	adds	r2, r2, r0
10001ff2:	414b      	adcs	r3, r1
10001ff4:	2b00      	cmp	r3, #0
10001ff6:	db5a      	blt.n	100020ae <stdio_usb_out_chars+0xd2>
10001ff8:	4934      	ldr	r1, [pc, #208]	; (100020cc <stdio_usb_out_chars+0xf0>)
10001ffa:	0008      	movs	r0, r1
10001ffc:	468a      	mov	sl, r1
10001ffe:	f002 fb0b 	bl	10004618 <__mutex_try_enter_block_until_veneer>
10002002:	2800      	cmp	r0, #0
10002004:	d103      	bne.n	1000200e <stdio_usb_out_chars+0x32>
10002006:	bcc0      	pop	{r6, r7}
10002008:	46bb      	mov	fp, r7
1000200a:	46b2      	mov	sl, r6
1000200c:	bdf8      	pop	{r3, r4, r5, r6, r7, pc}
1000200e:	2000      	movs	r0, #0
10002010:	f001 faa2 	bl	10003558 <tud_cdc_n_connected>
10002014:	2800      	cmp	r0, #0
10002016:	d04e      	beq.n	100020b6 <stdio_usb_out_chars+0xda>
10002018:	2600      	movs	r6, #0
1000201a:	2c00      	cmp	r4, #0
1000201c:	dd43      	ble.n	100020a6 <stdio_usb_out_chars+0xca>
1000201e:	4b2c      	ldr	r3, [pc, #176]	; (100020d0 <stdio_usb_out_chars+0xf4>)
10002020:	469b      	mov	fp, r3
10002022:	e014      	b.n	1000204e <stdio_usb_out_chars+0x72>
10002024:	19a9      	adds	r1, r5, r6
10002026:	2000      	movs	r0, #0
10002028:	f001 fb3e 	bl	100036a8 <tud_cdc_n_write>
1000202c:	0007      	movs	r7, r0
1000202e:	2001      	movs	r0, #1
10002030:	2100      	movs	r1, #0
10002032:	4240      	negs	r0, r0
10002034:	f000 fc98 	bl	10002968 <tud_task_ext>
10002038:	2000      	movs	r0, #0
1000203a:	f001 faf9 	bl	10003630 <tud_cdc_n_write_flush>
1000203e:	f7ff f88d 	bl	1000115c <time_us_64>
10002042:	4b23      	ldr	r3, [pc, #140]	; (100020d0 <stdio_usb_out_chars+0xf4>)
10002044:	19f6      	adds	r6, r6, r7
10002046:	6018      	str	r0, [r3, #0]
10002048:	6059      	str	r1, [r3, #4]
1000204a:	42b4      	cmp	r4, r6
1000204c:	dd2b      	ble.n	100020a6 <stdio_usb_out_chars+0xca>
1000204e:	2000      	movs	r0, #0
10002050:	f001 fb4c 	bl	100036ec <tud_cdc_n_write_available>
10002054:	1ba7      	subs	r7, r4, r6
10002056:	0002      	movs	r2, r0
10002058:	42b8      	cmp	r0, r7
1000205a:	dd00      	ble.n	1000205e <stdio_usb_out_chars+0x82>
1000205c:	003a      	movs	r2, r7
1000205e:	2a00      	cmp	r2, #0
10002060:	d1e0      	bne.n	10002024 <stdio_usb_out_chars+0x48>
10002062:	2001      	movs	r0, #1
10002064:	2100      	movs	r1, #0
10002066:	4240      	negs	r0, r0
10002068:	f000 fc7e 	bl	10002968 <tud_task_ext>
1000206c:	2000      	movs	r0, #0
1000206e:	f001 fadf 	bl	10003630 <tud_cdc_n_write_flush>
10002072:	2000      	movs	r0, #0
10002074:	f001 fa70 	bl	10003558 <tud_cdc_n_connected>
10002078:	2800      	cmp	r0, #0
1000207a:	d014      	beq.n	100020a6 <stdio_usb_out_chars+0xca>
1000207c:	2000      	movs	r0, #0
1000207e:	f001 fb35 	bl	100036ec <tud_cdc_n_write_available>
10002082:	2800      	cmp	r0, #0
10002084:	d1e1      	bne.n	1000204a <stdio_usb_out_chars+0x6e>
10002086:	f7ff f869 	bl	1000115c <time_us_64>
1000208a:	465b      	mov	r3, fp
1000208c:	000f      	movs	r7, r1
1000208e:	681a      	ldr	r2, [r3, #0]
10002090:	685b      	ldr	r3, [r3, #4]
10002092:	2100      	movs	r1, #0
10002094:	4684      	mov	ip, r0
10002096:	480f      	ldr	r0, [pc, #60]	; (100020d4 <stdio_usb_out_chars+0xf8>)
10002098:	1812      	adds	r2, r2, r0
1000209a:	414b      	adcs	r3, r1
1000209c:	429f      	cmp	r7, r3
1000209e:	d802      	bhi.n	100020a6 <stdio_usb_out_chars+0xca>
100020a0:	d1d3      	bne.n	1000204a <stdio_usb_out_chars+0x6e>
100020a2:	4594      	cmp	ip, r2
100020a4:	d9d1      	bls.n	1000204a <stdio_usb_out_chars+0x6e>
100020a6:	4650      	mov	r0, sl
100020a8:	f002 fa86 	bl	100045b8 <__mutex_exit_veneer>
100020ac:	e7ab      	b.n	10002006 <stdio_usb_out_chars+0x2a>
100020ae:	2201      	movs	r2, #1
100020b0:	4b09      	ldr	r3, [pc, #36]	; (100020d8 <stdio_usb_out_chars+0xfc>)
100020b2:	4252      	negs	r2, r2
100020b4:	e7a0      	b.n	10001ff8 <stdio_usb_out_chars+0x1c>
100020b6:	2000      	movs	r0, #0
100020b8:	2100      	movs	r1, #0
100020ba:	4b05      	ldr	r3, [pc, #20]	; (100020d0 <stdio_usb_out_chars+0xf4>)
100020bc:	6018      	str	r0, [r3, #0]
100020be:	6059      	str	r1, [r3, #4]
100020c0:	4650      	mov	r0, sl
100020c2:	f002 fa79 	bl	100045b8 <__mutex_exit_veneer>
100020c6:	e79e      	b.n	10002006 <stdio_usb_out_chars+0x2a>
100020c8:	000f4240 	.word	0x000f4240
100020cc:	20001f6c 	.word	0x20001f6c
100020d0:	20001210 	.word	0x20001210
100020d4:	0007a120 	.word	0x0007a120
100020d8:	7fffffff 	.word	0x7fffffff

100020dc <low_priority_worker_irq>:
100020dc:	b530      	push	{r4, r5, lr}
100020de:	4c2a      	ldr	r4, [pc, #168]	; (10002188 <low_priority_worker_irq+0xac>)
100020e0:	b085      	sub	sp, #20
100020e2:	2100      	movs	r1, #0
100020e4:	0020      	movs	r0, r4
100020e6:	f002 fa77 	bl	100045d8 <__mutex_try_enter_veneer>
100020ea:	2800      	cmp	r0, #0
100020ec:	d11c      	bne.n	10002128 <low_priority_worker_irq+0x4c>
100020ee:	4b27      	ldr	r3, [pc, #156]	; (1000218c <low_priority_worker_irq+0xb0>)
100020f0:	681a      	ldr	r2, [r3, #0]
100020f2:	2a00      	cmp	r2, #0
100020f4:	d016      	beq.n	10002124 <low_priority_worker_irq+0x48>
100020f6:	f3ef 8110 	mrs	r1, PRIMASK
100020fa:	b672      	cpsid	i
100020fc:	6810      	ldr	r0, [r2, #0]
100020fe:	2800      	cmp	r0, #0
10002100:	d0fc      	beq.n	100020fc <low_priority_worker_irq+0x20>
10002102:	f3bf 8f5f 	dmb	sy
10002106:	2401      	movs	r4, #1
10002108:	4821      	ldr	r0, [pc, #132]	; (10002190 <low_priority_worker_irq+0xb4>)
1000210a:	6059      	str	r1, [r3, #4]
1000210c:	7802      	ldrb	r2, [r0, #0]
1000210e:	681b      	ldr	r3, [r3, #0]
10002110:	b2d2      	uxtb	r2, r2
10002112:	7004      	strb	r4, [r0, #0]
10002114:	f3bf 8f5f 	dmb	sy
10002118:	2000      	movs	r0, #0
1000211a:	6018      	str	r0, [r3, #0]
1000211c:	f381 8810 	msr	PRIMASK, r1
10002120:	2a00      	cmp	r2, #0
10002122:	d017      	beq.n	10002154 <low_priority_worker_irq+0x78>
10002124:	b005      	add	sp, #20
10002126:	bd30      	pop	{r4, r5, pc}
10002128:	2001      	movs	r0, #1
1000212a:	2100      	movs	r1, #0
1000212c:	4240      	negs	r0, r0
1000212e:	f000 fc1b 	bl	10002968 <tud_task_ext>
10002132:	2000      	movs	r0, #0
10002134:	f001 fa26 	bl	10003584 <tud_cdc_n_available>
10002138:	0005      	movs	r5, r0
1000213a:	0020      	movs	r0, r4
1000213c:	f002 fa3c 	bl	100045b8 <__mutex_exit_veneer>
10002140:	2d00      	cmp	r5, #0
10002142:	d0ef      	beq.n	10002124 <low_priority_worker_irq+0x48>
10002144:	4b13      	ldr	r3, [pc, #76]	; (10002194 <low_priority_worker_irq+0xb8>)
10002146:	681b      	ldr	r3, [r3, #0]
10002148:	2b00      	cmp	r3, #0
1000214a:	d0eb      	beq.n	10002124 <low_priority_worker_irq+0x48>
1000214c:	4a12      	ldr	r2, [pc, #72]	; (10002198 <low_priority_worker_irq+0xbc>)
1000214e:	6810      	ldr	r0, [r2, #0]
10002150:	4798      	blx	r3
10002152:	e7e7      	b.n	10002124 <low_priority_worker_irq+0x48>
10002154:	f7fe fdf0 	bl	10000d38 <alarm_pool_get_default>
10002158:	0004      	movs	r4, r0
1000215a:	f7fe ffff 	bl	1000115c <time_us_64>
1000215e:	22fa      	movs	r2, #250	; 0xfa
10002160:	2300      	movs	r3, #0
10002162:	0092      	lsls	r2, r2, #2
10002164:	1812      	adds	r2, r2, r0
10002166:	414b      	adcs	r3, r1
10002168:	2b00      	cmp	r3, #0
1000216a:	db09      	blt.n	10002180 <low_priority_worker_irq+0xa4>
1000216c:	2101      	movs	r1, #1
1000216e:	9102      	str	r1, [sp, #8]
10002170:	2100      	movs	r1, #0
10002172:	9101      	str	r1, [sp, #4]
10002174:	4909      	ldr	r1, [pc, #36]	; (1000219c <low_priority_worker_irq+0xc0>)
10002176:	0020      	movs	r0, r4
10002178:	9100      	str	r1, [sp, #0]
1000217a:	f7fe fde1 	bl	10000d40 <alarm_pool_add_alarm_at>
1000217e:	e7d1      	b.n	10002124 <low_priority_worker_irq+0x48>
10002180:	2201      	movs	r2, #1
10002182:	4b07      	ldr	r3, [pc, #28]	; (100021a0 <low_priority_worker_irq+0xc4>)
10002184:	4252      	negs	r2, r2
10002186:	e7f1      	b.n	1000216c <low_priority_worker_irq+0x90>
10002188:	20001f6c 	.word	0x20001f6c
1000218c:	20001f44 	.word	0x20001f44
10002190:	20001f8c 	.word	0x20001f8c
10002194:	20001acc 	.word	0x20001acc
10002198:	20001ad0 	.word	0x20001ad0
1000219c:	10001e99 	.word	0x10001e99
100021a0:	7fffffff 	.word	0x7fffffff

100021a4 <stdio_usb_init>:
100021a4:	23d0      	movs	r3, #208	; 0xd0
100021a6:	b510      	push	{r4, lr}
100021a8:	061b      	lsls	r3, r3, #24
100021aa:	b084      	sub	sp, #16
100021ac:	681c      	ldr	r4, [r3, #0]
100021ae:	f7fe fdc3 	bl	10000d38 <alarm_pool_get_default>
100021b2:	f7fe febf 	bl	10000f34 <alarm_pool_core_num>
100021b6:	42a0      	cmp	r0, r4
100021b8:	d002      	beq.n	100021c0 <stdio_usb_init+0x1c>
100021ba:	2000      	movs	r0, #0
100021bc:	b004      	add	sp, #16
100021be:	bd10      	pop	{r4, pc}
100021c0:	4b29      	ldr	r3, [pc, #164]	; (10002268 <stdio_usb_init+0xc4>)
100021c2:	2100      	movs	r1, #0
100021c4:	2000      	movs	r0, #0
100021c6:	781b      	ldrb	r3, [r3, #0]
100021c8:	f001 fd84 	bl	10003cd4 <tusb_rhport_init>
100021cc:	4827      	ldr	r0, [pc, #156]	; (1000226c <stdio_usb_init+0xc8>)
100021ce:	6803      	ldr	r3, [r0, #0]
100021d0:	2b00      	cmp	r3, #0
100021d2:	d041      	beq.n	10002258 <stdio_usb_init+0xb4>
100021d4:	2001      	movs	r0, #1
100021d6:	f7fe fb35 	bl	10000844 <user_irq_claim_unused>
100021da:	23ff      	movs	r3, #255	; 0xff
100021dc:	4c24      	ldr	r4, [pc, #144]	; (10002270 <stdio_usb_init+0xcc>)
100021de:	4925      	ldr	r1, [pc, #148]	; (10002274 <stdio_usb_init+0xd0>)
100021e0:	7020      	strb	r0, [r4, #0]
100021e2:	4018      	ands	r0, r3
100021e4:	f7fe f9b6 	bl	10000554 <irq_set_exclusive_handler>
100021e8:	7820      	ldrb	r0, [r4, #0]
100021ea:	2101      	movs	r1, #1
100021ec:	f7fe f97a 	bl	100004e4 <irq_set_enabled>
100021f0:	2005      	movs	r0, #5
100021f2:	f7fe f99d 	bl	10000530 <irq_has_shared_handler>
100021f6:	2800      	cmp	r0, #0
100021f8:	d121      	bne.n	1000223e <stdio_usb_init+0x9a>
100021fa:	2208      	movs	r2, #8
100021fc:	2100      	movs	r1, #0
100021fe:	481e      	ldr	r0, [pc, #120]	; (10002278 <stdio_usb_init+0xd4>)
10002200:	f7ff fbb8 	bl	10001974 <__wrap_memset>
10002204:	f7fe fd98 	bl	10000d38 <alarm_pool_get_default>
10002208:	0004      	movs	r4, r0
1000220a:	f7fe ffa7 	bl	1000115c <time_us_64>
1000220e:	22fa      	movs	r2, #250	; 0xfa
10002210:	2300      	movs	r3, #0
10002212:	0092      	lsls	r2, r2, #2
10002214:	1812      	adds	r2, r2, r0
10002216:	414b      	adcs	r3, r1
10002218:	2b00      	cmp	r3, #0
1000221a:	db20      	blt.n	1000225e <stdio_usb_init+0xba>
1000221c:	2101      	movs	r1, #1
1000221e:	9102      	str	r1, [sp, #8]
10002220:	2100      	movs	r1, #0
10002222:	9101      	str	r1, [sp, #4]
10002224:	4915      	ldr	r1, [pc, #84]	; (1000227c <stdio_usb_init+0xd8>)
10002226:	0020      	movs	r0, r4
10002228:	9100      	str	r1, [sp, #0]
1000222a:	f7fe fd89 	bl	10000d40 <alarm_pool_add_alarm_at>
1000222e:	2800      	cmp	r0, #0
10002230:	dbc3      	blt.n	100021ba <stdio_usb_init+0x16>
10002232:	4813      	ldr	r0, [pc, #76]	; (10002280 <stdio_usb_init+0xdc>)
10002234:	2101      	movs	r1, #1
10002236:	f7ff fcc7 	bl	10001bc8 <stdio_set_driver_enabled>
1000223a:	2001      	movs	r0, #1
1000223c:	e7be      	b.n	100021bc <stdio_usb_init+0x18>
1000223e:	2001      	movs	r0, #1
10002240:	f7fe f920 	bl	10000484 <spin_lock_claim_unused>
10002244:	0001      	movs	r1, r0
10002246:	480c      	ldr	r0, [pc, #48]	; (10002278 <stdio_usb_init+0xd4>)
10002248:	f7fe fb62 	bl	10000910 <critical_section_init_with_lock_num>
1000224c:	2200      	movs	r2, #0
1000224e:	2005      	movs	r0, #5
10002250:	490c      	ldr	r1, [pc, #48]	; (10002284 <stdio_usb_init+0xe0>)
10002252:	f7fe f9a9 	bl	100005a8 <irq_add_shared_handler>
10002256:	e7ec      	b.n	10002232 <stdio_usb_init+0x8e>
10002258:	f7fe fb3c 	bl	100008d4 <mutex_init>
1000225c:	e7ba      	b.n	100021d4 <stdio_usb_init+0x30>
1000225e:	2201      	movs	r2, #1
10002260:	4b09      	ldr	r3, [pc, #36]	; (10002288 <stdio_usb_init+0xe4>)
10002262:	4252      	negs	r2, r2
10002264:	e7da      	b.n	1000221c <stdio_usb_init+0x78>
10002266:	46c0      	nop			; (mov r8, r8)
10002268:	10004ac8 	.word	0x10004ac8
1000226c:	20001f6c 	.word	0x20001f6c
10002270:	20001f8b 	.word	0x20001f8b
10002274:	100020dd 	.word	0x100020dd
10002278:	20001f44 	.word	0x20001f44
1000227c:	10001e99 	.word	0x10001e99
10002280:	20001050 	.word	0x20001050
10002284:	10001e89 	.word	0x10001e89
10002288:	7fffffff 	.word	0x7fffffff

1000228c <stdio_usb_connected>:
1000228c:	b510      	push	{r4, lr}
1000228e:	2000      	movs	r0, #0
10002290:	f001 f962 	bl	10003558 <tud_cdc_n_connected>
10002294:	bd10      	pop	{r4, pc}
10002296:	46c0      	nop			; (mov r8, r8)

10002298 <tud_descriptor_device_cb>:
10002298:	4800      	ldr	r0, [pc, #0]	; (1000229c <tud_descriptor_device_cb+0x4>)
1000229a:	4770      	bx	lr
1000229c:	1000493c 	.word	0x1000493c

100022a0 <tud_descriptor_configuration_cb>:
100022a0:	4800      	ldr	r0, [pc, #0]	; (100022a4 <tud_descriptor_configuration_cb+0x4>)
100022a2:	4770      	bx	lr
100022a4:	100048e8 	.word	0x100048e8

100022a8 <tud_descriptor_string_cb>:
100022a8:	b570      	push	{r4, r5, r6, lr}
100022aa:	0004      	movs	r4, r0
100022ac:	4817      	ldr	r0, [pc, #92]	; (1000230c <tud_descriptor_string_cb+0x64>)
100022ae:	7803      	ldrb	r3, [r0, #0]
100022b0:	2b00      	cmp	r3, #0
100022b2:	d021      	beq.n	100022f8 <tud_descriptor_string_cb+0x50>
100022b4:	2c00      	cmp	r4, #0
100022b6:	d106      	bne.n	100022c6 <tud_descriptor_string_cb+0x1e>
100022b8:	24c1      	movs	r4, #193	; 0xc1
100022ba:	4815      	ldr	r0, [pc, #84]	; (10002310 <tud_descriptor_string_cb+0x68>)
100022bc:	4b15      	ldr	r3, [pc, #84]	; (10002314 <tud_descriptor_string_cb+0x6c>)
100022be:	00a4      	lsls	r4, r4, #2
100022c0:	8043      	strh	r3, [r0, #2]
100022c2:	8004      	strh	r4, [r0, #0]
100022c4:	bd70      	pop	{r4, r5, r6, pc}
100022c6:	2c05      	cmp	r4, #5
100022c8:	d81d      	bhi.n	10002306 <tud_descriptor_string_cb+0x5e>
100022ca:	4b13      	ldr	r3, [pc, #76]	; (10002318 <tud_descriptor_string_cb+0x70>)
100022cc:	4810      	ldr	r0, [pc, #64]	; (10002310 <tud_descriptor_string_cb+0x68>)
100022ce:	00a4      	lsls	r4, r4, #2
100022d0:	58e5      	ldr	r5, [r4, r3]
100022d2:	1c81      	adds	r1, r0, #2
100022d4:	2300      	movs	r3, #0
100022d6:	e004      	b.n	100022e2 <tud_descriptor_string_cb+0x3a>
100022d8:	3301      	adds	r3, #1
100022da:	800a      	strh	r2, [r1, #0]
100022dc:	3102      	adds	r1, #2
100022de:	2b13      	cmp	r3, #19
100022e0:	d00e      	beq.n	10002300 <tud_descriptor_string_cb+0x58>
100022e2:	5cea      	ldrb	r2, [r5, r3]
100022e4:	b2dc      	uxtb	r4, r3
100022e6:	2a00      	cmp	r2, #0
100022e8:	d1f6      	bne.n	100022d8 <tud_descriptor_string_cb+0x30>
100022ea:	23c0      	movs	r3, #192	; 0xc0
100022ec:	3401      	adds	r4, #1
100022ee:	b2e4      	uxtb	r4, r4
100022f0:	0064      	lsls	r4, r4, #1
100022f2:	009b      	lsls	r3, r3, #2
100022f4:	431c      	orrs	r4, r3
100022f6:	e7e4      	b.n	100022c2 <tud_descriptor_string_cb+0x1a>
100022f8:	2111      	movs	r1, #17
100022fa:	f000 f817 	bl	1000232c <pico_get_unique_board_id_string>
100022fe:	e7d9      	b.n	100022b4 <tud_descriptor_string_cb+0xc>
10002300:	24ca      	movs	r4, #202	; 0xca
10002302:	00a4      	lsls	r4, r4, #2
10002304:	e7dd      	b.n	100022c2 <tud_descriptor_string_cb+0x1a>
10002306:	2000      	movs	r0, #0
10002308:	e7dc      	b.n	100022c4 <tud_descriptor_string_cb+0x1c>
1000230a:	46c0      	nop			; (mov r8, r8)
1000230c:	20001f74 	.word	0x20001f74
10002310:	20001b04 	.word	0x20001b04
10002314:	00000409 	.word	0x00000409
10002318:	10004950 	.word	0x10004950

1000231c <_retrieve_unique_id_on_boot>:
1000231c:	b510      	push	{r4, lr}
1000231e:	4802      	ldr	r0, [pc, #8]	; (10002328 <_retrieve_unique_id_on_boot+0xc>)
10002320:	f000 f8d8 	bl	100024d4 <flash_get_unique_id>
10002324:	bd10      	pop	{r4, pc}
10002326:	46c0      	nop			; (mov r8, r8)
10002328:	20001f5c 	.word	0x20001f5c

1000232c <pico_get_unique_board_id_string>:
1000232c:	b530      	push	{r4, r5, lr}
1000232e:	1e4b      	subs	r3, r1, #1
10002330:	2901      	cmp	r1, #1
10002332:	d100      	bne.n	10002336 <pico_get_unique_board_id_string+0xa>
10002334:	e0a7      	b.n	10002486 <pico_get_unique_board_id_string+0x15a>
10002336:	4a66      	ldr	r2, [pc, #408]	; (100024d0 <pico_get_unique_board_id_string+0x1a4>)
10002338:	7811      	ldrb	r1, [r2, #0]
1000233a:	110d      	asrs	r5, r1, #4
1000233c:	002c      	movs	r4, r5
1000233e:	3430      	adds	r4, #48	; 0x30
10002340:	299f      	cmp	r1, #159	; 0x9f
10002342:	d900      	bls.n	10002346 <pico_get_unique_board_id_string+0x1a>
10002344:	e0a2      	b.n	1000248c <pico_get_unique_board_id_string+0x160>
10002346:	7004      	strb	r4, [r0, #0]
10002348:	2b01      	cmp	r3, #1
1000234a:	d100      	bne.n	1000234e <pico_get_unique_board_id_string+0x22>
1000234c:	e0be      	b.n	100024cc <pico_get_unique_board_id_string+0x1a0>
1000234e:	210f      	movs	r1, #15
10002350:	7814      	ldrb	r4, [r2, #0]
10002352:	4021      	ands	r1, r4
10002354:	000c      	movs	r4, r1
10002356:	3430      	adds	r4, #48	; 0x30
10002358:	2909      	cmp	r1, #9
1000235a:	dd00      	ble.n	1000235e <pico_get_unique_board_id_string+0x32>
1000235c:	e098      	b.n	10002490 <pico_get_unique_board_id_string+0x164>
1000235e:	7044      	strb	r4, [r0, #1]
10002360:	2b02      	cmp	r3, #2
10002362:	d100      	bne.n	10002366 <pico_get_unique_board_id_string+0x3a>
10002364:	e0b2      	b.n	100024cc <pico_get_unique_board_id_string+0x1a0>
10002366:	7854      	ldrb	r4, [r2, #1]
10002368:	1125      	asrs	r5, r4, #4
1000236a:	0029      	movs	r1, r5
1000236c:	3130      	adds	r1, #48	; 0x30
1000236e:	2c9f      	cmp	r4, #159	; 0x9f
10002370:	d900      	bls.n	10002374 <pico_get_unique_board_id_string+0x48>
10002372:	e090      	b.n	10002496 <pico_get_unique_board_id_string+0x16a>
10002374:	7081      	strb	r1, [r0, #2]
10002376:	2b03      	cmp	r3, #3
10002378:	d100      	bne.n	1000237c <pico_get_unique_board_id_string+0x50>
1000237a:	e0a7      	b.n	100024cc <pico_get_unique_board_id_string+0x1a0>
1000237c:	210f      	movs	r1, #15
1000237e:	4021      	ands	r1, r4
10002380:	000c      	movs	r4, r1
10002382:	3430      	adds	r4, #48	; 0x30
10002384:	2909      	cmp	r1, #9
10002386:	dd00      	ble.n	1000238a <pico_get_unique_board_id_string+0x5e>
10002388:	e087      	b.n	1000249a <pico_get_unique_board_id_string+0x16e>
1000238a:	70c4      	strb	r4, [r0, #3]
1000238c:	2b04      	cmp	r3, #4
1000238e:	d100      	bne.n	10002392 <pico_get_unique_board_id_string+0x66>
10002390:	e09c      	b.n	100024cc <pico_get_unique_board_id_string+0x1a0>
10002392:	7894      	ldrb	r4, [r2, #2]
10002394:	1125      	asrs	r5, r4, #4
10002396:	0029      	movs	r1, r5
10002398:	3130      	adds	r1, #48	; 0x30
1000239a:	2c9f      	cmp	r4, #159	; 0x9f
1000239c:	d900      	bls.n	100023a0 <pico_get_unique_board_id_string+0x74>
1000239e:	e07f      	b.n	100024a0 <pico_get_unique_board_id_string+0x174>
100023a0:	7101      	strb	r1, [r0, #4]
100023a2:	2b05      	cmp	r3, #5
100023a4:	d100      	bne.n	100023a8 <pico_get_unique_board_id_string+0x7c>
100023a6:	e091      	b.n	100024cc <pico_get_unique_board_id_string+0x1a0>
100023a8:	210f      	movs	r1, #15
100023aa:	4021      	ands	r1, r4
100023ac:	000c      	movs	r4, r1
100023ae:	3430      	adds	r4, #48	; 0x30
100023b0:	2909      	cmp	r1, #9
100023b2:	dd00      	ble.n	100023b6 <pico_get_unique_board_id_string+0x8a>
100023b4:	e076      	b.n	100024a4 <pico_get_unique_board_id_string+0x178>
100023b6:	7144      	strb	r4, [r0, #5]
100023b8:	2b06      	cmp	r3, #6
100023ba:	d100      	bne.n	100023be <pico_get_unique_board_id_string+0x92>
100023bc:	e086      	b.n	100024cc <pico_get_unique_board_id_string+0x1a0>
100023be:	78d4      	ldrb	r4, [r2, #3]
100023c0:	1125      	asrs	r5, r4, #4
100023c2:	0029      	movs	r1, r5
100023c4:	3130      	adds	r1, #48	; 0x30
100023c6:	2c9f      	cmp	r4, #159	; 0x9f
100023c8:	d900      	bls.n	100023cc <pico_get_unique_board_id_string+0xa0>
100023ca:	e06e      	b.n	100024aa <pico_get_unique_board_id_string+0x17e>
100023cc:	7181      	strb	r1, [r0, #6]
100023ce:	2b07      	cmp	r3, #7
100023d0:	d100      	bne.n	100023d4 <pico_get_unique_board_id_string+0xa8>
100023d2:	e07b      	b.n	100024cc <pico_get_unique_board_id_string+0x1a0>
100023d4:	210f      	movs	r1, #15
100023d6:	4021      	ands	r1, r4
100023d8:	000c      	movs	r4, r1
100023da:	3430      	adds	r4, #48	; 0x30
100023dc:	2909      	cmp	r1, #9
100023de:	dc66      	bgt.n	100024ae <pico_get_unique_board_id_string+0x182>
100023e0:	71c4      	strb	r4, [r0, #7]
100023e2:	2b08      	cmp	r3, #8
100023e4:	d100      	bne.n	100023e8 <pico_get_unique_board_id_string+0xbc>
100023e6:	e071      	b.n	100024cc <pico_get_unique_board_id_string+0x1a0>
100023e8:	7914      	ldrb	r4, [r2, #4]
100023ea:	1125      	asrs	r5, r4, #4
100023ec:	0029      	movs	r1, r5
100023ee:	3130      	adds	r1, #48	; 0x30
100023f0:	2c9f      	cmp	r4, #159	; 0x9f
100023f2:	d85f      	bhi.n	100024b4 <pico_get_unique_board_id_string+0x188>
100023f4:	7201      	strb	r1, [r0, #8]
100023f6:	2b09      	cmp	r3, #9
100023f8:	d068      	beq.n	100024cc <pico_get_unique_board_id_string+0x1a0>
100023fa:	210f      	movs	r1, #15
100023fc:	4021      	ands	r1, r4
100023fe:	000c      	movs	r4, r1
10002400:	3430      	adds	r4, #48	; 0x30
10002402:	2909      	cmp	r1, #9
10002404:	dc58      	bgt.n	100024b8 <pico_get_unique_board_id_string+0x18c>
10002406:	7244      	strb	r4, [r0, #9]
10002408:	2b0a      	cmp	r3, #10
1000240a:	d05f      	beq.n	100024cc <pico_get_unique_board_id_string+0x1a0>
1000240c:	7954      	ldrb	r4, [r2, #5]
1000240e:	1125      	asrs	r5, r4, #4
10002410:	0029      	movs	r1, r5
10002412:	3130      	adds	r1, #48	; 0x30
10002414:	2c9f      	cmp	r4, #159	; 0x9f
10002416:	d852      	bhi.n	100024be <pico_get_unique_board_id_string+0x192>
10002418:	7281      	strb	r1, [r0, #10]
1000241a:	2b0b      	cmp	r3, #11
1000241c:	d056      	beq.n	100024cc <pico_get_unique_board_id_string+0x1a0>
1000241e:	210f      	movs	r1, #15
10002420:	4021      	ands	r1, r4
10002422:	000c      	movs	r4, r1
10002424:	3430      	adds	r4, #48	; 0x30
10002426:	2909      	cmp	r1, #9
10002428:	dc4b      	bgt.n	100024c2 <pico_get_unique_board_id_string+0x196>
1000242a:	72c4      	strb	r4, [r0, #11]
1000242c:	2b0c      	cmp	r3, #12
1000242e:	d04d      	beq.n	100024cc <pico_get_unique_board_id_string+0x1a0>
10002430:	7994      	ldrb	r4, [r2, #6]
10002432:	1125      	asrs	r5, r4, #4
10002434:	0029      	movs	r1, r5
10002436:	3130      	adds	r1, #48	; 0x30
10002438:	2c9f      	cmp	r4, #159	; 0x9f
1000243a:	d900      	bls.n	1000243e <pico_get_unique_board_id_string+0x112>
1000243c:	3107      	adds	r1, #7
1000243e:	7301      	strb	r1, [r0, #12]
10002440:	2b0d      	cmp	r3, #13
10002442:	d043      	beq.n	100024cc <pico_get_unique_board_id_string+0x1a0>
10002444:	210f      	movs	r1, #15
10002446:	4021      	ands	r1, r4
10002448:	000c      	movs	r4, r1
1000244a:	3430      	adds	r4, #48	; 0x30
1000244c:	2909      	cmp	r1, #9
1000244e:	dd01      	ble.n	10002454 <pico_get_unique_board_id_string+0x128>
10002450:	3137      	adds	r1, #55	; 0x37
10002452:	000c      	movs	r4, r1
10002454:	7344      	strb	r4, [r0, #13]
10002456:	2b0e      	cmp	r3, #14
10002458:	d038      	beq.n	100024cc <pico_get_unique_board_id_string+0x1a0>
1000245a:	79d1      	ldrb	r1, [r2, #7]
1000245c:	110c      	asrs	r4, r1, #4
1000245e:	0022      	movs	r2, r4
10002460:	3230      	adds	r2, #48	; 0x30
10002462:	299f      	cmp	r1, #159	; 0x9f
10002464:	d900      	bls.n	10002468 <pico_get_unique_board_id_string+0x13c>
10002466:	3207      	adds	r2, #7
10002468:	7382      	strb	r2, [r0, #14]
1000246a:	2b0f      	cmp	r3, #15
1000246c:	d02e      	beq.n	100024cc <pico_get_unique_board_id_string+0x1a0>
1000246e:	220f      	movs	r2, #15
10002470:	400a      	ands	r2, r1
10002472:	0011      	movs	r1, r2
10002474:	3137      	adds	r1, #55	; 0x37
10002476:	2a09      	cmp	r2, #9
10002478:	dc01      	bgt.n	1000247e <pico_get_unique_board_id_string+0x152>
1000247a:	3230      	adds	r2, #48	; 0x30
1000247c:	0011      	movs	r1, r2
1000247e:	73c1      	strb	r1, [r0, #15]
10002480:	2b10      	cmp	r3, #16
10002482:	d023      	beq.n	100024cc <pico_get_unique_board_id_string+0x1a0>
10002484:	3010      	adds	r0, #16
10002486:	2300      	movs	r3, #0
10002488:	7003      	strb	r3, [r0, #0]
1000248a:	bd30      	pop	{r4, r5, pc}
1000248c:	3407      	adds	r4, #7
1000248e:	e75a      	b.n	10002346 <pico_get_unique_board_id_string+0x1a>
10002490:	3137      	adds	r1, #55	; 0x37
10002492:	000c      	movs	r4, r1
10002494:	e763      	b.n	1000235e <pico_get_unique_board_id_string+0x32>
10002496:	3107      	adds	r1, #7
10002498:	e76c      	b.n	10002374 <pico_get_unique_board_id_string+0x48>
1000249a:	3137      	adds	r1, #55	; 0x37
1000249c:	000c      	movs	r4, r1
1000249e:	e774      	b.n	1000238a <pico_get_unique_board_id_string+0x5e>
100024a0:	3107      	adds	r1, #7
100024a2:	e77d      	b.n	100023a0 <pico_get_unique_board_id_string+0x74>
100024a4:	3137      	adds	r1, #55	; 0x37
100024a6:	000c      	movs	r4, r1
100024a8:	e785      	b.n	100023b6 <pico_get_unique_board_id_string+0x8a>
100024aa:	3107      	adds	r1, #7
100024ac:	e78e      	b.n	100023cc <pico_get_unique_board_id_string+0xa0>
100024ae:	3137      	adds	r1, #55	; 0x37
100024b0:	000c      	movs	r4, r1
100024b2:	e795      	b.n	100023e0 <pico_get_unique_board_id_string+0xb4>
100024b4:	3107      	adds	r1, #7
100024b6:	e79d      	b.n	100023f4 <pico_get_unique_board_id_string+0xc8>
100024b8:	3137      	adds	r1, #55	; 0x37
100024ba:	000c      	movs	r4, r1
100024bc:	e7a3      	b.n	10002406 <pico_get_unique_board_id_string+0xda>
100024be:	3107      	adds	r1, #7
100024c0:	e7aa      	b.n	10002418 <pico_get_unique_board_id_string+0xec>
100024c2:	3137      	adds	r1, #55	; 0x37
100024c4:	000c      	movs	r4, r1
100024c6:	72c4      	strb	r4, [r0, #11]
100024c8:	2b0c      	cmp	r3, #12
100024ca:	d1b1      	bne.n	10002430 <pico_get_unique_board_id_string+0x104>
100024cc:	18c0      	adds	r0, r0, r3
100024ce:	e7da      	b.n	10002486 <pico_get_unique_board_id_string+0x15a>
100024d0:	20001f5c 	.word	0x20001f5c

100024d4 <flash_get_unique_id>:
100024d4:	b530      	push	{r4, r5, lr}
100024d6:	2500      	movs	r5, #0
100024d8:	b089      	sub	sp, #36	; 0x24
100024da:	0004      	movs	r4, r0
100024dc:	2209      	movs	r2, #9
100024de:	2100      	movs	r1, #0
100024e0:	a801      	add	r0, sp, #4
100024e2:	9500      	str	r5, [sp, #0]
100024e4:	f7ff fa46 	bl	10001974 <__wrap_memset>
100024e8:	2209      	movs	r2, #9
100024ea:	2100      	movs	r1, #0
100024ec:	a805      	add	r0, sp, #20
100024ee:	9504      	str	r5, [sp, #16]
100024f0:	f7ff fa40 	bl	10001974 <__wrap_memset>
100024f4:	234b      	movs	r3, #75	; 0x4b
100024f6:	466a      	mov	r2, sp
100024f8:	4668      	mov	r0, sp
100024fa:	7013      	strb	r3, [r2, #0]
100024fc:	a904      	add	r1, sp, #16
100024fe:	220d      	movs	r2, #13
10002500:	f002 f852 	bl	100045a8 <__flash_do_cmd_veneer>
10002504:	2115      	movs	r1, #21
10002506:	2208      	movs	r2, #8
10002508:	0020      	movs	r0, r4
1000250a:	4469      	add	r1, sp
1000250c:	f7ff fa38 	bl	10001980 <__wrap___aeabi_memcpy>
10002510:	b009      	add	sp, #36	; 0x24
10002512:	bd30      	pop	{r4, r5, pc}

10002514 <dcd_init>:
10002514:	b5f8      	push	{r3, r4, r5, r6, r7, lr}
10002516:	f000 f945 	bl	100027a4 <rp2040_usb_init>
1000251a:	230c      	movs	r3, #12
1000251c:	4d19      	ldr	r5, [pc, #100]	; (10002584 <dcd_init+0x70>)
1000251e:	22ff      	movs	r2, #255	; 0xff
10002520:	67ab      	str	r3, [r5, #120]	; 0x78
10002522:	2005      	movs	r0, #5
10002524:	4918      	ldr	r1, [pc, #96]	; (10002588 <dcd_init+0x74>)
10002526:	f7fe f83f 	bl	100005a8 <irq_add_shared_handler>
1000252a:	4c18      	ldr	r4, [pc, #96]	; (1000258c <dcd_init+0x78>)
1000252c:	2240      	movs	r2, #64	; 0x40
1000252e:	2100      	movs	r1, #0
10002530:	0020      	movs	r0, r4
10002532:	f7ff fa1f 	bl	10001974 <__wrap_memset>
10002536:	2740      	movs	r7, #64	; 0x40
10002538:	2300      	movs	r3, #0
1000253a:	2601      	movs	r6, #1
1000253c:	2121      	movs	r1, #33	; 0x21
1000253e:	4a14      	ldr	r2, [pc, #80]	; (10002590 <dcd_init+0x7c>)
10002540:	7066      	strb	r6, [r4, #1]
10002542:	8327      	strh	r7, [r4, #24]
10002544:	60a2      	str	r2, [r4, #8]
10002546:	6013      	str	r3, [r2, #0]
10002548:	5463      	strb	r3, [r4, r1]
1000254a:	315f      	adds	r1, #95	; 0x5f
1000254c:	8461      	strh	r1, [r4, #34]	; 0x22
1000254e:	3945      	subs	r1, #69	; 0x45
10002550:	5463      	strb	r3, [r4, r1]
10002552:	4a10      	ldr	r2, [pc, #64]	; (10002594 <dcd_init+0x80>)
10002554:	4910      	ldr	r1, [pc, #64]	; (10002598 <dcd_init+0x84>)
10002556:	6063      	str	r3, [r4, #4]
10002558:	60e2      	str	r2, [r4, #12]
1000255a:	8727      	strh	r7, [r4, #56]	; 0x38
1000255c:	62a1      	str	r1, [r4, #40]	; 0x28
1000255e:	600b      	str	r3, [r1, #0]
10002560:	6263      	str	r3, [r4, #36]	; 0x24
10002562:	62e2      	str	r2, [r4, #44]	; 0x2c
10002564:	f002 f818 	bl	10004598 <__reset_non_control_endpoints_veneer>
10002568:	2380      	movs	r3, #128	; 0x80
1000256a:	059b      	lsls	r3, r3, #22
1000256c:	642e      	str	r6, [r5, #64]	; 0x40
1000256e:	64eb      	str	r3, [r5, #76]	; 0x4c
10002570:	2390      	movs	r3, #144	; 0x90
10002572:	4a0a      	ldr	r2, [pc, #40]	; (1000259c <dcd_init+0x88>)
10002574:	2001      	movs	r0, #1
10002576:	50ea      	str	r2, [r5, r3]
10002578:	2280      	movs	r2, #128	; 0x80
1000257a:	4b09      	ldr	r3, [pc, #36]	; (100025a0 <dcd_init+0x8c>)
1000257c:	0252      	lsls	r2, r2, #9
1000257e:	64da      	str	r2, [r3, #76]	; 0x4c
10002580:	bdf8      	pop	{r3, r4, r5, r6, r7, pc}
10002582:	46c0      	nop			; (mov r8, r8)
10002584:	50110000 	.word	0x50110000
10002588:	200004e9 	.word	0x200004e9
1000258c:	20001b38 	.word	0x20001b38
10002590:	50100084 	.word	0x50100084
10002594:	50100100 	.word	0x50100100
10002598:	50100080 	.word	0x50100080
1000259c:	0001d010 	.word	0x0001d010
100025a0:	50112000 	.word	0x50112000

100025a4 <dcd_int_enable>:
100025a4:	b510      	push	{r4, lr}
100025a6:	2101      	movs	r1, #1
100025a8:	2005      	movs	r0, #5
100025aa:	f7fd ff9b 	bl	100004e4 <irq_set_enabled>
100025ae:	bd10      	pop	{r4, pc}

100025b0 <dcd_set_address>:
100025b0:	b510      	push	{r4, lr}
100025b2:	2200      	movs	r2, #0
100025b4:	2100      	movs	r1, #0
100025b6:	4802      	ldr	r0, [pc, #8]	; (100025c0 <dcd_set_address+0x10>)
100025b8:	f000 f914 	bl	100027e4 <hw_endpoint_xfer_start>
100025bc:	bd10      	pop	{r4, pc}
100025be:	46c0      	nop			; (mov r8, r8)
100025c0:	20001b58 	.word	0x20001b58

100025c4 <dcd_sof_enable>:
100025c4:	4b04      	ldr	r3, [pc, #16]	; (100025d8 <dcd_sof_enable+0x14>)
100025c6:	7019      	strb	r1, [r3, #0]
100025c8:	2900      	cmp	r1, #0
100025ca:	d004      	beq.n	100025d6 <dcd_sof_enable+0x12>
100025cc:	2180      	movs	r1, #128	; 0x80
100025ce:	2390      	movs	r3, #144	; 0x90
100025d0:	4a02      	ldr	r2, [pc, #8]	; (100025dc <dcd_sof_enable+0x18>)
100025d2:	0289      	lsls	r1, r1, #10
100025d4:	50d1      	str	r1, [r2, r3]
100025d6:	4770      	bx	lr
100025d8:	20001f86 	.word	0x20001f86
100025dc:	50112000 	.word	0x50112000

100025e0 <dcd_edpt0_status_complete>:
100025e0:	780b      	ldrb	r3, [r1, #0]
100025e2:	065b      	lsls	r3, r3, #25
100025e4:	d102      	bne.n	100025ec <dcd_edpt0_status_complete+0xc>
100025e6:	784b      	ldrb	r3, [r1, #1]
100025e8:	2b05      	cmp	r3, #5
100025ea:	d000      	beq.n	100025ee <dcd_edpt0_status_complete+0xe>
100025ec:	4770      	bx	lr
100025ee:	788a      	ldrb	r2, [r1, #2]
100025f0:	4b01      	ldr	r3, [pc, #4]	; (100025f8 <dcd_edpt0_status_complete+0x18>)
100025f2:	601a      	str	r2, [r3, #0]
100025f4:	e7fa      	b.n	100025ec <dcd_edpt0_status_complete+0xc>
100025f6:	46c0      	nop			; (mov r8, r8)
100025f8:	50110000 	.word	0x50110000

100025fc <dcd_edpt_open>:
100025fc:	b5f0      	push	{r4, r5, r6, r7, lr}
100025fe:	46c6      	mov	lr, r8
10002600:	78c8      	ldrb	r0, [r1, #3]
10002602:	b500      	push	{lr}
10002604:	0780      	lsls	r0, r0, #30
10002606:	0f83      	lsrs	r3, r0, #30
10002608:	0018      	movs	r0, r3
1000260a:	2b01      	cmp	r3, #1
1000260c:	d061      	beq.n	100026d2 <dcd_edpt_open+0xd6>
1000260e:	788f      	ldrb	r7, [r1, #2]
10002610:	790c      	ldrb	r4, [r1, #4]
10002612:	794b      	ldrb	r3, [r1, #5]
10002614:	217f      	movs	r1, #127	; 0x7f
10002616:	021b      	lsls	r3, r3, #8
10002618:	4039      	ands	r1, r7
1000261a:	4323      	orrs	r3, r4
1000261c:	004e      	lsls	r6, r1, #1
1000261e:	09fc      	lsrs	r4, r7, #7
10002620:	4d33      	ldr	r5, [pc, #204]	; (100026f0 <dcd_edpt_open+0xf4>)
10002622:	1932      	adds	r2, r6, r4
10002624:	0152      	lsls	r2, r2, #5
10002626:	18aa      	adds	r2, r5, r2
10002628:	7097      	strb	r7, [r2, #2]
1000262a:	2701      	movs	r7, #1
1000262c:	4067      	eors	r7, r4
1000262e:	7057      	strb	r7, [r2, #1]
10002630:	2700      	movs	r7, #0
10002632:	055b      	lsls	r3, r3, #21
10002634:	0d5b      	lsrs	r3, r3, #21
10002636:	70d7      	strb	r7, [r2, #3]
10002638:	8313      	strh	r3, [r2, #24]
1000263a:	76d0      	strb	r0, [r2, #27]
1000263c:	46b8      	mov	r8, r7
1000263e:	00ca      	lsls	r2, r1, #3
10002640:	2c01      	cmp	r4, #1
10002642:	d032      	beq.n	100026aa <dcd_edpt_open+0xae>
10002644:	4f2b      	ldr	r7, [pc, #172]	; (100026f4 <dcd_edpt_open+0xf8>)
10002646:	46bc      	mov	ip, r7
10002648:	018f      	lsls	r7, r1, #6
1000264a:	4462      	add	r2, ip
1000264c:	46bc      	mov	ip, r7
1000264e:	44ac      	add	ip, r5
10002650:	4667      	mov	r7, ip
10002652:	60ba      	str	r2, [r7, #8]
10002654:	4647      	mov	r7, r8
10002656:	6017      	str	r7, [r2, #0]
10002658:	2900      	cmp	r1, #0
1000265a:	d032      	beq.n	100026c2 <dcd_edpt_open+0xc6>
1000265c:	4a26      	ldr	r2, [pc, #152]	; (100026f8 <dcd_edpt_open+0xfc>)
1000265e:	00c9      	lsls	r1, r1, #3
10002660:	4690      	mov	r8, r2
10002662:	4662      	mov	r2, ip
10002664:	4441      	add	r1, r8
10002666:	6051      	str	r1, [r2, #4]
10002668:	223f      	movs	r2, #63	; 0x3f
1000266a:	333f      	adds	r3, #63	; 0x3f
1000266c:	4393      	bics	r3, r2
1000266e:	2802      	cmp	r0, #2
10002670:	d038      	beq.n	100026e4 <dcd_edpt_open+0xe8>
10002672:	4922      	ldr	r1, [pc, #136]	; (100026fc <dcd_edpt_open+0x100>)
10002674:	1937      	adds	r7, r6, r4
10002676:	680a      	ldr	r2, [r1, #0]
10002678:	017f      	lsls	r7, r7, #5
1000267a:	18d3      	adds	r3, r2, r3
1000267c:	600b      	str	r3, [r1, #0]
1000267e:	4920      	ldr	r1, [pc, #128]	; (10002700 <dcd_edpt_open+0x104>)
10002680:	19ef      	adds	r7, r5, r7
10002682:	60fa      	str	r2, [r7, #12]
10002684:	428b      	cmp	r3, r1
10002686:	d82f      	bhi.n	100026e8 <dcd_edpt_open+0xec>
10002688:	1934      	adds	r4, r6, r4
1000268a:	0164      	lsls	r4, r4, #5
1000268c:	192d      	adds	r5, r5, r4
1000268e:	7eeb      	ldrb	r3, [r5, #27]
10002690:	491c      	ldr	r1, [pc, #112]	; (10002704 <dcd_edpt_open+0x108>)
10002692:	069b      	lsls	r3, r3, #26
10002694:	404a      	eors	r2, r1
10002696:	4313      	orrs	r3, r2
10002698:	2280      	movs	r2, #128	; 0x80
1000269a:	2001      	movs	r0, #1
1000269c:	0612      	lsls	r2, r2, #24
1000269e:	4313      	orrs	r3, r2
100026a0:	686a      	ldr	r2, [r5, #4]
100026a2:	6013      	str	r3, [r2, #0]
100026a4:	bc80      	pop	{r7}
100026a6:	46b8      	mov	r8, r7
100026a8:	bdf0      	pop	{r4, r5, r6, r7, pc}
100026aa:	4f17      	ldr	r7, [pc, #92]	; (10002708 <dcd_edpt_open+0x10c>)
100026ac:	46bc      	mov	ip, r7
100026ae:	018f      	lsls	r7, r1, #6
100026b0:	4462      	add	r2, ip
100026b2:	46bc      	mov	ip, r7
100026b4:	44ac      	add	ip, r5
100026b6:	4667      	mov	r7, ip
100026b8:	62ba      	str	r2, [r7, #40]	; 0x28
100026ba:	4647      	mov	r7, r8
100026bc:	6017      	str	r7, [r2, #0]
100026be:	2900      	cmp	r1, #0
100026c0:	d109      	bne.n	100026d6 <dcd_edpt_open+0xda>
100026c2:	2300      	movs	r3, #0
100026c4:	0164      	lsls	r4, r4, #5
100026c6:	192d      	adds	r5, r5, r4
100026c8:	606b      	str	r3, [r5, #4]
100026ca:	4b10      	ldr	r3, [pc, #64]	; (1000270c <dcd_edpt_open+0x110>)
100026cc:	2001      	movs	r0, #1
100026ce:	60eb      	str	r3, [r5, #12]
100026d0:	e7e8      	b.n	100026a4 <dcd_edpt_open+0xa8>
100026d2:	2000      	movs	r0, #0
100026d4:	e7e6      	b.n	100026a4 <dcd_edpt_open+0xa8>
100026d6:	4a0b      	ldr	r2, [pc, #44]	; (10002704 <dcd_edpt_open+0x108>)
100026d8:	00c9      	lsls	r1, r1, #3
100026da:	4690      	mov	r8, r2
100026dc:	4662      	mov	r2, ip
100026de:	4441      	add	r1, r8
100026e0:	6251      	str	r1, [r2, #36]	; 0x24
100026e2:	e7c1      	b.n	10002668 <dcd_edpt_open+0x6c>
100026e4:	005b      	lsls	r3, r3, #1
100026e6:	e7c4      	b.n	10002672 <dcd_edpt_open+0x76>
100026e8:	f7fe ff70 	bl	100015cc <hard_assertion_failure>
100026ec:	68fa      	ldr	r2, [r7, #12]
100026ee:	e7cb      	b.n	10002688 <dcd_edpt_open+0x8c>
100026f0:	20001b38 	.word	0x20001b38
100026f4:	50100084 	.word	0x50100084
100026f8:	50100004 	.word	0x50100004
100026fc:	20001f40 	.word	0x20001f40
10002700:	50100fff 	.word	0x50100fff
10002704:	50100000 	.word	0x50100000
10002708:	50100080 	.word	0x50100080
1000270c:	50100100 	.word	0x50100100

10002710 <dcd_edpt_close_all>:
10002710:	b510      	push	{r4, lr}
10002712:	f001 ff41 	bl	10004598 <__reset_non_control_endpoints_veneer>
10002716:	bd10      	pop	{r4, pc}

10002718 <dcd_edpt_xfer>:
10002718:	b510      	push	{r4, lr}
1000271a:	207f      	movs	r0, #127	; 0x7f
1000271c:	000c      	movs	r4, r1
1000271e:	4020      	ands	r0, r4
10002720:	0040      	lsls	r0, r0, #1
10002722:	09e4      	lsrs	r4, r4, #7
10002724:	0011      	movs	r1, r2
10002726:	1900      	adds	r0, r0, r4
10002728:	001a      	movs	r2, r3
1000272a:	4b03      	ldr	r3, [pc, #12]	; (10002738 <dcd_edpt_xfer+0x20>)
1000272c:	0140      	lsls	r0, r0, #5
1000272e:	18c0      	adds	r0, r0, r3
10002730:	f000 f858 	bl	100027e4 <hw_endpoint_xfer_start>
10002734:	2001      	movs	r0, #1
10002736:	bd10      	pop	{r4, pc}
10002738:	20001b38 	.word	0x20001b38

1000273c <dcd_edpt_stall>:
1000273c:	227f      	movs	r2, #127	; 0x7f
1000273e:	0013      	movs	r3, r2
10002740:	b510      	push	{r4, lr}
10002742:	400b      	ands	r3, r1
10002744:	420a      	tst	r2, r1
10002746:	d00b      	beq.n	10002760 <dcd_edpt_stall+0x24>
10002748:	09c9      	lsrs	r1, r1, #7
1000274a:	2280      	movs	r2, #128	; 0x80
1000274c:	0058      	lsls	r0, r3, #1
1000274e:	1840      	adds	r0, r0, r1
10002750:	4906      	ldr	r1, [pc, #24]	; (1000276c <dcd_edpt_stall+0x30>)
10002752:	0140      	lsls	r0, r0, #5
10002754:	1840      	adds	r0, r0, r1
10002756:	0112      	lsls	r2, r2, #4
10002758:	2100      	movs	r1, #0
1000275a:	f001 ff75 	bl	10004648 <___hw_endpoint_buffer_control_update32_veneer>
1000275e:	bd10      	pop	{r4, pc}
10002760:	2202      	movs	r2, #2
10002762:	4803      	ldr	r0, [pc, #12]	; (10002770 <dcd_edpt_stall+0x34>)
10002764:	09c9      	lsrs	r1, r1, #7
10002766:	1a52      	subs	r2, r2, r1
10002768:	6682      	str	r2, [r0, #104]	; 0x68
1000276a:	e7ee      	b.n	1000274a <dcd_edpt_stall+0xe>
1000276c:	20001b38 	.word	0x20001b38
10002770:	50112000 	.word	0x50112000

10002774 <dcd_edpt_clear_stall>:
10002774:	227f      	movs	r2, #127	; 0x7f
10002776:	0010      	movs	r0, r2
10002778:	b510      	push	{r4, lr}
1000277a:	4008      	ands	r0, r1
1000277c:	420a      	tst	r2, r1
1000277e:	d100      	bne.n	10002782 <dcd_edpt_clear_stall+0xe>
10002780:	bd10      	pop	{r4, pc}
10002782:	2300      	movs	r3, #0
10002784:	09c9      	lsrs	r1, r1, #7
10002786:	0040      	lsls	r0, r0, #1
10002788:	1840      	adds	r0, r0, r1
1000278a:	4904      	ldr	r1, [pc, #16]	; (1000279c <dcd_edpt_clear_stall+0x28>)
1000278c:	0140      	lsls	r0, r0, #5
1000278e:	1808      	adds	r0, r1, r0
10002790:	2200      	movs	r2, #0
10002792:	4903      	ldr	r1, [pc, #12]	; (100027a0 <dcd_edpt_clear_stall+0x2c>)
10002794:	70c3      	strb	r3, [r0, #3]
10002796:	f001 ff57 	bl	10004648 <___hw_endpoint_buffer_control_update32_veneer>
1000279a:	e7f1      	b.n	10002780 <dcd_edpt_clear_stall+0xc>
1000279c:	20001b38 	.word	0x20001b38
100027a0:	fffff7ff 	.word	0xfffff7ff

100027a4 <rp2040_usb_init>:
100027a4:	2280      	movs	r2, #128	; 0x80
100027a6:	4b0a      	ldr	r3, [pc, #40]	; (100027d0 <rp2040_usb_init+0x2c>)
100027a8:	0452      	lsls	r2, r2, #17
100027aa:	b510      	push	{r4, lr}
100027ac:	601a      	str	r2, [r3, #0]
100027ae:	4b09      	ldr	r3, [pc, #36]	; (100027d4 <rp2040_usb_init+0x30>)
100027b0:	4909      	ldr	r1, [pc, #36]	; (100027d8 <rp2040_usb_init+0x34>)
100027b2:	601a      	str	r2, [r3, #0]
100027b4:	0010      	movs	r0, r2
100027b6:	680b      	ldr	r3, [r1, #0]
100027b8:	4398      	bics	r0, r3
100027ba:	d1fb      	bne.n	100027b4 <rp2040_usb_init+0x10>
100027bc:	2280      	movs	r2, #128	; 0x80
100027be:	2100      	movs	r1, #0
100027c0:	0152      	lsls	r2, r2, #5
100027c2:	4806      	ldr	r0, [pc, #24]	; (100027dc <rp2040_usb_init+0x38>)
100027c4:	f7ff f8d6 	bl	10001974 <__wrap_memset>
100027c8:	2209      	movs	r2, #9
100027ca:	4b05      	ldr	r3, [pc, #20]	; (100027e0 <rp2040_usb_init+0x3c>)
100027cc:	675a      	str	r2, [r3, #116]	; 0x74
100027ce:	bd10      	pop	{r4, pc}
100027d0:	4000e000 	.word	0x4000e000
100027d4:	4000f000 	.word	0x4000f000
100027d8:	4000c008 	.word	0x4000c008
100027dc:	50100000 	.word	0x50100000
100027e0:	50110000 	.word	0x50110000

100027e4 <hw_endpoint_xfer_start>:
100027e4:	b570      	push	{r4, r5, r6, lr}
100027e6:	7e83      	ldrb	r3, [r0, #26]
100027e8:	0004      	movs	r4, r0
100027ea:	000d      	movs	r5, r1
100027ec:	0016      	movs	r6, r2
100027ee:	2b00      	cmp	r3, #0
100027f0:	d117      	bne.n	10002822 <hw_endpoint_xfer_start+0x3e>
100027f2:	2300      	movs	r3, #0
100027f4:	82e3      	strh	r3, [r4, #22]
100027f6:	3301      	adds	r3, #1
100027f8:	0020      	movs	r0, r4
100027fa:	82a6      	strh	r6, [r4, #20]
100027fc:	76a3      	strb	r3, [r4, #26]
100027fe:	6125      	str	r5, [r4, #16]
10002800:	f001 fefa 	bl	100045f8 <__e15_is_bulkin_ep_veneer>
10002804:	2800      	cmp	r0, #0
10002806:	d004      	beq.n	10002812 <hw_endpoint_xfer_start+0x2e>
10002808:	2180      	movs	r1, #128	; 0x80
1000280a:	2390      	movs	r3, #144	; 0x90
1000280c:	4a08      	ldr	r2, [pc, #32]	; (10002830 <hw_endpoint_xfer_start+0x4c>)
1000280e:	0289      	lsls	r1, r1, #10
10002810:	50d1      	str	r1, [r2, r3]
10002812:	0020      	movs	r0, r4
10002814:	f001 fef8 	bl	10004608 <__e15_is_critical_frame_period_veneer>
10002818:	2800      	cmp	r0, #0
1000281a:	d005      	beq.n	10002828 <hw_endpoint_xfer_start+0x44>
1000281c:	2301      	movs	r3, #1
1000281e:	7723      	strb	r3, [r4, #28]
10002820:	bd70      	pop	{r4, r5, r6, pc}
10002822:	f001 ff09 	bl	10004638 <__hw_endpoint_reset_transfer_veneer>
10002826:	e7e4      	b.n	100027f2 <hw_endpoint_xfer_start+0xe>
10002828:	0020      	movs	r0, r4
1000282a:	f001 fefd 	bl	10004628 <__hw_endpoint_start_next_buffer_veneer>
1000282e:	e7f7      	b.n	10002820 <hw_endpoint_xfer_start+0x3c>
10002830:	50112000 	.word	0x50112000

10002834 <tud_event_hook_cb>:
10002834:	4770      	bx	lr
10002836:	46c0      	nop			; (mov r8, r8)

10002838 <tud_sof_cb>:
10002838:	4770      	bx	lr
1000283a:	46c0      	nop			; (mov r8, r8)

1000283c <tud_descriptor_device_qualifier_cb>:
1000283c:	2000      	movs	r0, #0
1000283e:	4770      	bx	lr

10002840 <tud_descriptor_other_speed_configuration_cb>:
10002840:	2000      	movs	r0, #0
10002842:	4770      	bx	lr

10002844 <tud_mount_cb>:
10002844:	4770      	bx	lr
10002846:	46c0      	nop			; (mov r8, r8)

10002848 <tud_umount_cb>:
10002848:	4770      	bx	lr
1000284a:	46c0      	nop			; (mov r8, r8)

1000284c <tud_suspend_cb>:
1000284c:	4770      	bx	lr
1000284e:	46c0      	nop			; (mov r8, r8)

10002850 <tud_resume_cb>:
10002850:	4770      	bx	lr
10002852:	46c0      	nop			; (mov r8, r8)

10002854 <tud_mounted>:
10002854:	4b02      	ldr	r3, [pc, #8]	; (10002860 <tud_mounted+0xc>)
10002856:	7858      	ldrb	r0, [r3, #1]
10002858:	1e43      	subs	r3, r0, #1
1000285a:	4198      	sbcs	r0, r3
1000285c:	b2c0      	uxtb	r0, r0
1000285e:	4770      	bx	lr
10002860:	200015e4 	.word	0x200015e4

10002864 <tud_suspended>:
10002864:	4b02      	ldr	r3, [pc, #8]	; (10002870 <tud_suspended+0xc>)
10002866:	7818      	ldrb	r0, [r3, #0]
10002868:	0740      	lsls	r0, r0, #29
1000286a:	0fc0      	lsrs	r0, r0, #31
1000286c:	4770      	bx	lr
1000286e:	46c0      	nop			; (mov r8, r8)
10002870:	200015e4 	.word	0x200015e4

10002874 <tud_rhport_init>:
10002874:	b5f0      	push	{r4, r5, r6, r7, lr}
10002876:	4646      	mov	r6, r8
10002878:	464f      	mov	r7, r9
1000287a:	46d6      	mov	lr, sl
1000287c:	b5c0      	push	{r6, r7, lr}
1000287e:	4b2f      	ldr	r3, [pc, #188]	; (1000293c <tud_rhport_init+0xc8>)
10002880:	4681      	mov	r9, r0
10002882:	4698      	mov	r8, r3
10002884:	781b      	ldrb	r3, [r3, #0]
10002886:	000e      	movs	r6, r1
10002888:	2401      	movs	r4, #1
1000288a:	2bff      	cmp	r3, #255	; 0xff
1000288c:	d143      	bne.n	10002916 <tud_rhport_init+0xa2>
1000288e:	2900      	cmp	r1, #0
10002890:	d040      	beq.n	10002914 <tud_rhport_init+0xa0>
10002892:	2100      	movs	r1, #0
10002894:	2254      	movs	r2, #84	; 0x54
10002896:	482a      	ldr	r0, [pc, #168]	; (10002940 <tud_rhport_init+0xcc>)
10002898:	f7ff f86c 	bl	10001974 <__wrap_memset>
1000289c:	2200      	movs	r2, #0
1000289e:	4c29      	ldr	r4, [pc, #164]	; (10002944 <tud_rhport_init+0xd0>)
100028a0:	4b29      	ldr	r3, [pc, #164]	; (10002948 <tud_rhport_init+0xd4>)
100028a2:	0020      	movs	r0, r4
100028a4:	701a      	strb	r2, [r3, #0]
100028a6:	f7fe f815 	bl	100008d4 <mutex_init>
100028aa:	4b28      	ldr	r3, [pc, #160]	; (1000294c <tud_rhport_init+0xd8>)
100028ac:	601c      	str	r4, [r3, #0]
100028ae:	4c28      	ldr	r4, [pc, #160]	; (10002950 <tud_rhport_init+0xdc>)
100028b0:	0020      	movs	r0, r4
100028b2:	3014      	adds	r0, #20
100028b4:	f7fe f81c 	bl	100008f0 <critical_section_init>
100028b8:	0020      	movs	r0, r4
100028ba:	f001 fdf7 	bl	100044ac <tu_fifo_clear>
100028be:	4b25      	ldr	r3, [pc, #148]	; (10002954 <tud_rhport_init+0xe0>)
100028c0:	4d25      	ldr	r5, [pc, #148]	; (10002958 <tud_rhport_init+0xe4>)
100028c2:	601c      	str	r4, [r3, #0]
100028c4:	4b25      	ldr	r3, [pc, #148]	; (1000295c <tud_rhport_init+0xe8>)
100028c6:	2b00      	cmp	r3, #0
100028c8:	d004      	beq.n	100028d4 <tud_rhport_init+0x60>
100028ca:	0028      	movs	r0, r5
100028cc:	f7ff fab6 	bl	10001e3c <usbd_app_driver_get_cb>
100028d0:	4b23      	ldr	r3, [pc, #140]	; (10002960 <tud_rhport_init+0xec>)
100028d2:	6018      	str	r0, [r3, #0]
100028d4:	4923      	ldr	r1, [pc, #140]	; (10002964 <tud_rhport_init+0xf0>)
100028d6:	2400      	movs	r4, #0
100028d8:	2300      	movs	r3, #0
100028da:	468a      	mov	sl, r1
100028dc:	782a      	ldrb	r2, [r5, #0]
100028de:	4f20      	ldr	r7, [pc, #128]	; (10002960 <tud_rhport_init+0xec>)
100028e0:	e010      	b.n	10002904 <tud_rhport_init+0x90>
100028e2:	683a      	ldr	r2, [r7, #0]
100028e4:	0163      	lsls	r3, r4, #5
100028e6:	4694      	mov	ip, r2
100028e8:	4463      	add	r3, ip
100028ea:	2b00      	cmp	r3, #0
100028ec:	d012      	beq.n	10002914 <tud_rhport_init+0xa0>
100028ee:	685b      	ldr	r3, [r3, #4]
100028f0:	2b00      	cmp	r3, #0
100028f2:	d00f      	beq.n	10002914 <tud_rhport_init+0xa0>
100028f4:	4798      	blx	r3
100028f6:	782a      	ldrb	r2, [r5, #0]
100028f8:	3401      	adds	r4, #1
100028fa:	b2e4      	uxtb	r4, r4
100028fc:	1c51      	adds	r1, r2, #1
100028fe:	0023      	movs	r3, r4
10002900:	42a1      	cmp	r1, r4
10002902:	db0e      	blt.n	10002922 <tud_rhport_init+0xae>
10002904:	42a2      	cmp	r2, r4
10002906:	d8ec      	bhi.n	100028e2 <tud_rhport_init+0x6e>
10002908:	1a9b      	subs	r3, r3, r2
1000290a:	015b      	lsls	r3, r3, #5
1000290c:	4453      	add	r3, sl
1000290e:	685b      	ldr	r3, [r3, #4]
10002910:	2b00      	cmp	r3, #0
10002912:	d1ef      	bne.n	100028f4 <tud_rhport_init+0x80>
10002914:	2400      	movs	r4, #0
10002916:	0020      	movs	r0, r4
10002918:	bce0      	pop	{r5, r6, r7}
1000291a:	46ba      	mov	sl, r7
1000291c:	46b1      	mov	r9, r6
1000291e:	46a8      	mov	r8, r5
10002920:	bdf0      	pop	{r4, r5, r6, r7, pc}
10002922:	4643      	mov	r3, r8
10002924:	464a      	mov	r2, r9
10002926:	0031      	movs	r1, r6
10002928:	4648      	mov	r0, r9
1000292a:	701a      	strb	r2, [r3, #0]
1000292c:	f7ff fdf2 	bl	10002514 <dcd_init>
10002930:	1e04      	subs	r4, r0, #0
10002932:	d0ef      	beq.n	10002914 <tud_rhport_init+0xa0>
10002934:	4648      	mov	r0, r9
10002936:	f7ff fe35 	bl	100025a4 <dcd_int_enable>
1000293a:	e7ec      	b.n	10002916 <tud_rhport_init+0xa2>
1000293c:	20001084 	.word	0x20001084
10002940:	200015e4 	.word	0x200015e4
10002944:	200015dc 	.word	0x200015dc
10002948:	20001f87 	.word	0x20001f87
1000294c:	20001638 	.word	0x20001638
10002950:	20001068 	.word	0x20001068
10002954:	2000163c 	.word	0x2000163c
10002958:	20001f85 	.word	0x20001f85
1000295c:	10001e3d 	.word	0x10001e3d
10002960:	20001434 	.word	0x20001434
10002964:	10004a6c 	.word	0x10004a6c

10002968 <tud_task_ext>:
10002968:	b5f0      	push	{r4, r5, r6, r7, lr}
1000296a:	46de      	mov	lr, fp
1000296c:	4657      	mov	r7, sl
1000296e:	464e      	mov	r6, r9
10002970:	4645      	mov	r5, r8
10002972:	b5e0      	push	{r5, r6, r7, lr}
10002974:	4bc4      	ldr	r3, [pc, #784]	; (10002c88 <tud_task_ext+0x320>)
10002976:	b08b      	sub	sp, #44	; 0x2c
10002978:	781b      	ldrb	r3, [r3, #0]
1000297a:	2bff      	cmp	r3, #255	; 0xff
1000297c:	d100      	bne.n	10002980 <tud_task_ext+0x18>
1000297e:	e12e      	b.n	10002bde <tud_task_ext+0x276>
10002980:	4bc2      	ldr	r3, [pc, #776]	; (10002c8c <tud_task_ext+0x324>)
10002982:	4dc3      	ldr	r5, [pc, #780]	; (10002c90 <tud_task_ext+0x328>)
10002984:	469a      	mov	sl, r3
10002986:	ac07      	add	r4, sp, #28
10002988:	682e      	ldr	r6, [r5, #0]
1000298a:	6972      	ldr	r2, [r6, #20]
1000298c:	f3ef 8110 	mrs	r1, PRIMASK
10002990:	b672      	cpsid	i
10002992:	6813      	ldr	r3, [r2, #0]
10002994:	2b00      	cmp	r3, #0
10002996:	d0fc      	beq.n	10002992 <tud_task_ext+0x2a>
10002998:	f3bf 8f5f 	dmb	sy
1000299c:	61b1      	str	r1, [r6, #24]
1000299e:	0030      	movs	r0, r6
100029a0:	0021      	movs	r1, r4
100029a2:	f001 fbc5 	bl	10004130 <tu_fifo_read>
100029a6:	6972      	ldr	r2, [r6, #20]
100029a8:	69b3      	ldr	r3, [r6, #24]
100029aa:	f3bf 8f5f 	dmb	sy
100029ae:	2100      	movs	r1, #0
100029b0:	6011      	str	r1, [r2, #0]
100029b2:	f383 8810 	msr	PRIMASK, r3
100029b6:	2800      	cmp	r0, #0
100029b8:	d100      	bne.n	100029bc <tud_task_ext+0x54>
100029ba:	e110      	b.n	10002bde <tud_task_ext+0x276>
100029bc:	7863      	ldrb	r3, [r4, #1]
100029be:	2b08      	cmp	r3, #8
100029c0:	d8e2      	bhi.n	10002988 <tud_task_ext+0x20>
100029c2:	4652      	mov	r2, sl
100029c4:	009b      	lsls	r3, r3, #2
100029c6:	58d3      	ldr	r3, [r2, r3]
100029c8:	469f      	mov	pc, r3
100029ca:	6863      	ldr	r3, [r4, #4]
100029cc:	2b00      	cmp	r3, #0
100029ce:	d0db      	beq.n	10002988 <tud_task_ext+0x20>
100029d0:	68a0      	ldr	r0, [r4, #8]
100029d2:	4798      	blx	r3
100029d4:	e7d8      	b.n	10002988 <tud_task_ext+0x20>
100029d6:	237f      	movs	r3, #127	; 0x7f
100029d8:	7921      	ldrb	r1, [r4, #4]
100029da:	4eae      	ldr	r6, [pc, #696]	; (10002c94 <tud_task_ext+0x32c>)
100029dc:	400b      	ands	r3, r1
100029de:	0058      	lsls	r0, r3, #1
100029e0:	09ca      	lsrs	r2, r1, #7
100029e2:	1836      	adds	r6, r6, r0
100029e4:	18b6      	adds	r6, r6, r2
100029e6:	0032      	movs	r2, r6
100029e8:	2701      	movs	r7, #1
100029ea:	3230      	adds	r2, #48	; 0x30
100029ec:	7910      	ldrb	r0, [r2, #4]
100029ee:	43b8      	bics	r0, r7
100029f0:	7110      	strb	r0, [r2, #4]
100029f2:	7910      	ldrb	r0, [r2, #4]
100029f4:	3703      	adds	r7, #3
100029f6:	43b8      	bics	r0, r7
100029f8:	7110      	strb	r0, [r2, #4]
100029fa:	2b00      	cmp	r3, #0
100029fc:	d100      	bne.n	10002a00 <tud_task_ext+0x98>
100029fe:	e0f7      	b.n	10002bf0 <tud_task_ext+0x288>
10002a00:	4aa5      	ldr	r2, [pc, #660]	; (10002c98 <tud_task_ext+0x330>)
10002a02:	7d33      	ldrb	r3, [r6, #20]
10002a04:	7812      	ldrb	r2, [r2, #0]
10002a06:	4293      	cmp	r3, r2
10002a08:	d300      	bcc.n	10002a0c <tud_task_ext+0xa4>
10002a0a:	e0e5      	b.n	10002bd8 <tud_task_ext+0x270>
10002a0c:	4aa3      	ldr	r2, [pc, #652]	; (10002c9c <tud_task_ext+0x334>)
10002a0e:	015b      	lsls	r3, r3, #5
10002a10:	6812      	ldr	r2, [r2, #0]
10002a12:	18d3      	adds	r3, r2, r3
10002a14:	2b00      	cmp	r3, #0
10002a16:	d100      	bne.n	10002a1a <tud_task_ext+0xb2>
10002a18:	e0e1      	b.n	10002bde <tud_task_ext+0x276>
10002a1a:	699e      	ldr	r6, [r3, #24]
10002a1c:	7962      	ldrb	r2, [r4, #5]
10002a1e:	7820      	ldrb	r0, [r4, #0]
10002a20:	68a3      	ldr	r3, [r4, #8]
10002a22:	47b0      	blx	r6
10002a24:	e7b0      	b.n	10002988 <tud_task_ext+0x20>
10002a26:	4a9e      	ldr	r2, [pc, #632]	; (10002ca0 <tud_task_ext+0x338>)
10002a28:	7813      	ldrb	r3, [r2, #0]
10002a2a:	2b00      	cmp	r3, #0
10002a2c:	d100      	bne.n	10002a30 <tud_task_ext+0xc8>
10002a2e:	e0d6      	b.n	10002bde <tud_task_ext+0x276>
10002a30:	7813      	ldrb	r3, [r2, #0]
10002a32:	3b01      	subs	r3, #1
10002a34:	b2db      	uxtb	r3, r3
10002a36:	7013      	strb	r3, [r2, #0]
10002a38:	7813      	ldrb	r3, [r2, #0]
10002a3a:	2b00      	cmp	r3, #0
10002a3c:	d1a4      	bne.n	10002988 <tud_task_ext+0x20>
10002a3e:	2201      	movs	r2, #1
10002a40:	4b94      	ldr	r3, [pc, #592]	; (10002c94 <tud_task_ext+0x32c>)
10002a42:	2101      	movs	r1, #1
10002a44:	781b      	ldrb	r3, [r3, #0]
10002a46:	4893      	ldr	r0, [pc, #588]	; (10002c94 <tud_task_ext+0x32c>)
10002a48:	4313      	orrs	r3, r2
10002a4a:	4a92      	ldr	r2, [pc, #584]	; (10002c94 <tud_task_ext+0x32c>)
10002a4c:	4e91      	ldr	r6, [pc, #580]	; (10002c94 <tud_task_ext+0x32c>)
10002a4e:	7013      	strb	r3, [r2, #0]
10002a50:	2334      	movs	r3, #52	; 0x34
10002a52:	5cd2      	ldrb	r2, [r2, r3]
10002a54:	438a      	bics	r2, r1
10002a56:	54c2      	strb	r2, [r0, r3]
10002a58:	5cc2      	ldrb	r2, [r0, r3]
10002a5a:	2004      	movs	r0, #4
10002a5c:	4382      	bics	r2, r0
10002a5e:	54f2      	strb	r2, [r6, r3]
10002a60:	3301      	adds	r3, #1
10002a62:	5cf2      	ldrb	r2, [r6, r3]
10002a64:	438a      	bics	r2, r1
10002a66:	54f2      	strb	r2, [r6, r3]
10002a68:	5cf2      	ldrb	r2, [r6, r3]
10002a6a:	4382      	bics	r2, r0
10002a6c:	54f2      	strb	r2, [r6, r3]
10002a6e:	7823      	ldrb	r3, [r4, #0]
10002a70:	2000      	movs	r0, #0
10002a72:	469b      	mov	fp, r3
10002a74:	f000 fcae 	bl	100033d4 <usbd_control_set_complete_callback>
10002a78:	2260      	movs	r2, #96	; 0x60
10002a7a:	7923      	ldrb	r3, [r4, #4]
10002a7c:	401a      	ands	r2, r3
10002a7e:	2a60      	cmp	r2, #96	; 0x60
10002a80:	d00d      	beq.n	10002a9e <tud_task_ext+0x136>
10002a82:	2a40      	cmp	r2, #64	; 0x40
10002a84:	d100      	bne.n	10002a88 <tud_task_ext+0x120>
10002a86:	e0be      	b.n	10002c06 <tud_task_ext+0x29e>
10002a88:	06db      	lsls	r3, r3, #27
10002a8a:	0edb      	lsrs	r3, r3, #27
10002a8c:	2b01      	cmp	r3, #1
10002a8e:	d100      	bne.n	10002a92 <tud_task_ext+0x12a>
10002a90:	e10e      	b.n	10002cb0 <tud_task_ext+0x348>
10002a92:	2b02      	cmp	r3, #2
10002a94:	d100      	bne.n	10002a98 <tud_task_ext+0x130>
10002a96:	e0d0      	b.n	10002c3a <tud_task_ext+0x2d2>
10002a98:	2b00      	cmp	r3, #0
10002a9a:	d100      	bne.n	10002a9e <tud_task_ext+0x136>
10002a9c:	e0bf      	b.n	10002c1e <tud_task_ext+0x2b6>
10002a9e:	7820      	ldrb	r0, [r4, #0]
10002aa0:	2100      	movs	r1, #0
10002aa2:	f7ff fe4b 	bl	1000273c <dcd_edpt_stall>
10002aa6:	2180      	movs	r1, #128	; 0x80
10002aa8:	7820      	ldrb	r0, [r4, #0]
10002aaa:	f7ff fe47 	bl	1000273c <dcd_edpt_stall>
10002aae:	e76b      	b.n	10002988 <tud_task_ext+0x20>
10002ab0:	4e78      	ldr	r6, [pc, #480]	; (10002c94 <tud_task_ext+0x32c>)
10002ab2:	7833      	ldrb	r3, [r6, #0]
10002ab4:	07db      	lsls	r3, r3, #31
10002ab6:	d400      	bmi.n	10002aba <tud_task_ext+0x152>
10002ab8:	e766      	b.n	10002988 <tud_task_ext+0x20>
10002aba:	f7ff fec9 	bl	10002850 <tud_resume_cb>
10002abe:	e763      	b.n	10002988 <tud_task_ext+0x20>
10002ac0:	4b74      	ldr	r3, [pc, #464]	; (10002c94 <tud_task_ext+0x32c>)
10002ac2:	78db      	ldrb	r3, [r3, #3]
10002ac4:	07db      	lsls	r3, r3, #31
10002ac6:	d400      	bmi.n	10002aca <tud_task_ext+0x162>
10002ac8:	e75e      	b.n	10002988 <tud_task_ext+0x20>
10002aca:	6860      	ldr	r0, [r4, #4]
10002acc:	f7ff feb4 	bl	10002838 <tud_sof_cb>
10002ad0:	e75a      	b.n	10002988 <tud_task_ext+0x20>
10002ad2:	4e70      	ldr	r6, [pc, #448]	; (10002c94 <tud_task_ext+0x32c>)
10002ad4:	7833      	ldrb	r3, [r6, #0]
10002ad6:	07db      	lsls	r3, r3, #31
10002ad8:	d400      	bmi.n	10002adc <tud_task_ext+0x174>
10002ada:	e755      	b.n	10002988 <tud_task_ext+0x20>
10002adc:	7830      	ldrb	r0, [r6, #0]
10002ade:	0700      	lsls	r0, r0, #28
10002ae0:	0fc0      	lsrs	r0, r0, #31
10002ae2:	f7ff feb3 	bl	1000284c <tud_suspend_cb>
10002ae6:	e74f      	b.n	10002988 <tud_task_ext+0x20>
10002ae8:	496e      	ldr	r1, [pc, #440]	; (10002ca4 <tud_task_ext+0x33c>)
10002aea:	4e6b      	ldr	r6, [pc, #428]	; (10002c98 <tud_task_ext+0x330>)
10002aec:	7823      	ldrb	r3, [r4, #0]
10002aee:	468b      	mov	fp, r1
10002af0:	496a      	ldr	r1, [pc, #424]	; (10002c9c <tud_task_ext+0x334>)
10002af2:	4698      	mov	r8, r3
10002af4:	4689      	mov	r9, r1
10002af6:	0031      	movs	r1, r6
10002af8:	7832      	ldrb	r2, [r6, #0]
10002afa:	2300      	movs	r3, #0
10002afc:	4646      	mov	r6, r8
10002afe:	2700      	movs	r7, #0
10002b00:	4688      	mov	r8, r1
10002b02:	e011      	b.n	10002b28 <tud_task_ext+0x1c0>
10002b04:	464a      	mov	r2, r9
10002b06:	6812      	ldr	r2, [r2, #0]
10002b08:	017b      	lsls	r3, r7, #5
10002b0a:	4694      	mov	ip, r2
10002b0c:	4463      	add	r3, ip
10002b0e:	2b00      	cmp	r3, #0
10002b10:	d06c      	beq.n	10002bec <tud_task_ext+0x284>
10002b12:	68db      	ldr	r3, [r3, #12]
10002b14:	0030      	movs	r0, r6
10002b16:	4798      	blx	r3
10002b18:	4643      	mov	r3, r8
10002b1a:	781a      	ldrb	r2, [r3, #0]
10002b1c:	3701      	adds	r7, #1
10002b1e:	b2ff      	uxtb	r7, r7
10002b20:	1c51      	adds	r1, r2, #1
10002b22:	003b      	movs	r3, r7
10002b24:	428f      	cmp	r7, r1
10002b26:	dc41      	bgt.n	10002bac <tud_task_ext+0x244>
10002b28:	4297      	cmp	r7, r2
10002b2a:	d3eb      	bcc.n	10002b04 <tud_task_ext+0x19c>
10002b2c:	1a9b      	subs	r3, r3, r2
10002b2e:	015b      	lsls	r3, r3, #5
10002b30:	445b      	add	r3, fp
10002b32:	e7ee      	b.n	10002b12 <tud_task_ext+0x1aa>
10002b34:	495b      	ldr	r1, [pc, #364]	; (10002ca4 <tud_task_ext+0x33c>)
10002b36:	4e58      	ldr	r6, [pc, #352]	; (10002c98 <tud_task_ext+0x330>)
10002b38:	7823      	ldrb	r3, [r4, #0]
10002b3a:	468b      	mov	fp, r1
10002b3c:	4957      	ldr	r1, [pc, #348]	; (10002c9c <tud_task_ext+0x334>)
10002b3e:	4698      	mov	r8, r3
10002b40:	4689      	mov	r9, r1
10002b42:	0031      	movs	r1, r6
10002b44:	7832      	ldrb	r2, [r6, #0]
10002b46:	2300      	movs	r3, #0
10002b48:	4646      	mov	r6, r8
10002b4a:	2700      	movs	r7, #0
10002b4c:	4688      	mov	r8, r1
10002b4e:	e011      	b.n	10002b74 <tud_task_ext+0x20c>
10002b50:	464a      	mov	r2, r9
10002b52:	6812      	ldr	r2, [r2, #0]
10002b54:	017b      	lsls	r3, r7, #5
10002b56:	4694      	mov	ip, r2
10002b58:	4463      	add	r3, ip
10002b5a:	2b00      	cmp	r3, #0
10002b5c:	d021      	beq.n	10002ba2 <tud_task_ext+0x23a>
10002b5e:	68db      	ldr	r3, [r3, #12]
10002b60:	0030      	movs	r0, r6
10002b62:	4798      	blx	r3
10002b64:	4643      	mov	r3, r8
10002b66:	781a      	ldrb	r2, [r3, #0]
10002b68:	3701      	adds	r7, #1
10002b6a:	b2ff      	uxtb	r7, r7
10002b6c:	1c51      	adds	r1, r2, #1
10002b6e:	003b      	movs	r3, r7
10002b70:	428f      	cmp	r7, r1
10002b72:	dc05      	bgt.n	10002b80 <tud_task_ext+0x218>
10002b74:	42ba      	cmp	r2, r7
10002b76:	d8eb      	bhi.n	10002b50 <tud_task_ext+0x1e8>
10002b78:	1a9b      	subs	r3, r3, r2
10002b7a:	015b      	lsls	r3, r3, #5
10002b7c:	445b      	add	r3, fp
10002b7e:	e7ee      	b.n	10002b5e <tud_task_ext+0x1f6>
10002b80:	4e44      	ldr	r6, [pc, #272]	; (10002c94 <tud_task_ext+0x32c>)
10002b82:	2254      	movs	r2, #84	; 0x54
10002b84:	2100      	movs	r1, #0
10002b86:	0030      	movs	r0, r6
10002b88:	f7fe fef4 	bl	10001974 <__wrap_memset>
10002b8c:	2210      	movs	r2, #16
10002b8e:	21ff      	movs	r1, #255	; 0xff
10002b90:	1d30      	adds	r0, r6, #4
10002b92:	f7fe feef 	bl	10001974 <__wrap_memset>
10002b96:	0030      	movs	r0, r6
10002b98:	2220      	movs	r2, #32
10002b9a:	21ff      	movs	r1, #255	; 0xff
10002b9c:	3014      	adds	r0, #20
10002b9e:	f7fe fee9 	bl	10001974 <__wrap_memset>
10002ba2:	f000 fc0d 	bl	100033c0 <usbd_control_reset>
10002ba6:	f7ff fe4f 	bl	10002848 <tud_umount_cb>
10002baa:	e6ed      	b.n	10002988 <tud_task_ext+0x20>
10002bac:	4e39      	ldr	r6, [pc, #228]	; (10002c94 <tud_task_ext+0x32c>)
10002bae:	2254      	movs	r2, #84	; 0x54
10002bb0:	2100      	movs	r1, #0
10002bb2:	0030      	movs	r0, r6
10002bb4:	f7fe fede 	bl	10001974 <__wrap_memset>
10002bb8:	2210      	movs	r2, #16
10002bba:	21ff      	movs	r1, #255	; 0xff
10002bbc:	1d30      	adds	r0, r6, #4
10002bbe:	f7fe fed9 	bl	10001974 <__wrap_memset>
10002bc2:	0030      	movs	r0, r6
10002bc4:	2220      	movs	r2, #32
10002bc6:	21ff      	movs	r1, #255	; 0xff
10002bc8:	3014      	adds	r0, #20
10002bca:	f7fe fed3 	bl	10001974 <__wrap_memset>
10002bce:	f000 fbf7 	bl	100033c0 <usbd_control_reset>
10002bd2:	7923      	ldrb	r3, [r4, #4]
10002bd4:	70b3      	strb	r3, [r6, #2]
10002bd6:	e6d7      	b.n	10002988 <tud_task_ext+0x20>
10002bd8:	1c50      	adds	r0, r2, #1
10002bda:	4298      	cmp	r0, r3
10002bdc:	da0e      	bge.n	10002bfc <tud_task_ext+0x294>
10002bde:	b00b      	add	sp, #44	; 0x2c
10002be0:	bcf0      	pop	{r4, r5, r6, r7}
10002be2:	46bb      	mov	fp, r7
10002be4:	46b2      	mov	sl, r6
10002be6:	46a9      	mov	r9, r5
10002be8:	46a0      	mov	r8, r4
10002bea:	bdf0      	pop	{r4, r5, r6, r7, pc}
10002bec:	4e29      	ldr	r6, [pc, #164]	; (10002c94 <tud_task_ext+0x32c>)
10002bee:	e7ee      	b.n	10002bce <tud_task_ext+0x266>
10002bf0:	7962      	ldrb	r2, [r4, #5]
10002bf2:	7820      	ldrb	r0, [r4, #0]
10002bf4:	68a3      	ldr	r3, [r4, #8]
10002bf6:	f000 fc01 	bl	100033fc <usbd_control_xfer_cb>
10002bfa:	e6c5      	b.n	10002988 <tud_task_ext+0x20>
10002bfc:	1a9b      	subs	r3, r3, r2
10002bfe:	4a29      	ldr	r2, [pc, #164]	; (10002ca4 <tud_task_ext+0x33c>)
10002c00:	015b      	lsls	r3, r3, #5
10002c02:	18d3      	adds	r3, r2, r3
10002c04:	e709      	b.n	10002a1a <tud_task_ext+0xb2>
10002c06:	4828      	ldr	r0, [pc, #160]	; (10002ca8 <tud_task_ext+0x340>)
10002c08:	f000 fbe4 	bl	100033d4 <usbd_control_set_complete_callback>
10002c0c:	2101      	movs	r1, #1
10002c0e:	4658      	mov	r0, fp
10002c10:	aa08      	add	r2, sp, #32
10002c12:	f7ff f8f9 	bl	10001e08 <tud_vendor_control_xfer_cb>
10002c16:	2800      	cmp	r0, #0
10002c18:	d000      	beq.n	10002c1c <tud_task_ext+0x2b4>
10002c1a:	e6b5      	b.n	10002988 <tud_task_ext+0x20>
10002c1c:	e73f      	b.n	10002a9e <tud_task_ext+0x136>
10002c1e:	2a20      	cmp	r2, #32
10002c20:	d100      	bne.n	10002c24 <tud_task_ext+0x2bc>
10002c22:	e14e      	b.n	10002ec2 <tud_task_ext+0x55a>
10002c24:	2a00      	cmp	r2, #0
10002c26:	d000      	beq.n	10002c2a <tud_task_ext+0x2c2>
10002c28:	e739      	b.n	10002a9e <tud_task_ext+0x136>
10002c2a:	7963      	ldrb	r3, [r4, #5]
10002c2c:	2b09      	cmp	r3, #9
10002c2e:	d900      	bls.n	10002c32 <tud_task_ext+0x2ca>
10002c30:	e735      	b.n	10002a9e <tud_task_ext+0x136>
10002c32:	4a1e      	ldr	r2, [pc, #120]	; (10002cac <tud_task_ext+0x344>)
10002c34:	009b      	lsls	r3, r3, #2
10002c36:	58d3      	ldr	r3, [r2, r3]
10002c38:	469f      	mov	pc, r3
10002c3a:	2370      	movs	r3, #112	; 0x70
10002c3c:	7a21      	ldrb	r1, [r4, #8]
10002c3e:	420b      	tst	r3, r1
10002c40:	d000      	beq.n	10002c44 <tud_task_ext+0x2dc>
10002c42:	e72c      	b.n	10002a9e <tud_task_ext+0x136>
10002c44:	267f      	movs	r6, #127	; 0x7f
10002c46:	09cb      	lsrs	r3, r1, #7
10002c48:	4698      	mov	r8, r3
10002c4a:	400e      	ands	r6, r1
10002c4c:	4b11      	ldr	r3, [pc, #68]	; (10002c94 <tud_task_ext+0x32c>)
10002c4e:	0076      	lsls	r6, r6, #1
10002c50:	199b      	adds	r3, r3, r6
10002c52:	4443      	add	r3, r8
10002c54:	7d1f      	ldrb	r7, [r3, #20]
10002c56:	4b10      	ldr	r3, [pc, #64]	; (10002c98 <tud_task_ext+0x330>)
10002c58:	781b      	ldrb	r3, [r3, #0]
10002c5a:	429f      	cmp	r7, r3
10002c5c:	d35e      	bcc.n	10002d1c <tud_task_ext+0x3b4>
10002c5e:	1c58      	adds	r0, r3, #1
10002c60:	42b8      	cmp	r0, r7
10002c62:	da00      	bge.n	10002c66 <tud_task_ext+0x2fe>
10002c64:	e149      	b.n	10002efa <tud_task_ext+0x592>
10002c66:	1aff      	subs	r7, r7, r3
10002c68:	4b0e      	ldr	r3, [pc, #56]	; (10002ca4 <tud_task_ext+0x33c>)
10002c6a:	017f      	lsls	r7, r7, #5
10002c6c:	19df      	adds	r7, r3, r7
10002c6e:	2a00      	cmp	r2, #0
10002c70:	d100      	bne.n	10002c74 <tud_task_ext+0x30c>
10002c72:	e146      	b.n	10002f02 <tud_task_ext+0x59a>
10002c74:	6978      	ldr	r0, [r7, #20]
10002c76:	f000 fbad 	bl	100033d4 <usbd_control_set_complete_callback>
10002c7a:	2101      	movs	r1, #1
10002c7c:	4658      	mov	r0, fp
10002c7e:	697b      	ldr	r3, [r7, #20]
10002c80:	aa08      	add	r2, sp, #32
10002c82:	4798      	blx	r3
10002c84:	e7c7      	b.n	10002c16 <tud_task_ext+0x2ae>
10002c86:	46c0      	nop			; (mov r8, r8)
10002c88:	20001084 	.word	0x20001084
10002c8c:	100049c4 	.word	0x100049c4
10002c90:	2000163c 	.word	0x2000163c
10002c94:	200015e4 	.word	0x200015e4
10002c98:	20001f85 	.word	0x20001f85
10002c9c:	20001434 	.word	0x20001434
10002ca0:	20001f87 	.word	0x20001f87
10002ca4:	10004a6c 	.word	0x10004a6c
10002ca8:	10001e09 	.word	0x10001e09
10002cac:	100049e8 	.word	0x100049e8
10002cb0:	7a23      	ldrb	r3, [r4, #8]
10002cb2:	2b0f      	cmp	r3, #15
10002cb4:	d900      	bls.n	10002cb8 <tud_task_ext+0x350>
10002cb6:	e6f2      	b.n	10002a9e <tud_task_ext+0x136>
10002cb8:	4ad6      	ldr	r2, [pc, #856]	; (10003014 <tud_task_ext+0x6ac>)
10002cba:	4694      	mov	ip, r2
10002cbc:	4ad6      	ldr	r2, [pc, #856]	; (10003018 <tud_task_ext+0x6b0>)
10002cbe:	4463      	add	r3, ip
10002cc0:	791b      	ldrb	r3, [r3, #4]
10002cc2:	7812      	ldrb	r2, [r2, #0]
10002cc4:	4293      	cmp	r3, r2
10002cc6:	d334      	bcc.n	10002d32 <tud_task_ext+0x3ca>
10002cc8:	1c51      	adds	r1, r2, #1
10002cca:	4299      	cmp	r1, r3
10002ccc:	da00      	bge.n	10002cd0 <tud_task_ext+0x368>
10002cce:	e6e6      	b.n	10002a9e <tud_task_ext+0x136>
10002cd0:	4ed2      	ldr	r6, [pc, #840]	; (1000301c <tud_task_ext+0x6b4>)
10002cd2:	1a9b      	subs	r3, r3, r2
10002cd4:	015b      	lsls	r3, r3, #5
10002cd6:	18f6      	adds	r6, r6, r3
10002cd8:	6970      	ldr	r0, [r6, #20]
10002cda:	f000 fb7b 	bl	100033d4 <usbd_control_set_complete_callback>
10002cde:	2101      	movs	r1, #1
10002ce0:	4658      	mov	r0, fp
10002ce2:	6973      	ldr	r3, [r6, #20]
10002ce4:	aa08      	add	r2, sp, #32
10002ce6:	4798      	blx	r3
10002ce8:	2800      	cmp	r0, #0
10002cea:	d000      	beq.n	10002cee <tud_task_ext+0x386>
10002cec:	e64c      	b.n	10002988 <tud_task_ext+0x20>
10002cee:	2260      	movs	r2, #96	; 0x60
10002cf0:	0016      	movs	r6, r2
10002cf2:	7923      	ldrb	r3, [r4, #4]
10002cf4:	401e      	ands	r6, r3
10002cf6:	421a      	tst	r2, r3
10002cf8:	d000      	beq.n	10002cfc <tud_task_ext+0x394>
10002cfa:	e6d0      	b.n	10002a9e <tud_task_ext+0x136>
10002cfc:	7963      	ldrb	r3, [r4, #5]
10002cfe:	3b0a      	subs	r3, #10
10002d00:	2b01      	cmp	r3, #1
10002d02:	d900      	bls.n	10002d06 <tud_task_ext+0x39e>
10002d04:	e6cb      	b.n	10002a9e <tud_task_ext+0x136>
10002d06:	f000 fb65 	bl	100033d4 <usbd_control_set_complete_callback>
10002d0a:	7963      	ldrb	r3, [r4, #5]
10002d0c:	2b0a      	cmp	r3, #10
10002d0e:	d100      	bne.n	10002d12 <tud_task_ext+0x3aa>
10002d10:	e150      	b.n	10002fb4 <tud_task_ext+0x64c>
10002d12:	4658      	mov	r0, fp
10002d14:	a908      	add	r1, sp, #32
10002d16:	f000 fadd 	bl	100032d4 <tud_control_status>
10002d1a:	e635      	b.n	10002988 <tud_task_ext+0x20>
10002d1c:	4bc0      	ldr	r3, [pc, #768]	; (10003020 <tud_task_ext+0x6b8>)
10002d1e:	017f      	lsls	r7, r7, #5
10002d20:	681b      	ldr	r3, [r3, #0]
10002d22:	19df      	adds	r7, r3, r7
10002d24:	2a00      	cmp	r2, #0
10002d26:	d100      	bne.n	10002d2a <tud_task_ext+0x3c2>
10002d28:	e0eb      	b.n	10002f02 <tud_task_ext+0x59a>
10002d2a:	2f00      	cmp	r7, #0
10002d2c:	d100      	bne.n	10002d30 <tud_task_ext+0x3c8>
10002d2e:	e6b6      	b.n	10002a9e <tud_task_ext+0x136>
10002d30:	e7a0      	b.n	10002c74 <tud_task_ext+0x30c>
10002d32:	4abb      	ldr	r2, [pc, #748]	; (10003020 <tud_task_ext+0x6b8>)
10002d34:	015b      	lsls	r3, r3, #5
10002d36:	6816      	ldr	r6, [r2, #0]
10002d38:	18f6      	adds	r6, r6, r3
10002d3a:	2e00      	cmp	r6, #0
10002d3c:	d100      	bne.n	10002d40 <tud_task_ext+0x3d8>
10002d3e:	e6ae      	b.n	10002a9e <tud_task_ext+0x136>
10002d40:	e7ca      	b.n	10002cd8 <tud_task_ext+0x370>
10002d42:	4bb4      	ldr	r3, [pc, #720]	; (10003014 <tud_task_ext+0x6ac>)
10002d44:	79a7      	ldrb	r7, [r4, #6]
10002d46:	785b      	ldrb	r3, [r3, #1]
10002d48:	429f      	cmp	r7, r3
10002d4a:	d0e2      	beq.n	10002d12 <tud_task_ext+0x3aa>
10002d4c:	4bb1      	ldr	r3, [pc, #708]	; (10003014 <tud_task_ext+0x6ac>)
10002d4e:	785b      	ldrb	r3, [r3, #1]
10002d50:	2b00      	cmp	r3, #0
10002d52:	d000      	beq.n	10002d56 <tud_task_ext+0x3ee>
10002d54:	e16a      	b.n	1000302c <tud_task_ext+0x6c4>
10002d56:	4baf      	ldr	r3, [pc, #700]	; (10003014 <tud_task_ext+0x6ac>)
10002d58:	705f      	strb	r7, [r3, #1]
10002d5a:	2f00      	cmp	r7, #0
10002d5c:	d100      	bne.n	10002d60 <tud_task_ext+0x3f8>
10002d5e:	e155      	b.n	1000300c <tud_task_ext+0x6a4>
10002d60:	1e78      	subs	r0, r7, #1
10002d62:	b2c0      	uxtb	r0, r0
10002d64:	f7ff fa9c 	bl	100022a0 <tud_descriptor_configuration_cb>
10002d68:	2800      	cmp	r0, #0
10002d6a:	d100      	bne.n	10002d6e <tud_task_ext+0x406>
10002d6c:	e14a      	b.n	10003004 <tud_task_ext+0x69c>
10002d6e:	7843      	ldrb	r3, [r0, #1]
10002d70:	9304      	str	r3, [sp, #16]
10002d72:	2b02      	cmp	r3, #2
10002d74:	d000      	beq.n	10002d78 <tud_task_ext+0x410>
10002d76:	e145      	b.n	10003004 <tud_task_ext+0x69c>
10002d78:	2101      	movs	r1, #1
10002d7a:	79c2      	ldrb	r2, [r0, #7]
10002d7c:	1193      	asrs	r3, r2, #6
10002d7e:	1152      	asrs	r2, r2, #5
10002d80:	400b      	ands	r3, r1
10002d82:	400a      	ands	r2, r1
10002d84:	0112      	lsls	r2, r2, #4
10002d86:	015b      	lsls	r3, r3, #5
10002d88:	4313      	orrs	r3, r2
10002d8a:	4aa2      	ldr	r2, [pc, #648]	; (10003014 <tud_task_ext+0x6ac>)
10002d8c:	312f      	adds	r1, #47	; 0x2f
10002d8e:	7812      	ldrb	r2, [r2, #0]
10002d90:	438a      	bics	r2, r1
10002d92:	4313      	orrs	r3, r2
10002d94:	4a9f      	ldr	r2, [pc, #636]	; (10003014 <tud_task_ext+0x6ac>)
10002d96:	7013      	strb	r3, [r2, #0]
10002d98:	2309      	movs	r3, #9
10002d9a:	4699      	mov	r9, r3
10002d9c:	78c3      	ldrb	r3, [r0, #3]
10002d9e:	7882      	ldrb	r2, [r0, #2]
10002da0:	021b      	lsls	r3, r3, #8
10002da2:	4313      	orrs	r3, r2
10002da4:	18c3      	adds	r3, r0, r3
10002da6:	9302      	str	r3, [sp, #8]
10002da8:	4b9d      	ldr	r3, [pc, #628]	; (10003020 <tud_task_ext+0x6b8>)
10002daa:	4481      	add	r9, r0
10002dac:	4698      	mov	r8, r3
10002dae:	464f      	mov	r7, r9
10002db0:	9b02      	ldr	r3, [sp, #8]
10002db2:	42bb      	cmp	r3, r7
10002db4:	d800      	bhi.n	10002db8 <tud_task_ext+0x450>
10002db6:	e106      	b.n	10002fc6 <tud_task_ext+0x65e>
10002db8:	2201      	movs	r2, #1
10002dba:	787b      	ldrb	r3, [r7, #1]
10002dbc:	9200      	str	r2, [sp, #0]
10002dbe:	2b0b      	cmp	r3, #11
10002dc0:	d104      	bne.n	10002dcc <tud_task_ext+0x464>
10002dc2:	78fb      	ldrb	r3, [r7, #3]
10002dc4:	9300      	str	r3, [sp, #0]
10002dc6:	783b      	ldrb	r3, [r7, #0]
10002dc8:	18ff      	adds	r7, r7, r3
10002dca:	787b      	ldrb	r3, [r7, #1]
10002dcc:	2b04      	cmp	r3, #4
10002dce:	d000      	beq.n	10002dd2 <tud_task_ext+0x46a>
10002dd0:	e118      	b.n	10003004 <tud_task_ext+0x69c>
10002dd2:	9b02      	ldr	r3, [sp, #8]
10002dd4:	46b9      	mov	r9, r7
10002dd6:	1bdb      	subs	r3, r3, r7
10002dd8:	b29b      	uxth	r3, r3
10002dda:	9303      	str	r3, [sp, #12]
10002ddc:	4b8e      	ldr	r3, [pc, #568]	; (10003018 <tud_task_ext+0x6b0>)
10002dde:	781e      	ldrb	r6, [r3, #0]
10002de0:	2300      	movs	r3, #0
10002de2:	001f      	movs	r7, r3
10002de4:	9301      	str	r3, [sp, #4]
10002de6:	e01b      	b.n	10002e20 <tud_task_ext+0x4b8>
10002de8:	4642      	mov	r2, r8
10002dea:	6812      	ldr	r2, [r2, #0]
10002dec:	017b      	lsls	r3, r7, #5
10002dee:	18d6      	adds	r6, r2, r3
10002df0:	2e00      	cmp	r6, #0
10002df2:	d100      	bne.n	10002df6 <tud_task_ext+0x48e>
10002df4:	e106      	b.n	10003004 <tud_task_ext+0x69c>
10002df6:	4649      	mov	r1, r9
10002df8:	4658      	mov	r0, fp
10002dfa:	9a03      	ldr	r2, [sp, #12]
10002dfc:	6933      	ldr	r3, [r6, #16]
10002dfe:	4798      	blx	r3
10002e00:	9005      	str	r0, [sp, #20]
10002e02:	2808      	cmp	r0, #8
10002e04:	d903      	bls.n	10002e0e <tud_task_ext+0x4a6>
10002e06:	9a03      	ldr	r2, [sp, #12]
10002e08:	4282      	cmp	r2, r0
10002e0a:	d300      	bcc.n	10002e0e <tud_task_ext+0x4a6>
10002e0c:	e0de      	b.n	10002fcc <tud_task_ext+0x664>
10002e0e:	4b82      	ldr	r3, [pc, #520]	; (10003018 <tud_task_ext+0x6b0>)
10002e10:	3701      	adds	r7, #1
10002e12:	781e      	ldrb	r6, [r3, #0]
10002e14:	b2ff      	uxtb	r7, r7
10002e16:	1c73      	adds	r3, r6, #1
10002e18:	9701      	str	r7, [sp, #4]
10002e1a:	429f      	cmp	r7, r3
10002e1c:	dd00      	ble.n	10002e20 <tud_task_ext+0x4b8>
10002e1e:	e0f1      	b.n	10003004 <tud_task_ext+0x69c>
10002e20:	42be      	cmp	r6, r7
10002e22:	d8e1      	bhi.n	10002de8 <tud_task_ext+0x480>
10002e24:	9b01      	ldr	r3, [sp, #4]
10002e26:	1b9e      	subs	r6, r3, r6
10002e28:	4b7c      	ldr	r3, [pc, #496]	; (1000301c <tud_task_ext+0x6b4>)
10002e2a:	0176      	lsls	r6, r6, #5
10002e2c:	469c      	mov	ip, r3
10002e2e:	4466      	add	r6, ip
10002e30:	e7e1      	b.n	10002df6 <tud_task_ext+0x48e>
10002e32:	4b78      	ldr	r3, [pc, #480]	; (10003014 <tud_task_ext+0x6ac>)
10002e34:	aa06      	add	r2, sp, #24
10002e36:	785b      	ldrb	r3, [r3, #1]
10002e38:	3202      	adds	r2, #2
10002e3a:	7013      	strb	r3, [r2, #0]
10002e3c:	4658      	mov	r0, fp
10002e3e:	2301      	movs	r3, #1
10002e40:	a908      	add	r1, sp, #32
10002e42:	f000 fa5f 	bl	10003304 <tud_control_xfer>
10002e46:	e59f      	b.n	10002988 <tud_task_ext+0x20>
10002e48:	88e0      	ldrh	r0, [r4, #6]
10002e4a:	0a03      	lsrs	r3, r0, #8
10002e4c:	b2c0      	uxtb	r0, r0
10002e4e:	2b0f      	cmp	r3, #15
10002e50:	d900      	bls.n	10002e54 <tud_task_ext+0x4ec>
10002e52:	e624      	b.n	10002a9e <tud_task_ext+0x136>
10002e54:	4973      	ldr	r1, [pc, #460]	; (10003024 <tud_task_ext+0x6bc>)
10002e56:	009a      	lsls	r2, r3, #2
10002e58:	588a      	ldr	r2, [r1, r2]
10002e5a:	4697      	mov	pc, r2
10002e5c:	a808      	add	r0, sp, #32
10002e5e:	f000 fabf 	bl	100033e0 <usbd_control_set_request>
10002e62:	4658      	mov	r0, fp
10002e64:	79a1      	ldrb	r1, [r4, #6]
10002e66:	f7ff fba3 	bl	100025b0 <dcd_set_address>
10002e6a:	2202      	movs	r2, #2
10002e6c:	4b69      	ldr	r3, [pc, #420]	; (10003014 <tud_task_ext+0x6ac>)
10002e6e:	781b      	ldrb	r3, [r3, #0]
10002e70:	4313      	orrs	r3, r2
10002e72:	4a68      	ldr	r2, [pc, #416]	; (10003014 <tud_task_ext+0x6ac>)
10002e74:	7013      	strb	r3, [r2, #0]
10002e76:	e587      	b.n	10002988 <tud_task_ext+0x20>
10002e78:	88e3      	ldrh	r3, [r4, #6]
10002e7a:	2b01      	cmp	r3, #1
10002e7c:	d000      	beq.n	10002e80 <tud_task_ext+0x518>
10002e7e:	e60e      	b.n	10002a9e <tud_task_ext+0x136>
10002e80:	2208      	movs	r2, #8
10002e82:	4b64      	ldr	r3, [pc, #400]	; (10003014 <tud_task_ext+0x6ac>)
10002e84:	781b      	ldrb	r3, [r3, #0]
10002e86:	4393      	bics	r3, r2
10002e88:	4a62      	ldr	r2, [pc, #392]	; (10003014 <tud_task_ext+0x6ac>)
10002e8a:	7013      	strb	r3, [r2, #0]
10002e8c:	e741      	b.n	10002d12 <tud_task_ext+0x3aa>
10002e8e:	2002      	movs	r0, #2
10002e90:	4b60      	ldr	r3, [pc, #384]	; (10003014 <tud_task_ext+0x6ac>)
10002e92:	7819      	ldrb	r1, [r3, #0]
10002e94:	ab06      	add	r3, sp, #24
10002e96:	1c9a      	adds	r2, r3, #2
10002e98:	068b      	lsls	r3, r1, #26
10002e9a:	0889      	lsrs	r1, r1, #2
10002e9c:	0fdb      	lsrs	r3, r3, #31
10002e9e:	4001      	ands	r1, r0
10002ea0:	430b      	orrs	r3, r1
10002ea2:	8013      	strh	r3, [r2, #0]
10002ea4:	4658      	mov	r0, fp
10002ea6:	2302      	movs	r3, #2
10002ea8:	a908      	add	r1, sp, #32
10002eaa:	f000 fa2b 	bl	10003304 <tud_control_xfer>
10002eae:	e56b      	b.n	10002988 <tud_task_ext+0x20>
10002eb0:	88e3      	ldrh	r3, [r4, #6]
10002eb2:	2b01      	cmp	r3, #1
10002eb4:	d000      	beq.n	10002eb8 <tud_task_ext+0x550>
10002eb6:	e5f2      	b.n	10002a9e <tud_task_ext+0x136>
10002eb8:	2208      	movs	r2, #8
10002eba:	4b56      	ldr	r3, [pc, #344]	; (10003014 <tud_task_ext+0x6ac>)
10002ebc:	781b      	ldrb	r3, [r3, #0]
10002ebe:	4313      	orrs	r3, r2
10002ec0:	e7e2      	b.n	10002e88 <tud_task_ext+0x520>
10002ec2:	7a23      	ldrb	r3, [r4, #8]
10002ec4:	2b0f      	cmp	r3, #15
10002ec6:	d900      	bls.n	10002eca <tud_task_ext+0x562>
10002ec8:	e5e9      	b.n	10002a9e <tud_task_ext+0x136>
10002eca:	4a52      	ldr	r2, [pc, #328]	; (10003014 <tud_task_ext+0x6ac>)
10002ecc:	4694      	mov	ip, r2
10002ece:	4a52      	ldr	r2, [pc, #328]	; (10003018 <tud_task_ext+0x6b0>)
10002ed0:	4463      	add	r3, ip
10002ed2:	791b      	ldrb	r3, [r3, #4]
10002ed4:	7812      	ldrb	r2, [r2, #0]
10002ed6:	4293      	cmp	r3, r2
10002ed8:	d227      	bcs.n	10002f2a <tud_task_ext+0x5c2>
10002eda:	4a51      	ldr	r2, [pc, #324]	; (10003020 <tud_task_ext+0x6b8>)
10002edc:	015b      	lsls	r3, r3, #5
10002ede:	6816      	ldr	r6, [r2, #0]
10002ee0:	18f6      	adds	r6, r6, r3
10002ee2:	2e00      	cmp	r6, #0
10002ee4:	d100      	bne.n	10002ee8 <tud_task_ext+0x580>
10002ee6:	e5da      	b.n	10002a9e <tud_task_ext+0x136>
10002ee8:	6970      	ldr	r0, [r6, #20]
10002eea:	f000 fa73 	bl	100033d4 <usbd_control_set_complete_callback>
10002eee:	2101      	movs	r1, #1
10002ef0:	4658      	mov	r0, fp
10002ef2:	6973      	ldr	r3, [r6, #20]
10002ef4:	aa08      	add	r2, sp, #32
10002ef6:	4798      	blx	r3
10002ef8:	e68d      	b.n	10002c16 <tud_task_ext+0x2ae>
10002efa:	2700      	movs	r7, #0
10002efc:	2a00      	cmp	r2, #0
10002efe:	d000      	beq.n	10002f02 <tud_task_ext+0x59a>
10002f00:	e5cd      	b.n	10002a9e <tud_task_ext+0x136>
10002f02:	2202      	movs	r2, #2
10002f04:	7963      	ldrb	r3, [r4, #5]
10002f06:	4699      	mov	r9, r3
10002f08:	4393      	bics	r3, r2
10002f0a:	2b01      	cmp	r3, #1
10002f0c:	d016      	beq.n	10002f3c <tud_task_ext+0x5d4>
10002f0e:	464b      	mov	r3, r9
10002f10:	2b00      	cmp	r3, #0
10002f12:	d000      	beq.n	10002f16 <tud_task_ext+0x5ae>
10002f14:	e5c3      	b.n	10002a9e <tud_task_ext+0x136>
10002f16:	4b3f      	ldr	r3, [pc, #252]	; (10003014 <tud_task_ext+0x6ac>)
10002f18:	aa06      	add	r2, sp, #24
10002f1a:	199b      	adds	r3, r3, r6
10002f1c:	4443      	add	r3, r8
10002f1e:	3330      	adds	r3, #48	; 0x30
10002f20:	791b      	ldrb	r3, [r3, #4]
10002f22:	3202      	adds	r2, #2
10002f24:	079b      	lsls	r3, r3, #30
10002f26:	0fdb      	lsrs	r3, r3, #31
10002f28:	e7bb      	b.n	10002ea2 <tud_task_ext+0x53a>
10002f2a:	1c51      	adds	r1, r2, #1
10002f2c:	4299      	cmp	r1, r3
10002f2e:	da00      	bge.n	10002f32 <tud_task_ext+0x5ca>
10002f30:	e5b5      	b.n	10002a9e <tud_task_ext+0x136>
10002f32:	4e3a      	ldr	r6, [pc, #232]	; (1000301c <tud_task_ext+0x6b4>)
10002f34:	1a9b      	subs	r3, r3, r2
10002f36:	015b      	lsls	r3, r3, #5
10002f38:	18f6      	adds	r6, r6, r3
10002f3a:	e7d5      	b.n	10002ee8 <tud_task_ext+0x580>
10002f3c:	88e3      	ldrh	r3, [r4, #6]
10002f3e:	2b00      	cmp	r3, #0
10002f40:	d112      	bne.n	10002f68 <tud_task_ext+0x600>
10002f42:	464b      	mov	r3, r9
10002f44:	2b01      	cmp	r3, #1
10002f46:	d024      	beq.n	10002f92 <tud_task_ext+0x62a>
10002f48:	4b37      	ldr	r3, [pc, #220]	; (10003028 <tud_task_ext+0x6c0>)
10002f4a:	7818      	ldrb	r0, [r3, #0]
10002f4c:	f7ff fbf6 	bl	1000273c <dcd_edpt_stall>
10002f50:	2102      	movs	r1, #2
10002f52:	4b30      	ldr	r3, [pc, #192]	; (10003014 <tud_task_ext+0x6ac>)
10002f54:	199b      	adds	r3, r3, r6
10002f56:	4443      	add	r3, r8
10002f58:	3330      	adds	r3, #48	; 0x30
10002f5a:	791a      	ldrb	r2, [r3, #4]
10002f5c:	430a      	orrs	r2, r1
10002f5e:	2101      	movs	r1, #1
10002f60:	711a      	strb	r2, [r3, #4]
10002f62:	791a      	ldrb	r2, [r3, #4]
10002f64:	430a      	orrs	r2, r1
10002f66:	711a      	strb	r2, [r3, #4]
10002f68:	2f00      	cmp	r7, #0
10002f6a:	d100      	bne.n	10002f6e <tud_task_ext+0x606>
10002f6c:	e50c      	b.n	10002988 <tud_task_ext+0x20>
10002f6e:	6978      	ldr	r0, [r7, #20]
10002f70:	f000 fa30 	bl	100033d4 <usbd_control_set_complete_callback>
10002f74:	697b      	ldr	r3, [r7, #20]
10002f76:	aa08      	add	r2, sp, #32
10002f78:	2101      	movs	r1, #1
10002f7a:	4658      	mov	r0, fp
10002f7c:	4798      	blx	r3
10002f7e:	2000      	movs	r0, #0
10002f80:	f000 fa28 	bl	100033d4 <usbd_control_set_complete_callback>
10002f84:	2335      	movs	r3, #53	; 0x35
10002f86:	4a23      	ldr	r2, [pc, #140]	; (10003014 <tud_task_ext+0x6ac>)
10002f88:	5cd3      	ldrb	r3, [r2, r3]
10002f8a:	07db      	lsls	r3, r3, #31
10002f8c:	d500      	bpl.n	10002f90 <tud_task_ext+0x628>
10002f8e:	e4fb      	b.n	10002988 <tud_task_ext+0x20>
10002f90:	e6bf      	b.n	10002d12 <tud_task_ext+0x3aa>
10002f92:	4b25      	ldr	r3, [pc, #148]	; (10003028 <tud_task_ext+0x6c0>)
10002f94:	7818      	ldrb	r0, [r3, #0]
10002f96:	f7ff fbed 	bl	10002774 <dcd_edpt_clear_stall>
10002f9a:	2102      	movs	r1, #2
10002f9c:	4b1d      	ldr	r3, [pc, #116]	; (10003014 <tud_task_ext+0x6ac>)
10002f9e:	199b      	adds	r3, r3, r6
10002fa0:	4443      	add	r3, r8
10002fa2:	3330      	adds	r3, #48	; 0x30
10002fa4:	791a      	ldrb	r2, [r3, #4]
10002fa6:	438a      	bics	r2, r1
10002fa8:	4649      	mov	r1, r9
10002faa:	711a      	strb	r2, [r3, #4]
10002fac:	791a      	ldrb	r2, [r3, #4]
10002fae:	438a      	bics	r2, r1
10002fb0:	711a      	strb	r2, [r3, #4]
10002fb2:	e7d9      	b.n	10002f68 <tud_task_ext+0x600>
10002fb4:	ab06      	add	r3, sp, #24
10002fb6:	1c9a      	adds	r2, r3, #2
10002fb8:	4658      	mov	r0, fp
10002fba:	2301      	movs	r3, #1
10002fbc:	a908      	add	r1, sp, #32
10002fbe:	7016      	strb	r6, [r2, #0]
10002fc0:	f000 f9a0 	bl	10003304 <tud_control_xfer>
10002fc4:	e4e0      	b.n	10002988 <tud_task_ext+0x20>
10002fc6:	f7ff fc3d 	bl	10002844 <tud_mount_cb>
10002fca:	e6a2      	b.n	10002d12 <tud_task_ext+0x3aa>
10002fcc:	003b      	movs	r3, r7
10002fce:	464f      	mov	r7, r9
10002fd0:	4699      	mov	r9, r3
10002fd2:	9b00      	ldr	r3, [sp, #0]
10002fd4:	2b01      	cmp	r3, #1
10002fd6:	d100      	bne.n	10002fda <tud_task_ext+0x672>
10002fd8:	e089      	b.n	100030ee <tud_task_ext+0x786>
10002fda:	9b00      	ldr	r3, [sp, #0]
10002fdc:	2b00      	cmp	r3, #0
10002fde:	d075      	beq.n	100030cc <tud_task_ext+0x764>
10002fe0:	2300      	movs	r3, #0
10002fe2:	464e      	mov	r6, r9
10002fe4:	78b9      	ldrb	r1, [r7, #2]
10002fe6:	e005      	b.n	10002ff4 <tud_task_ext+0x68c>
10002fe8:	7116      	strb	r6, [r2, #4]
10002fea:	3301      	adds	r3, #1
10002fec:	9a00      	ldr	r2, [sp, #0]
10002fee:	b2db      	uxtb	r3, r3
10002ff0:	4293      	cmp	r3, r2
10002ff2:	d26a      	bcs.n	100030ca <tud_task_ext+0x762>
10002ff4:	4807      	ldr	r0, [pc, #28]	; (10003014 <tud_task_ext+0x6ac>)
10002ff6:	185a      	adds	r2, r3, r1
10002ff8:	4684      	mov	ip, r0
10002ffa:	b2d2      	uxtb	r2, r2
10002ffc:	4462      	add	r2, ip
10002ffe:	7910      	ldrb	r0, [r2, #4]
10003000:	28ff      	cmp	r0, #255	; 0xff
10003002:	d0f1      	beq.n	10002fe8 <tud_task_ext+0x680>
10003004:	2300      	movs	r3, #0
10003006:	4a03      	ldr	r2, [pc, #12]	; (10003014 <tud_task_ext+0x6ac>)
10003008:	7053      	strb	r3, [r2, #1]
1000300a:	e548      	b.n	10002a9e <tud_task_ext+0x136>
1000300c:	f7ff fc1c 	bl	10002848 <tud_umount_cb>
10003010:	e67f      	b.n	10002d12 <tud_task_ext+0x3aa>
10003012:	46c0      	nop			; (mov r8, r8)
10003014:	200015e4 	.word	0x200015e4
10003018:	20001f85 	.word	0x20001f85
1000301c:	10004a6c 	.word	0x10004a6c
10003020:	20001434 	.word	0x20001434
10003024:	10004a10 	.word	0x10004a10
10003028:	20001084 	.word	0x20001084
1000302c:	2100      	movs	r1, #0
1000302e:	4658      	mov	r0, fp
10003030:	f7ff fac8 	bl	100025c4 <dcd_sof_enable>
10003034:	4658      	mov	r0, fp
10003036:	f7ff fb6b 	bl	10002710 <dcd_edpt_close_all>
1000303a:	4b45      	ldr	r3, [pc, #276]	; (10003150 <tud_task_ext+0x7e8>)
1000303c:	4e45      	ldr	r6, [pc, #276]	; (10003154 <tud_task_ext+0x7ec>)
1000303e:	789b      	ldrb	r3, [r3, #2]
10003040:	4945      	ldr	r1, [pc, #276]	; (10003158 <tud_task_ext+0x7f0>)
10003042:	9300      	str	r3, [sp, #0]
10003044:	4689      	mov	r9, r1
10003046:	2300      	movs	r3, #0
10003048:	0031      	movs	r1, r6
1000304a:	7832      	ldrb	r2, [r6, #0]
1000304c:	4688      	mov	r8, r1
1000304e:	001e      	movs	r6, r3
10003050:	e011      	b.n	10003076 <tud_task_ext+0x70e>
10003052:	464a      	mov	r2, r9
10003054:	6812      	ldr	r2, [r2, #0]
10003056:	0173      	lsls	r3, r6, #5
10003058:	4694      	mov	ip, r2
1000305a:	4463      	add	r3, ip
1000305c:	2b00      	cmp	r3, #0
1000305e:	d022      	beq.n	100030a6 <tud_task_ext+0x73e>
10003060:	68db      	ldr	r3, [r3, #12]
10003062:	4658      	mov	r0, fp
10003064:	4798      	blx	r3
10003066:	4643      	mov	r3, r8
10003068:	781a      	ldrb	r2, [r3, #0]
1000306a:	3601      	adds	r6, #1
1000306c:	b2f6      	uxtb	r6, r6
1000306e:	1c51      	adds	r1, r2, #1
10003070:	0033      	movs	r3, r6
10003072:	428e      	cmp	r6, r1
10003074:	dc07      	bgt.n	10003086 <tud_task_ext+0x71e>
10003076:	42b2      	cmp	r2, r6
10003078:	d8eb      	bhi.n	10003052 <tud_task_ext+0x6ea>
1000307a:	1a9b      	subs	r3, r3, r2
1000307c:	4a37      	ldr	r2, [pc, #220]	; (1000315c <tud_task_ext+0x7f4>)
1000307e:	015b      	lsls	r3, r3, #5
10003080:	4694      	mov	ip, r2
10003082:	4463      	add	r3, ip
10003084:	e7ec      	b.n	10003060 <tud_task_ext+0x6f8>
10003086:	2254      	movs	r2, #84	; 0x54
10003088:	2100      	movs	r1, #0
1000308a:	4831      	ldr	r0, [pc, #196]	; (10003150 <tud_task_ext+0x7e8>)
1000308c:	f7fe fc72 	bl	10001974 <__wrap_memset>
10003090:	4b2f      	ldr	r3, [pc, #188]	; (10003150 <tud_task_ext+0x7e8>)
10003092:	2210      	movs	r2, #16
10003094:	21ff      	movs	r1, #255	; 0xff
10003096:	1d18      	adds	r0, r3, #4
10003098:	f7fe fc6c 	bl	10001974 <__wrap_memset>
1000309c:	2220      	movs	r2, #32
1000309e:	21ff      	movs	r1, #255	; 0xff
100030a0:	482f      	ldr	r0, [pc, #188]	; (10003160 <tud_task_ext+0x7f8>)
100030a2:	f7fe fc67 	bl	10001974 <__wrap_memset>
100030a6:	4b2a      	ldr	r3, [pc, #168]	; (10003150 <tud_task_ext+0x7e8>)
100030a8:	9a00      	ldr	r2, [sp, #0]
100030aa:	709a      	strb	r2, [r3, #2]
100030ac:	e653      	b.n	10002d56 <tud_task_ext+0x3ee>
100030ae:	f7fe fea7 	bl	10001e00 <tud_descriptor_bos_cb>
100030b2:	1e02      	subs	r2, r0, #0
100030b4:	d100      	bne.n	100030b8 <tud_task_ext+0x750>
100030b6:	e4f2      	b.n	10002a9e <tud_task_ext+0x136>
100030b8:	78d3      	ldrb	r3, [r2, #3]
100030ba:	7891      	ldrb	r1, [r2, #2]
100030bc:	021b      	lsls	r3, r3, #8
100030be:	430b      	orrs	r3, r1
100030c0:	4658      	mov	r0, fp
100030c2:	a908      	add	r1, sp, #32
100030c4:	f000 f91e 	bl	10003304 <tud_control_xfer>
100030c8:	e5a5      	b.n	10002c16 <tud_task_ext+0x2ae>
100030ca:	46b1      	mov	r9, r6
100030cc:	9e05      	ldr	r6, [sp, #20]
100030ce:	464b      	mov	r3, r9
100030d0:	0032      	movs	r2, r6
100030d2:	0039      	movs	r1, r7
100030d4:	4822      	ldr	r0, [pc, #136]	; (10003160 <tud_task_ext+0x7f8>)
100030d6:	f000 fea1 	bl	10003e1c <tu_edpt_bind_driver>
100030da:	46b4      	mov	ip, r6
100030dc:	4b1d      	ldr	r3, [pc, #116]	; (10003154 <tud_task_ext+0x7ec>)
100030de:	9a01      	ldr	r2, [sp, #4]
100030e0:	781b      	ldrb	r3, [r3, #0]
100030e2:	4467      	add	r7, ip
100030e4:	3301      	adds	r3, #1
100030e6:	4293      	cmp	r3, r2
100030e8:	db00      	blt.n	100030ec <tud_task_ext+0x784>
100030ea:	e661      	b.n	10002db0 <tud_task_ext+0x448>
100030ec:	e78a      	b.n	10003004 <tud_task_ext+0x69c>
100030ee:	4b1d      	ldr	r3, [pc, #116]	; (10003164 <tud_task_ext+0x7fc>)
100030f0:	6932      	ldr	r2, [r6, #16]
100030f2:	429a      	cmp	r2, r3
100030f4:	d000      	beq.n	100030f8 <tud_task_ext+0x790>
100030f6:	e773      	b.n	10002fe0 <tud_task_ext+0x678>
100030f8:	9b04      	ldr	r3, [sp, #16]
100030fa:	9300      	str	r3, [sp, #0]
100030fc:	e770      	b.n	10002fe0 <tud_task_ext+0x678>
100030fe:	f7ff fb9d 	bl	1000283c <tud_descriptor_device_qualifier_cb>
10003102:	1e02      	subs	r2, r0, #0
10003104:	d100      	bne.n	10003108 <tud_task_ext+0x7a0>
10003106:	e4ca      	b.n	10002a9e <tud_task_ext+0x136>
10003108:	4658      	mov	r0, fp
1000310a:	7813      	ldrb	r3, [r2, #0]
1000310c:	a908      	add	r1, sp, #32
1000310e:	f000 f8f9 	bl	10003304 <tud_control_xfer>
10003112:	e580      	b.n	10002c16 <tud_task_ext+0x2ae>
10003114:	8921      	ldrh	r1, [r4, #8]
10003116:	f7ff f8c7 	bl	100022a8 <tud_descriptor_string_cb>
1000311a:	1e02      	subs	r2, r0, #0
1000311c:	d1f4      	bne.n	10003108 <tud_task_ext+0x7a0>
1000311e:	e4be      	b.n	10002a9e <tud_task_ext+0x136>
10003120:	2b02      	cmp	r3, #2
10003122:	d00f      	beq.n	10003144 <tud_task_ext+0x7dc>
10003124:	f7ff fb8c 	bl	10002840 <tud_descriptor_other_speed_configuration_cb>
10003128:	1e02      	subs	r2, r0, #0
1000312a:	d1c5      	bne.n	100030b8 <tud_task_ext+0x750>
1000312c:	e4b7      	b.n	10002a9e <tud_task_ext+0x136>
1000312e:	f7ff f8b3 	bl	10002298 <tud_descriptor_device_cb>
10003132:	1e02      	subs	r2, r0, #0
10003134:	d100      	bne.n	10003138 <tud_task_ext+0x7d0>
10003136:	e4b2      	b.n	10002a9e <tud_task_ext+0x136>
10003138:	2312      	movs	r3, #18
1000313a:	4658      	mov	r0, fp
1000313c:	a908      	add	r1, sp, #32
1000313e:	f000 f8e1 	bl	10003304 <tud_control_xfer>
10003142:	e568      	b.n	10002c16 <tud_task_ext+0x2ae>
10003144:	f7ff f8ac 	bl	100022a0 <tud_descriptor_configuration_cb>
10003148:	1e02      	subs	r2, r0, #0
1000314a:	d1b5      	bne.n	100030b8 <tud_task_ext+0x750>
1000314c:	e4a7      	b.n	10002a9e <tud_task_ext+0x136>
1000314e:	46c0      	nop			; (mov r8, r8)
10003150:	200015e4 	.word	0x200015e4
10003154:	20001f85 	.word	0x20001f85
10003158:	20001434 	.word	0x20001434
1000315c:	10004a6c 	.word	0x10004a6c
10003160:	200015f8 	.word	0x200015f8
10003164:	100037e5 	.word	0x100037e5

10003168 <usbd_open_edpt_pair>:
10003168:	b5f8      	push	{r3, r4, r5, r6, r7, lr}
1000316a:	4657      	mov	r7, sl
1000316c:	464e      	mov	r6, r9
1000316e:	46de      	mov	lr, fp
10003170:	4645      	mov	r5, r8
10003172:	000c      	movs	r4, r1
10003174:	b5e0      	push	{r5, r6, r7, lr}
10003176:	0016      	movs	r6, r2
10003178:	001f      	movs	r7, r3
1000317a:	2a00      	cmp	r2, #0
1000317c:	d03c      	beq.n	100031f8 <usbd_open_edpt_pair+0x90>
1000317e:	2370      	movs	r3, #112	; 0x70
10003180:	4698      	mov	r8, r3
10003182:	4b1e      	ldr	r3, [pc, #120]	; (100031fc <usbd_open_edpt_pair+0x94>)
10003184:	2500      	movs	r5, #0
10003186:	469b      	mov	fp, r3
10003188:	4b1d      	ldr	r3, [pc, #116]	; (10003200 <usbd_open_edpt_pair+0x98>)
1000318a:	469a      	mov	sl, r3
1000318c:	e01a      	b.n	100031c4 <usbd_open_edpt_pair+0x5c>
1000318e:	465b      	mov	r3, fp
10003190:	781b      	ldrb	r3, [r3, #0]
10003192:	0020      	movs	r0, r4
10003194:	4699      	mov	r9, r3
10003196:	4653      	mov	r3, sl
10003198:	7899      	ldrb	r1, [r3, #2]
1000319a:	f000 fe03 	bl	10003da4 <tu_edpt_validate>
1000319e:	2800      	cmp	r0, #0
100031a0:	d01c      	beq.n	100031dc <usbd_open_edpt_pair+0x74>
100031a2:	0021      	movs	r1, r4
100031a4:	4648      	mov	r0, r9
100031a6:	f7ff fa29 	bl	100025fc <dcd_edpt_open>
100031aa:	2800      	cmp	r0, #0
100031ac:	d016      	beq.n	100031dc <usbd_open_edpt_pair+0x74>
100031ae:	78a3      	ldrb	r3, [r4, #2]
100031b0:	09da      	lsrs	r2, r3, #7
100031b2:	2a01      	cmp	r2, #1
100031b4:	d019      	beq.n	100031ea <usbd_open_edpt_pair+0x82>
100031b6:	9a0a      	ldr	r2, [sp, #40]	; 0x28
100031b8:	3501      	adds	r5, #1
100031ba:	7013      	strb	r3, [r2, #0]
100031bc:	7823      	ldrb	r3, [r4, #0]
100031be:	18e4      	adds	r4, r4, r3
100031c0:	42b5      	cmp	r5, r6
100031c2:	da19      	bge.n	100031f8 <usbd_open_edpt_pair+0x90>
100031c4:	7863      	ldrb	r3, [r4, #1]
100031c6:	2b05      	cmp	r3, #5
100031c8:	d108      	bne.n	100031dc <usbd_open_edpt_pair+0x74>
100031ca:	78e3      	ldrb	r3, [r4, #3]
100031cc:	079b      	lsls	r3, r3, #30
100031ce:	0f9b      	lsrs	r3, r3, #30
100031d0:	42bb      	cmp	r3, r7
100031d2:	d103      	bne.n	100031dc <usbd_open_edpt_pair+0x74>
100031d4:	4642      	mov	r2, r8
100031d6:	78a3      	ldrb	r3, [r4, #2]
100031d8:	421a      	tst	r2, r3
100031da:	d0d8      	beq.n	1000318e <usbd_open_edpt_pair+0x26>
100031dc:	2000      	movs	r0, #0
100031de:	bcf0      	pop	{r4, r5, r6, r7}
100031e0:	46bb      	mov	fp, r7
100031e2:	46b2      	mov	sl, r6
100031e4:	46a9      	mov	r9, r5
100031e6:	46a0      	mov	r8, r4
100031e8:	bdf8      	pop	{r3, r4, r5, r6, r7, pc}
100031ea:	9a0b      	ldr	r2, [sp, #44]	; 0x2c
100031ec:	3501      	adds	r5, #1
100031ee:	7013      	strb	r3, [r2, #0]
100031f0:	7823      	ldrb	r3, [r4, #0]
100031f2:	18e4      	adds	r4, r4, r3
100031f4:	42b5      	cmp	r5, r6
100031f6:	dbe5      	blt.n	100031c4 <usbd_open_edpt_pair+0x5c>
100031f8:	2001      	movs	r0, #1
100031fa:	e7f0      	b.n	100031de <usbd_open_edpt_pair+0x76>
100031fc:	20001084 	.word	0x20001084
10003200:	200015e4 	.word	0x200015e4

10003204 <usbd_edpt_open>:
10003204:	2270      	movs	r2, #112	; 0x70
10003206:	b570      	push	{r4, r5, r6, lr}
10003208:	788b      	ldrb	r3, [r1, #2]
1000320a:	000c      	movs	r4, r1
1000320c:	421a      	tst	r2, r3
1000320e:	d001      	beq.n	10003214 <usbd_edpt_open+0x10>
10003210:	2000      	movs	r0, #0
10003212:	bd70      	pop	{r4, r5, r6, pc}
10003214:	4b06      	ldr	r3, [pc, #24]	; (10003230 <usbd_edpt_open+0x2c>)
10003216:	0020      	movs	r0, r4
10003218:	781d      	ldrb	r5, [r3, #0]
1000321a:	4b06      	ldr	r3, [pc, #24]	; (10003234 <usbd_edpt_open+0x30>)
1000321c:	7899      	ldrb	r1, [r3, #2]
1000321e:	f000 fdc1 	bl	10003da4 <tu_edpt_validate>
10003222:	2800      	cmp	r0, #0
10003224:	d0f4      	beq.n	10003210 <usbd_edpt_open+0xc>
10003226:	0021      	movs	r1, r4
10003228:	0028      	movs	r0, r5
1000322a:	f7ff f9e7 	bl	100025fc <dcd_edpt_open>
1000322e:	e7f0      	b.n	10003212 <usbd_edpt_open+0xe>
10003230:	20001084 	.word	0x20001084
10003234:	200015e4 	.word	0x200015e4

10003238 <usbd_edpt_claim>:
10003238:	4b07      	ldr	r3, [pc, #28]	; (10003258 <usbd_edpt_claim+0x20>)
1000323a:	0008      	movs	r0, r1
1000323c:	6819      	ldr	r1, [r3, #0]
1000323e:	237f      	movs	r3, #127	; 0x7f
10003240:	b510      	push	{r4, lr}
10003242:	4003      	ands	r3, r0
10003244:	09c0      	lsrs	r0, r0, #7
10003246:	005b      	lsls	r3, r3, #1
10003248:	3034      	adds	r0, #52	; 0x34
1000324a:	1818      	adds	r0, r3, r0
1000324c:	4b03      	ldr	r3, [pc, #12]	; (1000325c <usbd_edpt_claim+0x24>)
1000324e:	1818      	adds	r0, r3, r0
10003250:	f000 fd64 	bl	10003d1c <tu_edpt_claim>
10003254:	bd10      	pop	{r4, pc}
10003256:	46c0      	nop			; (mov r8, r8)
10003258:	20001638 	.word	0x20001638
1000325c:	200015e4 	.word	0x200015e4

10003260 <usbd_edpt_release>:
10003260:	4b07      	ldr	r3, [pc, #28]	; (10003280 <usbd_edpt_release+0x20>)
10003262:	0008      	movs	r0, r1
10003264:	6819      	ldr	r1, [r3, #0]
10003266:	237f      	movs	r3, #127	; 0x7f
10003268:	b510      	push	{r4, lr}
1000326a:	4003      	ands	r3, r0
1000326c:	09c0      	lsrs	r0, r0, #7
1000326e:	005b      	lsls	r3, r3, #1
10003270:	3034      	adds	r0, #52	; 0x34
10003272:	1818      	adds	r0, r3, r0
10003274:	4b03      	ldr	r3, [pc, #12]	; (10003284 <usbd_edpt_release+0x24>)
10003276:	1818      	adds	r0, r3, r0
10003278:	f000 fd78 	bl	10003d6c <tu_edpt_release>
1000327c:	bd10      	pop	{r4, pc}
1000327e:	46c0      	nop			; (mov r8, r8)
10003280:	20001638 	.word	0x20001638
10003284:	200015e4 	.word	0x200015e4

10003288 <usbd_edpt_xfer>:
10003288:	207f      	movs	r0, #127	; 0x7f
1000328a:	b570      	push	{r4, r5, r6, lr}
1000328c:	4008      	ands	r0, r1
1000328e:	4c0f      	ldr	r4, [pc, #60]	; (100032cc <usbd_edpt_xfer+0x44>)
10003290:	0040      	lsls	r0, r0, #1
10003292:	09cd      	lsrs	r5, r1, #7
10003294:	1824      	adds	r4, r4, r0
10003296:	1964      	adds	r4, r4, r5
10003298:	3430      	adds	r4, #48	; 0x30
1000329a:	7925      	ldrb	r5, [r4, #4]
1000329c:	2000      	movs	r0, #0
1000329e:	07ed      	lsls	r5, r5, #31
100032a0:	d500      	bpl.n	100032a4 <usbd_edpt_xfer+0x1c>
100032a2:	bd70      	pop	{r4, r5, r6, pc}
100032a4:	2601      	movs	r6, #1
100032a6:	7925      	ldrb	r5, [r4, #4]
100032a8:	4809      	ldr	r0, [pc, #36]	; (100032d0 <usbd_edpt_xfer+0x48>)
100032aa:	4335      	orrs	r5, r6
100032ac:	7800      	ldrb	r0, [r0, #0]
100032ae:	7125      	strb	r5, [r4, #4]
100032b0:	f7ff fa32 	bl	10002718 <dcd_edpt_xfer>
100032b4:	2800      	cmp	r0, #0
100032b6:	d1f4      	bne.n	100032a2 <usbd_edpt_xfer+0x1a>
100032b8:	2201      	movs	r2, #1
100032ba:	7923      	ldrb	r3, [r4, #4]
100032bc:	4393      	bics	r3, r2
100032be:	7123      	strb	r3, [r4, #4]
100032c0:	7923      	ldrb	r3, [r4, #4]
100032c2:	3203      	adds	r2, #3
100032c4:	4393      	bics	r3, r2
100032c6:	7123      	strb	r3, [r4, #4]
100032c8:	e7eb      	b.n	100032a2 <usbd_edpt_xfer+0x1a>
100032ca:	46c0      	nop			; (mov r8, r8)
100032cc:	200015e4 	.word	0x200015e4
100032d0:	20001084 	.word	0x20001084

100032d4 <tud_control_status>:
100032d4:	b570      	push	{r4, r5, r6, lr}
100032d6:	4e0a      	ldr	r6, [pc, #40]	; (10003300 <tud_control_status+0x2c>)
100032d8:	0005      	movs	r5, r0
100032da:	0030      	movs	r0, r6
100032dc:	2208      	movs	r2, #8
100032de:	000c      	movs	r4, r1
100032e0:	f7fe fb4e 	bl	10001980 <__wrap___aeabi_memcpy>
100032e4:	2300      	movs	r3, #0
100032e6:	217f      	movs	r1, #127	; 0x7f
100032e8:	60f3      	str	r3, [r6, #12]
100032ea:	7822      	ldrb	r2, [r4, #0]
100032ec:	60b3      	str	r3, [r6, #8]
100032ee:	4291      	cmp	r1, r2
100032f0:	415b      	adcs	r3, r3
100032f2:	0028      	movs	r0, r5
100032f4:	01d9      	lsls	r1, r3, #7
100032f6:	2200      	movs	r2, #0
100032f8:	2300      	movs	r3, #0
100032fa:	f7ff ffc5 	bl	10003288 <usbd_edpt_xfer>
100032fe:	bd70      	pop	{r4, r5, r6, pc}
10003300:	200015c4 	.word	0x200015c4

10003304 <tud_control_xfer>:
10003304:	b5f8      	push	{r3, r4, r5, r6, r7, lr}
10003306:	46ce      	mov	lr, r9
10003308:	4647      	mov	r7, r8
1000330a:	4691      	mov	r9, r2
1000330c:	4e2a      	ldr	r6, [pc, #168]	; (100033b8 <tud_control_xfer+0xb4>)
1000330e:	b580      	push	{r7, lr}
10003310:	2208      	movs	r2, #8
10003312:	0007      	movs	r7, r0
10003314:	0030      	movs	r0, r6
10003316:	000d      	movs	r5, r1
10003318:	4698      	mov	r8, r3
1000331a:	f7fe fb31 	bl	10001980 <__wrap___aeabi_memcpy>
1000331e:	464b      	mov	r3, r9
10003320:	60b3      	str	r3, [r6, #8]
10003322:	2300      	movs	r3, #0
10003324:	81f3      	strh	r3, [r6, #14]
10003326:	79ec      	ldrb	r4, [r5, #7]
10003328:	79a9      	ldrb	r1, [r5, #6]
1000332a:	0224      	lsls	r4, r4, #8
1000332c:	430c      	orrs	r4, r1
1000332e:	1c23      	adds	r3, r4, #0
10003330:	4544      	cmp	r4, r8
10003332:	d900      	bls.n	10003336 <tud_control_xfer+0x32>
10003334:	4643      	mov	r3, r8
10003336:	b29a      	uxth	r2, r3
10003338:	4690      	mov	r8, r2
1000333a:	81b3      	strh	r3, [r6, #12]
1000333c:	2c00      	cmp	r4, #0
1000333e:	d013      	beq.n	10003368 <tud_control_xfer+0x64>
10003340:	2a00      	cmp	r2, #0
10003342:	d01f      	beq.n	10003384 <tud_control_xfer+0x80>
10003344:	464b      	mov	r3, r9
10003346:	2b00      	cmp	r3, #0
10003348:	d034      	beq.n	100033b4 <tud_control_xfer+0xb0>
1000334a:	1c13      	adds	r3, r2, #0
1000334c:	2a40      	cmp	r2, #64	; 0x40
1000334e:	d81f      	bhi.n	10003390 <tud_control_xfer+0x8c>
10003350:	b29b      	uxth	r3, r3
10003352:	4698      	mov	r8, r3
10003354:	7833      	ldrb	r3, [r6, #0]
10003356:	2b7f      	cmp	r3, #127	; 0x7f
10003358:	d820      	bhi.n	1000339c <tud_control_xfer+0x98>
1000335a:	2100      	movs	r1, #0
1000335c:	4a17      	ldr	r2, [pc, #92]	; (100033bc <tud_control_xfer+0xb8>)
1000335e:	4643      	mov	r3, r8
10003360:	0038      	movs	r0, r7
10003362:	f7ff ff91 	bl	10003288 <usbd_edpt_xfer>
10003366:	e009      	b.n	1000337c <tud_control_xfer+0x78>
10003368:	227f      	movs	r2, #127	; 0x7f
1000336a:	782b      	ldrb	r3, [r5, #0]
1000336c:	0038      	movs	r0, r7
1000336e:	429a      	cmp	r2, r3
10003370:	4164      	adcs	r4, r4
10003372:	2300      	movs	r3, #0
10003374:	2200      	movs	r2, #0
10003376:	01e1      	lsls	r1, r4, #7
10003378:	f7ff ff86 	bl	10003288 <usbd_edpt_xfer>
1000337c:	bcc0      	pop	{r6, r7}
1000337e:	46b9      	mov	r9, r7
10003380:	46b0      	mov	r8, r6
10003382:	bdf8      	pop	{r3, r4, r5, r6, r7, pc}
10003384:	7833      	ldrb	r3, [r6, #0]
10003386:	2b7f      	cmp	r3, #127	; 0x7f
10003388:	d911      	bls.n	100033ae <tud_control_xfer+0xaa>
1000338a:	2180      	movs	r1, #128	; 0x80
1000338c:	2200      	movs	r2, #0
1000338e:	e7e6      	b.n	1000335e <tud_control_xfer+0x5a>
10003390:	2340      	movs	r3, #64	; 0x40
10003392:	b29b      	uxth	r3, r3
10003394:	4698      	mov	r8, r3
10003396:	7833      	ldrb	r3, [r6, #0]
10003398:	2b7f      	cmp	r3, #127	; 0x7f
1000339a:	d9de      	bls.n	1000335a <tud_control_xfer+0x56>
1000339c:	4c07      	ldr	r4, [pc, #28]	; (100033bc <tud_control_xfer+0xb8>)
1000339e:	4642      	mov	r2, r8
100033a0:	4649      	mov	r1, r9
100033a2:	0020      	movs	r0, r4
100033a4:	f7fe faec 	bl	10001980 <__wrap___aeabi_memcpy>
100033a8:	2180      	movs	r1, #128	; 0x80
100033aa:	0022      	movs	r2, r4
100033ac:	e7d7      	b.n	1000335e <tud_control_xfer+0x5a>
100033ae:	2100      	movs	r1, #0
100033b0:	2200      	movs	r2, #0
100033b2:	e7d4      	b.n	1000335e <tud_control_xfer+0x5a>
100033b4:	2000      	movs	r0, #0
100033b6:	e7e1      	b.n	1000337c <tud_control_xfer+0x78>
100033b8:	200015c4 	.word	0x200015c4
100033bc:	20001584 	.word	0x20001584

100033c0 <usbd_control_reset>:
100033c0:	b510      	push	{r4, lr}
100033c2:	2214      	movs	r2, #20
100033c4:	2100      	movs	r1, #0
100033c6:	4802      	ldr	r0, [pc, #8]	; (100033d0 <usbd_control_reset+0x10>)
100033c8:	f7fe fad4 	bl	10001974 <__wrap_memset>
100033cc:	bd10      	pop	{r4, pc}
100033ce:	46c0      	nop			; (mov r8, r8)
100033d0:	200015c4 	.word	0x200015c4

100033d4 <usbd_control_set_complete_callback>:
100033d4:	4b01      	ldr	r3, [pc, #4]	; (100033dc <usbd_control_set_complete_callback+0x8>)
100033d6:	6118      	str	r0, [r3, #16]
100033d8:	4770      	bx	lr
100033da:	46c0      	nop			; (mov r8, r8)
100033dc:	200015c4 	.word	0x200015c4

100033e0 <usbd_control_set_request>:
100033e0:	b510      	push	{r4, lr}
100033e2:	4c05      	ldr	r4, [pc, #20]	; (100033f8 <usbd_control_set_request+0x18>)
100033e4:	0001      	movs	r1, r0
100033e6:	2208      	movs	r2, #8
100033e8:	0020      	movs	r0, r4
100033ea:	f7fe fac9 	bl	10001980 <__wrap___aeabi_memcpy>
100033ee:	2300      	movs	r3, #0
100033f0:	60a3      	str	r3, [r4, #8]
100033f2:	60e3      	str	r3, [r4, #12]
100033f4:	bd10      	pop	{r4, pc}
100033f6:	46c0      	nop			; (mov r8, r8)
100033f8:	200015c4 	.word	0x200015c4

100033fc <usbd_control_xfer_cb>:
100033fc:	b5f8      	push	{r3, r4, r5, r6, r7, lr}
100033fe:	4c39      	ldr	r4, [pc, #228]	; (100034e4 <usbd_control_xfer_cb+0xe8>)
10003400:	001d      	movs	r5, r3
10003402:	7823      	ldrb	r3, [r4, #0]
10003404:	0006      	movs	r6, r0
10003406:	09da      	lsrs	r2, r3, #7
10003408:	09c9      	lsrs	r1, r1, #7
1000340a:	428a      	cmp	r2, r1
1000340c:	d010      	beq.n	10003430 <usbd_control_xfer_cb+0x34>
1000340e:	2000      	movs	r0, #0
10003410:	2d00      	cmp	r5, #0
10003412:	d000      	beq.n	10003416 <usbd_control_xfer_cb+0x1a>
10003414:	bdf8      	pop	{r3, r4, r5, r6, r7, pc}
10003416:	0021      	movs	r1, r4
10003418:	0030      	movs	r0, r6
1000341a:	f7ff f8e1 	bl	100025e0 <dcd_edpt0_status_complete>
1000341e:	6923      	ldr	r3, [r4, #16]
10003420:	2b00      	cmp	r3, #0
10003422:	d042      	beq.n	100034aa <usbd_control_xfer_cb+0xae>
10003424:	0022      	movs	r2, r4
10003426:	2103      	movs	r1, #3
10003428:	0030      	movs	r0, r6
1000342a:	4798      	blx	r3
1000342c:	2001      	movs	r0, #1
1000342e:	e7f1      	b.n	10003414 <usbd_control_xfer_cb+0x18>
10003430:	2b7f      	cmp	r3, #127	; 0x7f
10003432:	d806      	bhi.n	10003442 <usbd_control_xfer_cb+0x46>
10003434:	68a0      	ldr	r0, [r4, #8]
10003436:	2800      	cmp	r0, #0
10003438:	d039      	beq.n	100034ae <usbd_control_xfer_cb+0xb2>
1000343a:	002a      	movs	r2, r5
1000343c:	492a      	ldr	r1, [pc, #168]	; (100034e8 <usbd_control_xfer_cb+0xec>)
1000343e:	f7fe fa9f 	bl	10001980 <__wrap___aeabi_memcpy>
10003442:	68a3      	ldr	r3, [r4, #8]
10003444:	89e2      	ldrh	r2, [r4, #14]
10003446:	1959      	adds	r1, r3, r5
10003448:	1952      	adds	r2, r2, r5
1000344a:	88e3      	ldrh	r3, [r4, #6]
1000344c:	b292      	uxth	r2, r2
1000344e:	81e2      	strh	r2, [r4, #14]
10003450:	60a1      	str	r1, [r4, #8]
10003452:	4293      	cmp	r3, r2
10003454:	d014      	beq.n	10003480 <usbd_control_xfer_cb+0x84>
10003456:	2d3f      	cmp	r5, #63	; 0x3f
10003458:	d912      	bls.n	10003480 <usbd_control_xfer_cb+0x84>
1000345a:	89a5      	ldrh	r5, [r4, #12]
1000345c:	1aa8      	subs	r0, r5, r2
1000345e:	1c07      	adds	r7, r0, #0
10003460:	b280      	uxth	r0, r0
10003462:	2840      	cmp	r0, #64	; 0x40
10003464:	d82f      	bhi.n	100034c6 <usbd_control_xfer_cb+0xca>
10003466:	7823      	ldrb	r3, [r4, #0]
10003468:	b2bf      	uxth	r7, r7
1000346a:	2b7f      	cmp	r3, #127	; 0x7f
1000346c:	d82d      	bhi.n	100034ca <usbd_control_xfer_cb+0xce>
1000346e:	2100      	movs	r1, #0
10003470:	42aa      	cmp	r2, r5
10003472:	d035      	beq.n	100034e0 <usbd_control_xfer_cb+0xe4>
10003474:	4a1c      	ldr	r2, [pc, #112]	; (100034e8 <usbd_control_xfer_cb+0xec>)
10003476:	003b      	movs	r3, r7
10003478:	0030      	movs	r0, r6
1000347a:	f7ff ff05 	bl	10003288 <usbd_edpt_xfer>
1000347e:	e7c9      	b.n	10003414 <usbd_control_xfer_cb+0x18>
10003480:	6923      	ldr	r3, [r4, #16]
10003482:	2b00      	cmp	r3, #0
10003484:	d005      	beq.n	10003492 <usbd_control_xfer_cb+0x96>
10003486:	0022      	movs	r2, r4
10003488:	2102      	movs	r1, #2
1000348a:	0030      	movs	r0, r6
1000348c:	4798      	blx	r3
1000348e:	2800      	cmp	r0, #0
10003490:	d00f      	beq.n	100034b2 <usbd_control_xfer_cb+0xb6>
10003492:	227f      	movs	r2, #127	; 0x7f
10003494:	2100      	movs	r1, #0
10003496:	7823      	ldrb	r3, [r4, #0]
10003498:	0030      	movs	r0, r6
1000349a:	429a      	cmp	r2, r3
1000349c:	4149      	adcs	r1, r1
1000349e:	2300      	movs	r3, #0
100034a0:	2200      	movs	r2, #0
100034a2:	01c9      	lsls	r1, r1, #7
100034a4:	f7ff fef0 	bl	10003288 <usbd_edpt_xfer>
100034a8:	e7b4      	b.n	10003414 <usbd_control_xfer_cb+0x18>
100034aa:	2001      	movs	r0, #1
100034ac:	e7b2      	b.n	10003414 <usbd_control_xfer_cb+0x18>
100034ae:	2000      	movs	r0, #0
100034b0:	e7b0      	b.n	10003414 <usbd_control_xfer_cb+0x18>
100034b2:	2100      	movs	r1, #0
100034b4:	0030      	movs	r0, r6
100034b6:	f7ff f941 	bl	1000273c <dcd_edpt_stall>
100034ba:	0030      	movs	r0, r6
100034bc:	2180      	movs	r1, #128	; 0x80
100034be:	f7ff f93d 	bl	1000273c <dcd_edpt_stall>
100034c2:	2001      	movs	r0, #1
100034c4:	e7a6      	b.n	10003414 <usbd_control_xfer_cb+0x18>
100034c6:	2740      	movs	r7, #64	; 0x40
100034c8:	e7cd      	b.n	10003466 <usbd_control_xfer_cb+0x6a>
100034ca:	42aa      	cmp	r2, r5
100034cc:	d007      	beq.n	100034de <usbd_control_xfer_cb+0xe2>
100034ce:	4c06      	ldr	r4, [pc, #24]	; (100034e8 <usbd_control_xfer_cb+0xec>)
100034d0:	003a      	movs	r2, r7
100034d2:	0020      	movs	r0, r4
100034d4:	f7fe fa54 	bl	10001980 <__wrap___aeabi_memcpy>
100034d8:	2180      	movs	r1, #128	; 0x80
100034da:	0022      	movs	r2, r4
100034dc:	e7cb      	b.n	10003476 <usbd_control_xfer_cb+0x7a>
100034de:	2180      	movs	r1, #128	; 0x80
100034e0:	2200      	movs	r2, #0
100034e2:	e7c8      	b.n	10003476 <usbd_control_xfer_cb+0x7a>
100034e4:	200015c4 	.word	0x200015c4
100034e8:	20001584 	.word	0x20001584

100034ec <_prep_out_transaction.isra.0>:
100034ec:	b570      	push	{r4, r5, r6, lr}
100034ee:	0005      	movs	r5, r0
100034f0:	f7ff f9b0 	bl	10002854 <tud_mounted>
100034f4:	2800      	cmp	r0, #0
100034f6:	d100      	bne.n	100034fa <_prep_out_transaction.isra.0+0xe>
100034f8:	bd70      	pop	{r4, r5, r6, pc}
100034fa:	f7ff f9b3 	bl	10002864 <tud_suspended>
100034fe:	2800      	cmp	r0, #0
10003500:	d1fa      	bne.n	100034f8 <_prep_out_transaction.isra.0+0xc>
10003502:	23c8      	movs	r3, #200	; 0xc8
10003504:	436b      	muls	r3, r5
10003506:	4a12      	ldr	r2, [pc, #72]	; (10003550 <_prep_out_transaction.isra.0+0x64>)
10003508:	18d6      	adds	r6, r2, r3
1000350a:	78f1      	ldrb	r1, [r6, #3]
1000350c:	2900      	cmp	r1, #0
1000350e:	d0f3      	beq.n	100034f8 <_prep_out_transaction.isra.0+0xc>
10003510:	3310      	adds	r3, #16
10003512:	189c      	adds	r4, r3, r2
10003514:	0020      	movs	r0, r4
10003516:	f000 fdf5 	bl	10004104 <tu_fifo_remaining>
1000351a:	283f      	cmp	r0, #63	; 0x3f
1000351c:	d9ec      	bls.n	100034f8 <_prep_out_transaction.isra.0+0xc>
1000351e:	2000      	movs	r0, #0
10003520:	78f1      	ldrb	r1, [r6, #3]
10003522:	f7ff fe89 	bl	10003238 <usbd_edpt_claim>
10003526:	2800      	cmp	r0, #0
10003528:	d0e6      	beq.n	100034f8 <_prep_out_transaction.isra.0+0xc>
1000352a:	0020      	movs	r0, r4
1000352c:	f000 fdea 	bl	10004104 <tu_fifo_remaining>
10003530:	283f      	cmp	r0, #63	; 0x3f
10003532:	d908      	bls.n	10003546 <_prep_out_transaction.isra.0+0x5a>
10003534:	01ea      	lsls	r2, r5, #7
10003536:	4d07      	ldr	r5, [pc, #28]	; (10003554 <_prep_out_transaction.isra.0+0x68>)
10003538:	2340      	movs	r3, #64	; 0x40
1000353a:	78f1      	ldrb	r1, [r6, #3]
1000353c:	1952      	adds	r2, r2, r5
1000353e:	2000      	movs	r0, #0
10003540:	f7ff fea2 	bl	10003288 <usbd_edpt_xfer>
10003544:	e7d8      	b.n	100034f8 <_prep_out_transaction.isra.0+0xc>
10003546:	78f1      	ldrb	r1, [r6, #3]
10003548:	2000      	movs	r0, #0
1000354a:	f7ff fe89 	bl	10003260 <usbd_edpt_release>
1000354e:	e7d3      	b.n	100034f8 <_prep_out_transaction.isra.0+0xc>
10003550:	200014bc 	.word	0x200014bc
10003554:	20001438 	.word	0x20001438

10003558 <tud_cdc_n_connected>:
10003558:	b510      	push	{r4, lr}
1000355a:	0004      	movs	r4, r0
1000355c:	f7ff f97a 	bl	10002854 <tud_mounted>
10003560:	2800      	cmp	r0, #0
10003562:	d101      	bne.n	10003568 <tud_cdc_n_connected+0x10>
10003564:	2000      	movs	r0, #0
10003566:	bd10      	pop	{r4, pc}
10003568:	f7ff f97c 	bl	10002864 <tud_suspended>
1000356c:	2800      	cmp	r0, #0
1000356e:	d1f9      	bne.n	10003564 <tud_cdc_n_connected+0xc>
10003570:	30c8      	adds	r0, #200	; 0xc8
10003572:	4344      	muls	r4, r0
10003574:	4802      	ldr	r0, [pc, #8]	; (10003580 <tud_cdc_n_connected+0x28>)
10003576:	1900      	adds	r0, r0, r4
10003578:	7903      	ldrb	r3, [r0, #4]
1000357a:	2001      	movs	r0, #1
1000357c:	4018      	ands	r0, r3
1000357e:	e7f2      	b.n	10003566 <tud_cdc_n_connected+0xe>
10003580:	200014bc 	.word	0x200014bc

10003584 <tud_cdc_n_available>:
10003584:	23c8      	movs	r3, #200	; 0xc8
10003586:	4358      	muls	r0, r3
10003588:	b510      	push	{r4, lr}
1000358a:	4b03      	ldr	r3, [pc, #12]	; (10003598 <tud_cdc_n_available+0x14>)
1000358c:	3010      	adds	r0, #16
1000358e:	18c0      	adds	r0, r0, r3
10003590:	f000 fd9a 	bl	100040c8 <tu_fifo_count>
10003594:	bd10      	pop	{r4, pc}
10003596:	46c0      	nop			; (mov r8, r8)
10003598:	200014bc 	.word	0x200014bc

1000359c <tud_cdc_n_read>:
1000359c:	b5f0      	push	{r4, r5, r6, r7, lr}
1000359e:	24c8      	movs	r4, #200	; 0xc8
100035a0:	46c6      	mov	lr, r8
100035a2:	4344      	muls	r4, r0
100035a4:	4f1e      	ldr	r7, [pc, #120]	; (10003620 <tud_cdc_n_read+0x84>)
100035a6:	4b1f      	ldr	r3, [pc, #124]	; (10003624 <tud_cdc_n_read+0x88>)
100035a8:	3410      	adds	r4, #16
100035aa:	0005      	movs	r5, r0
100035ac:	b500      	push	{lr}
100035ae:	193c      	adds	r4, r7, r4
100035b0:	429a      	cmp	r2, r3
100035b2:	d900      	bls.n	100035b6 <tud_cdc_n_read+0x1a>
100035b4:	4a1c      	ldr	r2, [pc, #112]	; (10003628 <tud_cdc_n_read+0x8c>)
100035b6:	0020      	movs	r0, r4
100035b8:	b292      	uxth	r2, r2
100035ba:	f000 fe09 	bl	100041d0 <tu_fifo_read_n>
100035be:	4680      	mov	r8, r0
100035c0:	f7ff f948 	bl	10002854 <tud_mounted>
100035c4:	2800      	cmp	r0, #0
100035c6:	d103      	bne.n	100035d0 <tud_cdc_n_read+0x34>
100035c8:	4640      	mov	r0, r8
100035ca:	bc80      	pop	{r7}
100035cc:	46b8      	mov	r8, r7
100035ce:	bdf0      	pop	{r4, r5, r6, r7, pc}
100035d0:	f7ff f948 	bl	10002864 <tud_suspended>
100035d4:	2800      	cmp	r0, #0
100035d6:	d1f7      	bne.n	100035c8 <tud_cdc_n_read+0x2c>
100035d8:	26c8      	movs	r6, #200	; 0xc8
100035da:	436e      	muls	r6, r5
100035dc:	19be      	adds	r6, r7, r6
100035de:	78f3      	ldrb	r3, [r6, #3]
100035e0:	2b00      	cmp	r3, #0
100035e2:	d0f1      	beq.n	100035c8 <tud_cdc_n_read+0x2c>
100035e4:	0020      	movs	r0, r4
100035e6:	f000 fd8d 	bl	10004104 <tu_fifo_remaining>
100035ea:	283f      	cmp	r0, #63	; 0x3f
100035ec:	d9ec      	bls.n	100035c8 <tud_cdc_n_read+0x2c>
100035ee:	2000      	movs	r0, #0
100035f0:	78f1      	ldrb	r1, [r6, #3]
100035f2:	f7ff fe21 	bl	10003238 <usbd_edpt_claim>
100035f6:	2800      	cmp	r0, #0
100035f8:	d0e6      	beq.n	100035c8 <tud_cdc_n_read+0x2c>
100035fa:	0020      	movs	r0, r4
100035fc:	f000 fd82 	bl	10004104 <tu_fifo_remaining>
10003600:	283f      	cmp	r0, #63	; 0x3f
10003602:	d908      	bls.n	10003616 <tud_cdc_n_read+0x7a>
10003604:	01ea      	lsls	r2, r5, #7
10003606:	4d09      	ldr	r5, [pc, #36]	; (1000362c <tud_cdc_n_read+0x90>)
10003608:	2340      	movs	r3, #64	; 0x40
1000360a:	78f1      	ldrb	r1, [r6, #3]
1000360c:	1952      	adds	r2, r2, r5
1000360e:	2000      	movs	r0, #0
10003610:	f7ff fe3a 	bl	10003288 <usbd_edpt_xfer>
10003614:	e7d8      	b.n	100035c8 <tud_cdc_n_read+0x2c>
10003616:	78f1      	ldrb	r1, [r6, #3]
10003618:	2000      	movs	r0, #0
1000361a:	f7ff fe21 	bl	10003260 <usbd_edpt_release>
1000361e:	e7d3      	b.n	100035c8 <tud_cdc_n_read+0x2c>
10003620:	200014bc 	.word	0x200014bc
10003624:	0000fffe 	.word	0x0000fffe
10003628:	0000ffff 	.word	0x0000ffff
1000362c:	20001438 	.word	0x20001438

10003630 <tud_cdc_n_write_flush>:
10003630:	b5f8      	push	{r3, r4, r5, r6, r7, lr}
10003632:	0006      	movs	r6, r0
10003634:	f7ff f90e 	bl	10002854 <tud_mounted>
10003638:	2800      	cmp	r0, #0
1000363a:	d101      	bne.n	10003640 <tud_cdc_n_write_flush+0x10>
1000363c:	2000      	movs	r0, #0
1000363e:	bdf8      	pop	{r3, r4, r5, r6, r7, pc}
10003640:	f7ff f910 	bl	10002864 <tud_suspended>
10003644:	2800      	cmp	r0, #0
10003646:	d1f9      	bne.n	1000363c <tud_cdc_n_write_flush+0xc>
10003648:	24c8      	movs	r4, #200	; 0xc8
1000364a:	4374      	muls	r4, r6
1000364c:	0025      	movs	r5, r4
1000364e:	4f14      	ldr	r7, [pc, #80]	; (100036a0 <tud_cdc_n_write_flush+0x70>)
10003650:	3524      	adds	r5, #36	; 0x24
10003652:	19ed      	adds	r5, r5, r7
10003654:	0028      	movs	r0, r5
10003656:	f000 fd37 	bl	100040c8 <tu_fifo_count>
1000365a:	2800      	cmp	r0, #0
1000365c:	d0ee      	beq.n	1000363c <tud_cdc_n_write_flush+0xc>
1000365e:	193f      	adds	r7, r7, r4
10003660:	2000      	movs	r0, #0
10003662:	78b9      	ldrb	r1, [r7, #2]
10003664:	f7ff fde8 	bl	10003238 <usbd_edpt_claim>
10003668:	2800      	cmp	r0, #0
1000366a:	d0e7      	beq.n	1000363c <tud_cdc_n_write_flush+0xc>
1000366c:	480d      	ldr	r0, [pc, #52]	; (100036a4 <tud_cdc_n_write_flush+0x74>)
1000366e:	01f6      	lsls	r6, r6, #7
10003670:	3640      	adds	r6, #64	; 0x40
10003672:	1836      	adds	r6, r6, r0
10003674:	0031      	movs	r1, r6
10003676:	2240      	movs	r2, #64	; 0x40
10003678:	0028      	movs	r0, r5
1000367a:	f000 fda9 	bl	100041d0 <tu_fifo_read_n>
1000367e:	78b9      	ldrb	r1, [r7, #2]
10003680:	1e04      	subs	r4, r0, #0
10003682:	d008      	beq.n	10003696 <tud_cdc_n_write_flush+0x66>
10003684:	0003      	movs	r3, r0
10003686:	0032      	movs	r2, r6
10003688:	2000      	movs	r0, #0
1000368a:	f7ff fdfd 	bl	10003288 <usbd_edpt_xfer>
1000368e:	2800      	cmp	r0, #0
10003690:	d0d4      	beq.n	1000363c <tud_cdc_n_write_flush+0xc>
10003692:	0020      	movs	r0, r4
10003694:	e7d3      	b.n	1000363e <tud_cdc_n_write_flush+0xe>
10003696:	2000      	movs	r0, #0
10003698:	f7ff fde2 	bl	10003260 <usbd_edpt_release>
1000369c:	e7ce      	b.n	1000363c <tud_cdc_n_write_flush+0xc>
1000369e:	46c0      	nop			; (mov r8, r8)
100036a0:	200014bc 	.word	0x200014bc
100036a4:	20001438 	.word	0x20001438

100036a8 <tud_cdc_n_write>:
100036a8:	b570      	push	{r4, r5, r6, lr}
100036aa:	24c8      	movs	r4, #200	; 0xc8
100036ac:	4344      	muls	r4, r0
100036ae:	4b0c      	ldr	r3, [pc, #48]	; (100036e0 <tud_cdc_n_write+0x38>)
100036b0:	3424      	adds	r4, #36	; 0x24
100036b2:	18e4      	adds	r4, r4, r3
100036b4:	4b0b      	ldr	r3, [pc, #44]	; (100036e4 <tud_cdc_n_write+0x3c>)
100036b6:	0005      	movs	r5, r0
100036b8:	429a      	cmp	r2, r3
100036ba:	d900      	bls.n	100036be <tud_cdc_n_write+0x16>
100036bc:	4a0a      	ldr	r2, [pc, #40]	; (100036e8 <tud_cdc_n_write+0x40>)
100036be:	0020      	movs	r0, r4
100036c0:	b292      	uxth	r2, r2
100036c2:	f000 fe3f 	bl	10004344 <tu_fifo_write_n>
100036c6:	0006      	movs	r6, r0
100036c8:	0020      	movs	r0, r4
100036ca:	f000 fcfd 	bl	100040c8 <tu_fifo_count>
100036ce:	283f      	cmp	r0, #63	; 0x3f
100036d0:	d801      	bhi.n	100036d6 <tud_cdc_n_write+0x2e>
100036d2:	0030      	movs	r0, r6
100036d4:	bd70      	pop	{r4, r5, r6, pc}
100036d6:	0028      	movs	r0, r5
100036d8:	f7ff ffaa 	bl	10003630 <tud_cdc_n_write_flush>
100036dc:	e7f9      	b.n	100036d2 <tud_cdc_n_write+0x2a>
100036de:	46c0      	nop			; (mov r8, r8)
100036e0:	200014bc 	.word	0x200014bc
100036e4:	0000fffe 	.word	0x0000fffe
100036e8:	0000ffff 	.word	0x0000ffff

100036ec <tud_cdc_n_write_available>:
100036ec:	23c8      	movs	r3, #200	; 0xc8
100036ee:	4358      	muls	r0, r3
100036f0:	b510      	push	{r4, lr}
100036f2:	4b03      	ldr	r3, [pc, #12]	; (10003700 <tud_cdc_n_write_available+0x14>)
100036f4:	3024      	adds	r0, #36	; 0x24
100036f6:	18c0      	adds	r0, r0, r3
100036f8:	f000 fd04 	bl	10004104 <tu_fifo_remaining>
100036fc:	bd10      	pop	{r4, pc}
100036fe:	46c0      	nop			; (mov r8, r8)
10003700:	200014bc 	.word	0x200014bc

10003704 <cdcd_init>:
10003704:	b5f0      	push	{r4, r5, r6, r7, lr}
10003706:	2500      	movs	r5, #0
10003708:	4c18      	ldr	r4, [pc, #96]	; (1000376c <cdcd_init+0x68>)
1000370a:	b083      	sub	sp, #12
1000370c:	22c8      	movs	r2, #200	; 0xc8
1000370e:	2100      	movs	r1, #0
10003710:	0020      	movs	r0, r4
10003712:	f7fe f92f 	bl	10001974 <__wrap_memset>
10003716:	4b16      	ldr	r3, [pc, #88]	; (10003770 <cdcd_init+0x6c>)
10003718:	0021      	movs	r1, r4
1000371a:	701d      	strb	r5, [r3, #0]
1000371c:	23ff      	movs	r3, #255	; 0xff
1000371e:	7163      	strb	r3, [r4, #5]
10003720:	23e1      	movs	r3, #225	; 0xe1
10003722:	025b      	lsls	r3, r3, #9
10003724:	60a3      	str	r3, [r4, #8]
10003726:	0020      	movs	r0, r4
10003728:	2308      	movs	r3, #8
1000372a:	2240      	movs	r2, #64	; 0x40
1000372c:	73a3      	strb	r3, [r4, #14]
1000372e:	3138      	adds	r1, #56	; 0x38
10003730:	9500      	str	r5, [sp, #0]
10003732:	3b07      	subs	r3, #7
10003734:	3010      	adds	r0, #16
10003736:	f000 fc8f 	bl	10004058 <tu_fifo_config>
1000373a:	0027      	movs	r7, r4
1000373c:	2301      	movs	r3, #1
1000373e:	0021      	movs	r1, r4
10003740:	0020      	movs	r0, r4
10003742:	0026      	movs	r6, r4
10003744:	2240      	movs	r2, #64	; 0x40
10003746:	3178      	adds	r1, #120	; 0x78
10003748:	9300      	str	r3, [sp, #0]
1000374a:	37b8      	adds	r7, #184	; 0xb8
1000374c:	3024      	adds	r0, #36	; 0x24
1000374e:	f000 fc83 	bl	10004058 <tu_fifo_config>
10003752:	36c0      	adds	r6, #192	; 0xc0
10003754:	0038      	movs	r0, r7
10003756:	f7fd f8bd 	bl	100008d4 <mutex_init>
1000375a:	0030      	movs	r0, r6
1000375c:	f7fd f8ba 	bl	100008d4 <mutex_init>
10003760:	61e5      	str	r5, [r4, #28]
10003762:	6227      	str	r7, [r4, #32]
10003764:	6326      	str	r6, [r4, #48]	; 0x30
10003766:	6365      	str	r5, [r4, #52]	; 0x34
10003768:	b003      	add	sp, #12
1000376a:	bdf0      	pop	{r4, r5, r6, r7, pc}
1000376c:	200014bc 	.word	0x200014bc
10003770:	200014b8 	.word	0x200014b8

10003774 <cdcd_deinit>:
10003774:	4b07      	ldr	r3, [pc, #28]	; (10003794 <cdcd_deinit+0x20>)
10003776:	6a1a      	ldr	r2, [r3, #32]
10003778:	6b19      	ldr	r1, [r3, #48]	; 0x30
1000377a:	2a00      	cmp	r2, #0
1000377c:	d002      	beq.n	10003784 <cdcd_deinit+0x10>
1000377e:	2200      	movs	r2, #0
10003780:	61da      	str	r2, [r3, #28]
10003782:	621a      	str	r2, [r3, #32]
10003784:	2900      	cmp	r1, #0
10003786:	d002      	beq.n	1000378e <cdcd_deinit+0x1a>
10003788:	2200      	movs	r2, #0
1000378a:	631a      	str	r2, [r3, #48]	; 0x30
1000378c:	635a      	str	r2, [r3, #52]	; 0x34
1000378e:	2001      	movs	r0, #1
10003790:	4770      	bx	lr
10003792:	46c0      	nop			; (mov r8, r8)
10003794:	200014bc 	.word	0x200014bc

10003798 <cdcd_reset>:
10003798:	b570      	push	{r4, r5, r6, lr}
1000379a:	4c0f      	ldr	r4, [pc, #60]	; (100037d8 <cdcd_reset+0x40>)
1000379c:	2205      	movs	r2, #5
1000379e:	2100      	movs	r1, #0
100037a0:	0020      	movs	r0, r4
100037a2:	f7fe f8e7 	bl	10001974 <__wrap_memset>
100037a6:	4d0d      	ldr	r5, [pc, #52]	; (100037dc <cdcd_reset+0x44>)
100037a8:	782b      	ldrb	r3, [r5, #0]
100037aa:	07da      	lsls	r2, r3, #31
100037ac:	d507      	bpl.n	100037be <cdcd_reset+0x26>
100037ae:	4c0c      	ldr	r4, [pc, #48]	; (100037e0 <cdcd_reset+0x48>)
100037b0:	079b      	lsls	r3, r3, #30
100037b2:	d50c      	bpl.n	100037ce <cdcd_reset+0x36>
100037b4:	2101      	movs	r1, #1
100037b6:	0020      	movs	r0, r4
100037b8:	f000 fe98 	bl	100044ec <tu_fifo_set_overwritable>
100037bc:	bd70      	pop	{r4, r5, r6, pc}
100037be:	0020      	movs	r0, r4
100037c0:	3010      	adds	r0, #16
100037c2:	f000 fe73 	bl	100044ac <tu_fifo_clear>
100037c6:	782b      	ldrb	r3, [r5, #0]
100037c8:	4c05      	ldr	r4, [pc, #20]	; (100037e0 <cdcd_reset+0x48>)
100037ca:	079b      	lsls	r3, r3, #30
100037cc:	d4f2      	bmi.n	100037b4 <cdcd_reset+0x1c>
100037ce:	0020      	movs	r0, r4
100037d0:	f000 fe6c 	bl	100044ac <tu_fifo_clear>
100037d4:	e7ee      	b.n	100037b4 <cdcd_reset+0x1c>
100037d6:	46c0      	nop			; (mov r8, r8)
100037d8:	200014bc 	.word	0x200014bc
100037dc:	200014b8 	.word	0x200014b8
100037e0:	200014e0 	.word	0x200014e0

100037e4 <cdcd_open>:
100037e4:	b5f0      	push	{r4, r5, r6, r7, lr}
100037e6:	794b      	ldrb	r3, [r1, #5]
100037e8:	0006      	movs	r6, r0
100037ea:	b083      	sub	sp, #12
100037ec:	2b02      	cmp	r3, #2
100037ee:	d102      	bne.n	100037f6 <cdcd_open+0x12>
100037f0:	798b      	ldrb	r3, [r1, #6]
100037f2:	2b02      	cmp	r3, #2
100037f4:	d003      	beq.n	100037fe <cdcd_open+0x1a>
100037f6:	2500      	movs	r5, #0
100037f8:	0028      	movs	r0, r5
100037fa:	b003      	add	sp, #12
100037fc:	bdf0      	pop	{r4, r5, r6, r7, pc}
100037fe:	4f21      	ldr	r7, [pc, #132]	; (10003884 <cdcd_open+0xa0>)
10003800:	78bb      	ldrb	r3, [r7, #2]
10003802:	2b00      	cmp	r3, #0
10003804:	d1f7      	bne.n	100037f6 <cdcd_open+0x12>
10003806:	788b      	ldrb	r3, [r1, #2]
10003808:	2509      	movs	r5, #9
1000380a:	703b      	strb	r3, [r7, #0]
1000380c:	780c      	ldrb	r4, [r1, #0]
1000380e:	190c      	adds	r4, r1, r4
10003810:	7863      	ldrb	r3, [r4, #1]
10003812:	2b24      	cmp	r3, #36	; 0x24
10003814:	d10b      	bne.n	1000382e <cdcd_open+0x4a>
10003816:	2a08      	cmp	r2, #8
10003818:	d802      	bhi.n	10003820 <cdcd_open+0x3c>
1000381a:	e00f      	b.n	1000383c <cdcd_open+0x58>
1000381c:	42aa      	cmp	r2, r5
1000381e:	d30d      	bcc.n	1000383c <cdcd_open+0x58>
10003820:	7823      	ldrb	r3, [r4, #0]
10003822:	18e4      	adds	r4, r4, r3
10003824:	18ed      	adds	r5, r5, r3
10003826:	7863      	ldrb	r3, [r4, #1]
10003828:	b2ad      	uxth	r5, r5
1000382a:	2b24      	cmp	r3, #36	; 0x24
1000382c:	d0f6      	beq.n	1000381c <cdcd_open+0x38>
1000382e:	2b05      	cmp	r3, #5
10003830:	d008      	beq.n	10003844 <cdcd_open+0x60>
10003832:	2b04      	cmp	r3, #4
10003834:	d102      	bne.n	1000383c <cdcd_open+0x58>
10003836:	7963      	ldrb	r3, [r4, #5]
10003838:	2b0a      	cmp	r3, #10
1000383a:	d011      	beq.n	10003860 <cdcd_open+0x7c>
1000383c:	2000      	movs	r0, #0
1000383e:	f7ff fe55 	bl	100034ec <_prep_out_transaction.isra.0>
10003842:	e7d9      	b.n	100037f8 <cdcd_open+0x14>
10003844:	0021      	movs	r1, r4
10003846:	0030      	movs	r0, r6
10003848:	f7ff fcdc 	bl	10003204 <usbd_edpt_open>
1000384c:	2800      	cmp	r0, #0
1000384e:	d0d2      	beq.n	100037f6 <cdcd_open+0x12>
10003850:	78a3      	ldrb	r3, [r4, #2]
10003852:	707b      	strb	r3, [r7, #1]
10003854:	7823      	ldrb	r3, [r4, #0]
10003856:	18ed      	adds	r5, r5, r3
10003858:	18e4      	adds	r4, r4, r3
1000385a:	7863      	ldrb	r3, [r4, #1]
1000385c:	b2ad      	uxth	r5, r5
1000385e:	e7e8      	b.n	10003832 <cdcd_open+0x4e>
10003860:	4b09      	ldr	r3, [pc, #36]	; (10003888 <cdcd_open+0xa4>)
10003862:	7827      	ldrb	r7, [r4, #0]
10003864:	9301      	str	r3, [sp, #4]
10003866:	3301      	adds	r3, #1
10003868:	9300      	str	r3, [sp, #0]
1000386a:	2202      	movs	r2, #2
1000386c:	2302      	movs	r3, #2
1000386e:	0030      	movs	r0, r6
10003870:	19e1      	adds	r1, r4, r7
10003872:	f7ff fc79 	bl	10003168 <usbd_open_edpt_pair>
10003876:	2800      	cmp	r0, #0
10003878:	d0bd      	beq.n	100037f6 <cdcd_open+0x12>
1000387a:	350e      	adds	r5, #14
1000387c:	19ed      	adds	r5, r5, r7
1000387e:	b2ad      	uxth	r5, r5
10003880:	e7dc      	b.n	1000383c <cdcd_open+0x58>
10003882:	46c0      	nop			; (mov r8, r8)
10003884:	200014bc 	.word	0x200014bc
10003888:	200014be 	.word	0x200014be

1000388c <cdcd_control_xfer_cb>:
1000388c:	b5f8      	push	{r3, r4, r5, r6, r7, lr}
1000388e:	2360      	movs	r3, #96	; 0x60
10003890:	0014      	movs	r4, r2
10003892:	7812      	ldrb	r2, [r2, #0]
10003894:	0005      	movs	r5, r0
10003896:	4013      	ands	r3, r2
10003898:	2000      	movs	r0, #0
1000389a:	2b20      	cmp	r3, #32
1000389c:	d107      	bne.n	100038ae <cdcd_control_xfer_cb+0x22>
1000389e:	4a30      	ldr	r2, [pc, #192]	; (10003960 <cdcd_control_xfer_cb+0xd4>)
100038a0:	7963      	ldrb	r3, [r4, #5]
100038a2:	7927      	ldrb	r7, [r4, #4]
100038a4:	7816      	ldrb	r6, [r2, #0]
100038a6:	021b      	lsls	r3, r3, #8
100038a8:	433b      	orrs	r3, r7
100038aa:	429e      	cmp	r6, r3
100038ac:	d000      	beq.n	100038b0 <cdcd_control_xfer_cb+0x24>
100038ae:	bdf8      	pop	{r3, r4, r5, r6, r7, pc}
100038b0:	7863      	ldrb	r3, [r4, #1]
100038b2:	2b22      	cmp	r3, #34	; 0x22
100038b4:	d028      	beq.n	10003908 <cdcd_control_xfer_cb+0x7c>
100038b6:	d807      	bhi.n	100038c8 <cdcd_control_xfer_cb+0x3c>
100038b8:	2b20      	cmp	r3, #32
100038ba:	d017      	beq.n	100038ec <cdcd_control_xfer_cb+0x60>
100038bc:	2b21      	cmp	r3, #33	; 0x21
100038be:	d1f6      	bne.n	100038ae <cdcd_control_xfer_cb+0x22>
100038c0:	2901      	cmp	r1, #1
100038c2:	d03e      	beq.n	10003942 <cdcd_control_xfer_cb+0xb6>
100038c4:	2001      	movs	r0, #1
100038c6:	e7f2      	b.n	100038ae <cdcd_control_xfer_cb+0x22>
100038c8:	2b23      	cmp	r3, #35	; 0x23
100038ca:	d1f0      	bne.n	100038ae <cdcd_control_xfer_cb+0x22>
100038cc:	2901      	cmp	r1, #1
100038ce:	d040      	beq.n	10003952 <cdcd_control_xfer_cb+0xc6>
100038d0:	2903      	cmp	r1, #3
100038d2:	d1f7      	bne.n	100038c4 <cdcd_control_xfer_cb+0x38>
100038d4:	4b23      	ldr	r3, [pc, #140]	; (10003964 <cdcd_control_xfer_cb+0xd8>)
100038d6:	2b00      	cmp	r3, #0
100038d8:	d0f4      	beq.n	100038c4 <cdcd_control_xfer_cb+0x38>
100038da:	78e1      	ldrb	r1, [r4, #3]
100038dc:	78a3      	ldrb	r3, [r4, #2]
100038de:	0209      	lsls	r1, r1, #8
100038e0:	2000      	movs	r0, #0
100038e2:	4319      	orrs	r1, r3
100038e4:	e000      	b.n	100038e8 <cdcd_control_xfer_cb+0x5c>
100038e6:	bf00      	nop
100038e8:	2001      	movs	r0, #1
100038ea:	e7e0      	b.n	100038ae <cdcd_control_xfer_cb+0x22>
100038ec:	2901      	cmp	r1, #1
100038ee:	d028      	beq.n	10003942 <cdcd_control_xfer_cb+0xb6>
100038f0:	2903      	cmp	r1, #3
100038f2:	d1e7      	bne.n	100038c4 <cdcd_control_xfer_cb+0x38>
100038f4:	4b1c      	ldr	r3, [pc, #112]	; (10003968 <cdcd_control_xfer_cb+0xdc>)
100038f6:	2b00      	cmp	r3, #0
100038f8:	d0e4      	beq.n	100038c4 <cdcd_control_xfer_cb+0x38>
100038fa:	3208      	adds	r2, #8
100038fc:	2000      	movs	r0, #0
100038fe:	0011      	movs	r1, r2
10003900:	f7fe faa2 	bl	10001e48 <tud_cdc_line_coding_cb>
10003904:	2001      	movs	r0, #1
10003906:	e7d2      	b.n	100038ae <cdcd_control_xfer_cb+0x22>
10003908:	2901      	cmp	r1, #1
1000390a:	d022      	beq.n	10003952 <cdcd_control_xfer_cb+0xc6>
1000390c:	2903      	cmp	r1, #3
1000390e:	d1d9      	bne.n	100038c4 <cdcd_control_xfer_cb+0x38>
10003910:	2501      	movs	r5, #1
10003912:	78a1      	ldrb	r1, [r4, #2]
10003914:	78e4      	ldrb	r4, [r4, #3]
10003916:	002e      	movs	r6, r5
10003918:	0224      	lsls	r4, r4, #8
1000391a:	430c      	orrs	r4, r1
1000391c:	2101      	movs	r1, #1
1000391e:	7114      	strb	r4, [r2, #4]
10003920:	4026      	ands	r6, r4
10003922:	3224      	adds	r2, #36	; 0x24
10003924:	0010      	movs	r0, r2
10003926:	4071      	eors	r1, r6
10003928:	f000 fde0 	bl	100044ec <tu_fifo_set_overwritable>
1000392c:	4b0f      	ldr	r3, [pc, #60]	; (1000396c <cdcd_control_xfer_cb+0xe0>)
1000392e:	2b00      	cmp	r3, #0
10003930:	d0c8      	beq.n	100038c4 <cdcd_control_xfer_cb+0x38>
10003932:	0862      	lsrs	r2, r4, #1
10003934:	2000      	movs	r0, #0
10003936:	0031      	movs	r1, r6
10003938:	402a      	ands	r2, r5
1000393a:	e000      	b.n	1000393e <cdcd_control_xfer_cb+0xb2>
1000393c:	bf00      	nop
1000393e:	2001      	movs	r0, #1
10003940:	e7b5      	b.n	100038ae <cdcd_control_xfer_cb+0x22>
10003942:	2307      	movs	r3, #7
10003944:	0021      	movs	r1, r4
10003946:	0028      	movs	r0, r5
10003948:	4a09      	ldr	r2, [pc, #36]	; (10003970 <cdcd_control_xfer_cb+0xe4>)
1000394a:	f7ff fcdb 	bl	10003304 <tud_control_xfer>
1000394e:	2001      	movs	r0, #1
10003950:	e7ad      	b.n	100038ae <cdcd_control_xfer_cb+0x22>
10003952:	0021      	movs	r1, r4
10003954:	0028      	movs	r0, r5
10003956:	f7ff fcbd 	bl	100032d4 <tud_control_status>
1000395a:	2001      	movs	r0, #1
1000395c:	e7a7      	b.n	100038ae <cdcd_control_xfer_cb+0x22>
1000395e:	46c0      	nop			; (mov r8, r8)
10003960:	200014bc 	.word	0x200014bc
10003964:	00000000 	.word	0x00000000
10003968:	10001e49 	.word	0x10001e49
1000396c:	00000000 	.word	0x00000000
10003970:	200014c4 	.word	0x200014c4

10003974 <cdcd_xfer_cb>:
10003974:	b5f0      	push	{r4, r5, r6, r7, lr}
10003976:	464f      	mov	r7, r9
10003978:	4646      	mov	r6, r8
1000397a:	46d6      	mov	lr, sl
1000397c:	b5c0      	push	{r6, r7, lr}
1000397e:	4d35      	ldr	r5, [pc, #212]	; (10003a54 <cdcd_xfer_cb+0xe0>)
10003980:	4680      	mov	r8, r0
10003982:	78ea      	ldrb	r2, [r5, #3]
10003984:	000c      	movs	r4, r1
10003986:	001f      	movs	r7, r3
10003988:	428a      	cmp	r2, r1
1000398a:	d15b      	bne.n	10003a44 <cdcd_xfer_cb+0xd0>
1000398c:	b29a      	uxth	r2, r3
1000398e:	2310      	movs	r3, #16
10003990:	469a      	mov	sl, r3
10003992:	4e31      	ldr	r6, [pc, #196]	; (10003a58 <cdcd_xfer_cb+0xe4>)
10003994:	44aa      	add	sl, r5
10003996:	0031      	movs	r1, r6
10003998:	4650      	mov	r0, sl
1000399a:	f000 fcd3 	bl	10004344 <tu_fifo_write_n>
1000399e:	4b2f      	ldr	r3, [pc, #188]	; (10003a5c <cdcd_xfer_cb+0xe8>)
100039a0:	2b00      	cmp	r3, #0
100039a2:	d017      	beq.n	100039d4 <cdcd_xfer_cb+0x60>
100039a4:	796b      	ldrb	r3, [r5, #5]
100039a6:	2bff      	cmp	r3, #255	; 0xff
100039a8:	d014      	beq.n	100039d4 <cdcd_xfer_cb+0x60>
100039aa:	2f00      	cmp	r7, #0
100039ac:	d012      	beq.n	100039d4 <cdcd_xfer_cb+0x60>
100039ae:	19f2      	adds	r2, r6, r7
100039b0:	4691      	mov	r9, r2
100039b2:	e003      	b.n	100039bc <cdcd_xfer_cb+0x48>
100039b4:	3601      	adds	r6, #1
100039b6:	454e      	cmp	r6, r9
100039b8:	d00c      	beq.n	100039d4 <cdcd_xfer_cb+0x60>
100039ba:	796b      	ldrb	r3, [r5, #5]
100039bc:	7832      	ldrb	r2, [r6, #0]
100039be:	429a      	cmp	r2, r3
100039c0:	d1f8      	bne.n	100039b4 <cdcd_xfer_cb+0x40>
100039c2:	4650      	mov	r0, sl
100039c4:	f000 fb96 	bl	100040f4 <tu_fifo_empty>
100039c8:	2800      	cmp	r0, #0
100039ca:	d1f3      	bne.n	100039b4 <cdcd_xfer_cb+0x40>
100039cc:	7969      	ldrb	r1, [r5, #5]
100039ce:	e000      	b.n	100039d2 <cdcd_xfer_cb+0x5e>
100039d0:	bf00      	nop
100039d2:	e7ef      	b.n	100039b4 <cdcd_xfer_cb+0x40>
100039d4:	4b22      	ldr	r3, [pc, #136]	; (10003a60 <cdcd_xfer_cb+0xec>)
100039d6:	2b00      	cmp	r3, #0
100039d8:	d004      	beq.n	100039e4 <cdcd_xfer_cb+0x70>
100039da:	4822      	ldr	r0, [pc, #136]	; (10003a64 <cdcd_xfer_cb+0xf0>)
100039dc:	f000 fb8a 	bl	100040f4 <tu_fifo_empty>
100039e0:	2800      	cmp	r0, #0
100039e2:	d034      	beq.n	10003a4e <cdcd_xfer_cb+0xda>
100039e4:	2000      	movs	r0, #0
100039e6:	f7ff fd81 	bl	100034ec <_prep_out_transaction.isra.0>
100039ea:	78ab      	ldrb	r3, [r5, #2]
100039ec:	42a3      	cmp	r3, r4
100039ee:	d006      	beq.n	100039fe <cdcd_xfer_cb+0x8a>
100039f0:	2401      	movs	r4, #1
100039f2:	0020      	movs	r0, r4
100039f4:	bce0      	pop	{r5, r6, r7}
100039f6:	46ba      	mov	sl, r7
100039f8:	46b1      	mov	r9, r6
100039fa:	46a8      	mov	r8, r5
100039fc:	bdf0      	pop	{r4, r5, r6, r7, pc}
100039fe:	4b1a      	ldr	r3, [pc, #104]	; (10003a68 <cdcd_xfer_cb+0xf4>)
10003a00:	2b00      	cmp	r3, #0
10003a02:	d002      	beq.n	10003a0a <cdcd_xfer_cb+0x96>
10003a04:	2000      	movs	r0, #0
10003a06:	e000      	b.n	10003a0a <cdcd_xfer_cb+0x96>
10003a08:	bf00      	nop
10003a0a:	2000      	movs	r0, #0
10003a0c:	f7ff fe10 	bl	10003630 <tud_cdc_n_write_flush>
10003a10:	2800      	cmp	r0, #0
10003a12:	d1ed      	bne.n	100039f0 <cdcd_xfer_cb+0x7c>
10003a14:	4d15      	ldr	r5, [pc, #84]	; (10003a6c <cdcd_xfer_cb+0xf8>)
10003a16:	0028      	movs	r0, r5
10003a18:	f000 fb56 	bl	100040c8 <tu_fifo_count>
10003a1c:	2800      	cmp	r0, #0
10003a1e:	d1e7      	bne.n	100039f0 <cdcd_xfer_cb+0x7c>
10003a20:	2f00      	cmp	r7, #0
10003a22:	d0e5      	beq.n	100039f0 <cdcd_xfer_cb+0x7c>
10003a24:	06bb      	lsls	r3, r7, #26
10003a26:	d1e3      	bne.n	100039f0 <cdcd_xfer_cb+0x7c>
10003a28:	3d24      	subs	r5, #36	; 0x24
10003a2a:	4640      	mov	r0, r8
10003a2c:	78a9      	ldrb	r1, [r5, #2]
10003a2e:	f7ff fc03 	bl	10003238 <usbd_edpt_claim>
10003a32:	1e04      	subs	r4, r0, #0
10003a34:	d0dc      	beq.n	100039f0 <cdcd_xfer_cb+0x7c>
10003a36:	2300      	movs	r3, #0
10003a38:	2200      	movs	r2, #0
10003a3a:	4640      	mov	r0, r8
10003a3c:	78a9      	ldrb	r1, [r5, #2]
10003a3e:	f7ff fc23 	bl	10003288 <usbd_edpt_xfer>
10003a42:	e7d6      	b.n	100039f2 <cdcd_xfer_cb+0x7e>
10003a44:	78ab      	ldrb	r3, [r5, #2]
10003a46:	428b      	cmp	r3, r1
10003a48:	d0d9      	beq.n	100039fe <cdcd_xfer_cb+0x8a>
10003a4a:	2400      	movs	r4, #0
10003a4c:	e7d1      	b.n	100039f2 <cdcd_xfer_cb+0x7e>
10003a4e:	e000      	b.n	10003a52 <cdcd_xfer_cb+0xde>
10003a50:	bf00      	nop
10003a52:	e7c7      	b.n	100039e4 <cdcd_xfer_cb+0x70>
10003a54:	200014bc 	.word	0x200014bc
10003a58:	20001438 	.word	0x20001438
	...
10003a64:	200014cc 	.word	0x200014cc
10003a68:	00000000 	.word	0x00000000
10003a6c:	200014e0 	.word	0x200014e0

10003a70 <vendord_init>:
10003a70:	2293      	movs	r2, #147	; 0x93
10003a72:	b5f0      	push	{r4, r5, r6, r7, lr}
10003a74:	4c13      	ldr	r4, [pc, #76]	; (10003ac4 <vendord_init+0x54>)
10003a76:	b085      	sub	sp, #20
10003a78:	2100      	movs	r1, #0
10003a7a:	0020      	movs	r0, r4
10003a7c:	0092      	lsls	r2, r2, #2
10003a7e:	f7fd ff79 	bl	10001974 <__wrap_memset>
10003a82:	0023      	movs	r3, r4
10003a84:	0020      	movs	r0, r4
10003a86:	2680      	movs	r6, #128	; 0x80
10003a88:	2740      	movs	r7, #64	; 0x40
10003a8a:	4d0f      	ldr	r5, [pc, #60]	; (10003ac8 <vendord_init+0x58>)
10003a8c:	334d      	adds	r3, #77	; 0x4d
10003a8e:	0076      	lsls	r6, r6, #1
10003a90:	33ff      	adds	r3, #255	; 0xff
10003a92:	3029      	adds	r0, #41	; 0x29
10003a94:	9502      	str	r5, [sp, #8]
10003a96:	9300      	str	r3, [sp, #0]
10003a98:	2200      	movs	r2, #0
10003a9a:	2300      	movs	r3, #0
10003a9c:	2100      	movs	r1, #0
10003a9e:	9703      	str	r7, [sp, #12]
10003aa0:	9601      	str	r6, [sp, #4]
10003aa2:	30ff      	adds	r0, #255	; 0xff
10003aa4:	f000 f9d4 	bl	10003e50 <tu_edpt_stream_init>
10003aa8:	3540      	adds	r5, #64	; 0x40
10003aaa:	1d20      	adds	r0, r4, #4
10003aac:	3428      	adds	r4, #40	; 0x28
10003aae:	2300      	movs	r3, #0
10003ab0:	2201      	movs	r2, #1
10003ab2:	2100      	movs	r1, #0
10003ab4:	9703      	str	r7, [sp, #12]
10003ab6:	9502      	str	r5, [sp, #8]
10003ab8:	9601      	str	r6, [sp, #4]
10003aba:	9400      	str	r4, [sp, #0]
10003abc:	f000 f9c8 	bl	10003e50 <tu_edpt_stream_init>
10003ac0:	b005      	add	sp, #20
10003ac2:	bdf0      	pop	{r4, r5, r6, r7, pc}
10003ac4:	20001780 	.word	0x20001780
10003ac8:	20001700 	.word	0x20001700

10003acc <vendord_deinit>:
10003acc:	b510      	push	{r4, lr}
10003ace:	4c05      	ldr	r4, [pc, #20]	; (10003ae4 <vendord_deinit+0x18>)
10003ad0:	0020      	movs	r0, r4
10003ad2:	f000 f9f3 	bl	10003ebc <tu_edpt_stream_deinit>
10003ad6:	0020      	movs	r0, r4
10003ad8:	3825      	subs	r0, #37	; 0x25
10003ada:	38ff      	subs	r0, #255	; 0xff
10003adc:	f000 f9ee 	bl	10003ebc <tu_edpt_stream_deinit>
10003ae0:	2001      	movs	r0, #1
10003ae2:	bd10      	pop	{r4, pc}
10003ae4:	200018a8 	.word	0x200018a8

10003ae8 <vendord_reset>:
10003ae8:	b570      	push	{r4, r5, r6, lr}
10003aea:	4c08      	ldr	r4, [pc, #32]	; (10003b0c <vendord_reset+0x24>)
10003aec:	2500      	movs	r5, #0
10003aee:	0020      	movs	r0, r4
10003af0:	3031      	adds	r0, #49	; 0x31
10003af2:	7025      	strb	r5, [r4, #0]
10003af4:	30ff      	adds	r0, #255	; 0xff
10003af6:	f000 fcd9 	bl	100044ac <tu_fifo_clear>
10003afa:	0020      	movs	r0, r4
10003afc:	300c      	adds	r0, #12
10003afe:	f000 fcd5 	bl	100044ac <tu_fifo_clear>
10003b02:	232a      	movs	r3, #42	; 0x2a
10003b04:	33ff      	adds	r3, #255	; 0xff
10003b06:	54e5      	strb	r5, [r4, r3]
10003b08:	7165      	strb	r5, [r4, #5]
10003b0a:	bd70      	pop	{r4, r5, r6, pc}
10003b0c:	20001780 	.word	0x20001780

10003b10 <vendord_open>:
10003b10:	b5f8      	push	{r3, r4, r5, r6, r7, lr}
10003b12:	464e      	mov	r6, r9
10003b14:	4645      	mov	r5, r8
10003b16:	46de      	mov	lr, fp
10003b18:	4657      	mov	r7, sl
10003b1a:	b5e0      	push	{r5, r6, r7, lr}
10003b1c:	794b      	ldrb	r3, [r1, #5]
10003b1e:	4681      	mov	r9, r0
10003b20:	4688      	mov	r8, r1
10003b22:	2bff      	cmp	r3, #255	; 0xff
10003b24:	d125      	bne.n	10003b72 <vendord_open+0x62>
10003b26:	232a      	movs	r3, #42	; 0x2a
10003b28:	4f41      	ldr	r7, [pc, #260]	; (10003c30 <vendord_open+0x120>)
10003b2a:	33ff      	adds	r3, #255	; 0xff
10003b2c:	780c      	ldrb	r4, [r1, #0]
10003b2e:	5cfe      	ldrb	r6, [r7, r3]
10003b30:	797b      	ldrb	r3, [r7, #5]
10003b32:	4444      	add	r4, r8
10003b34:	18a5      	adds	r5, r4, r2
10003b36:	431e      	orrs	r6, r3
10003b38:	d11b      	bne.n	10003b72 <vendord_open+0x62>
10003b3a:	2298      	movs	r2, #152	; 0x98
10003b3c:	0052      	lsls	r2, r2, #1
10003b3e:	4692      	mov	sl, r2
10003b40:	3a25      	subs	r2, #37	; 0x25
10003b42:	3aff      	subs	r2, #255	; 0xff
10003b44:	4693      	mov	fp, r2
10003b46:	788b      	ldrb	r3, [r1, #2]
10003b48:	44ba      	add	sl, r7
10003b4a:	703b      	strb	r3, [r7, #0]
10003b4c:	790b      	ldrb	r3, [r1, #4]
10003b4e:	44bb      	add	fp, r7
10003b50:	2b00      	cmp	r3, #0
10003b52:	d00a      	beq.n	10003b6a <vendord_open+0x5a>
10003b54:	7863      	ldrb	r3, [r4, #1]
10003b56:	2b05      	cmp	r3, #5
10003b58:	d105      	bne.n	10003b66 <vendord_open+0x56>
10003b5a:	e011      	b.n	10003b80 <vendord_open+0x70>
10003b5c:	7823      	ldrb	r3, [r4, #0]
10003b5e:	18e4      	adds	r4, r4, r3
10003b60:	7863      	ldrb	r3, [r4, #1]
10003b62:	2b05      	cmp	r3, #5
10003b64:	d00c      	beq.n	10003b80 <vendord_open+0x70>
10003b66:	42a5      	cmp	r5, r4
10003b68:	d8f8      	bhi.n	10003b5c <vendord_open+0x4c>
10003b6a:	4643      	mov	r3, r8
10003b6c:	1ae0      	subs	r0, r4, r3
10003b6e:	b280      	uxth	r0, r0
10003b70:	e000      	b.n	10003b74 <vendord_open+0x64>
10003b72:	2000      	movs	r0, #0
10003b74:	bcf0      	pop	{r4, r5, r6, r7}
10003b76:	46bb      	mov	fp, r7
10003b78:	46b2      	mov	sl, r6
10003b7a:	46a9      	mov	r9, r5
10003b7c:	46a0      	mov	r8, r4
10003b7e:	bdf8      	pop	{r3, r4, r5, r6, r7, pc}
10003b80:	42a5      	cmp	r5, r4
10003b82:	d9f2      	bls.n	10003b6a <vendord_open+0x5a>
10003b84:	0021      	movs	r1, r4
10003b86:	4648      	mov	r0, r9
10003b88:	f7ff fb3c 	bl	10003204 <usbd_edpt_open>
10003b8c:	2800      	cmp	r0, #0
10003b8e:	d0f0      	beq.n	10003b72 <vendord_open+0x62>
10003b90:	78a3      	ldrb	r3, [r4, #2]
10003b92:	3601      	adds	r6, #1
10003b94:	b2f6      	uxtb	r6, r6
10003b96:	09db      	lsrs	r3, r3, #7
10003b98:	2b01      	cmp	r3, #1
10003b9a:	d02a      	beq.n	10003bf2 <vendord_open+0xe2>
10003b9c:	4650      	mov	r0, sl
10003b9e:	f000 fc85 	bl	100044ac <tu_fifo_clear>
10003ba2:	232a      	movs	r3, #42	; 0x2a
10003ba4:	78a2      	ldrb	r2, [r4, #2]
10003ba6:	33ff      	adds	r3, #255	; 0xff
10003ba8:	54fa      	strb	r2, [r7, r3]
10003baa:	4a22      	ldr	r2, [pc, #136]	; (10003c34 <vendord_open+0x124>)
10003bac:	7963      	ldrb	r3, [r4, #5]
10003bae:	4694      	mov	ip, r2
10003bb0:	7921      	ldrb	r1, [r4, #4]
10003bb2:	021b      	lsls	r3, r3, #8
10003bb4:	430b      	orrs	r3, r1
10003bb6:	055b      	lsls	r3, r3, #21
10003bb8:	2194      	movs	r1, #148	; 0x94
10003bba:	0d5b      	lsrs	r3, r3, #21
10003bbc:	4463      	add	r3, ip
10003bbe:	425a      	negs	r2, r3
10003bc0:	4153      	adcs	r3, r2
10003bc2:	2002      	movs	r0, #2
10003bc4:	0049      	lsls	r1, r1, #1
10003bc6:	5c7a      	ldrb	r2, [r7, r1]
10003bc8:	005b      	lsls	r3, r3, #1
10003bca:	4382      	bics	r2, r0
10003bcc:	4313      	orrs	r3, r2
10003bce:	547b      	strb	r3, [r7, r1]
10003bd0:	4651      	mov	r1, sl
10003bd2:	4648      	mov	r0, r9
10003bd4:	3908      	subs	r1, #8
10003bd6:	f000 f9d1 	bl	10003f7c <tu_edpt_stream_read_xfer>
10003bda:	2800      	cmp	r0, #0
10003bdc:	d0c9      	beq.n	10003b72 <vendord_open+0x62>
10003bde:	7823      	ldrb	r3, [r4, #0]
10003be0:	18e4      	adds	r4, r4, r3
10003be2:	4643      	mov	r3, r8
10003be4:	791b      	ldrb	r3, [r3, #4]
10003be6:	42b3      	cmp	r3, r6
10003be8:	d8b4      	bhi.n	10003b54 <vendord_open+0x44>
10003bea:	4643      	mov	r3, r8
10003bec:	1ae0      	subs	r0, r4, r3
10003bee:	b280      	uxth	r0, r0
10003bf0:	e7c0      	b.n	10003b74 <vendord_open+0x64>
10003bf2:	4658      	mov	r0, fp
10003bf4:	f000 fc5a 	bl	100044ac <tu_fifo_clear>
10003bf8:	465a      	mov	r2, fp
10003bfa:	490e      	ldr	r1, [pc, #56]	; (10003c34 <vendord_open+0x124>)
10003bfc:	78a3      	ldrb	r3, [r4, #2]
10003bfe:	468c      	mov	ip, r1
10003c00:	3a0c      	subs	r2, #12
10003c02:	7153      	strb	r3, [r2, #5]
10003c04:	7963      	ldrb	r3, [r4, #5]
10003c06:	7920      	ldrb	r0, [r4, #4]
10003c08:	021b      	lsls	r3, r3, #8
10003c0a:	4303      	orrs	r3, r0
10003c0c:	055b      	lsls	r3, r3, #21
10003c0e:	0d5b      	lsrs	r3, r3, #21
10003c10:	4463      	add	r3, ip
10003c12:	4259      	negs	r1, r3
10003c14:	414b      	adcs	r3, r1
10003c16:	2002      	movs	r0, #2
10003c18:	7911      	ldrb	r1, [r2, #4]
10003c1a:	005b      	lsls	r3, r3, #1
10003c1c:	4381      	bics	r1, r0
10003c1e:	430b      	orrs	r3, r1
10003c20:	4659      	mov	r1, fp
10003c22:	7113      	strb	r3, [r2, #4]
10003c24:	3908      	subs	r1, #8
10003c26:	2000      	movs	r0, #0
10003c28:	f000 f976 	bl	10003f18 <tu_edpt_stream_write_xfer>
10003c2c:	e7d7      	b.n	10003bde <vendord_open+0xce>
10003c2e:	46c0      	nop			; (mov r8, r8)
10003c30:	20001780 	.word	0x20001780
10003c34:	fffffe00 	.word	0xfffffe00

10003c38 <vendord_xfer_cb>:
10003c38:	b5f8      	push	{r3, r4, r5, r6, r7, lr}
10003c3a:	252a      	movs	r5, #42	; 0x2a
10003c3c:	4c1f      	ldr	r4, [pc, #124]	; (10003cbc <vendord_xfer_cb+0x84>)
10003c3e:	35ff      	adds	r5, #255	; 0xff
10003c40:	5d65      	ldrb	r5, [r4, r5]
10003c42:	0006      	movs	r6, r0
10003c44:	001f      	movs	r7, r3
10003c46:	428d      	cmp	r5, r1
10003c48:	d11d      	bne.n	10003c86 <vendord_xfer_cb+0x4e>
10003c4a:	239a      	movs	r3, #154	; 0x9a
10003c4c:	005b      	lsls	r3, r3, #1
10003c4e:	5ae3      	ldrh	r3, [r4, r3]
10003c50:	2b00      	cmp	r3, #0
10003c52:	d10e      	bne.n	10003c72 <vendord_xfer_cb+0x3a>
10003c54:	4b1a      	ldr	r3, [pc, #104]	; (10003cc0 <vendord_xfer_cb+0x88>)
10003c56:	2b00      	cmp	r3, #0
10003c58:	d004      	beq.n	10003c64 <vendord_xfer_cb+0x2c>
10003c5a:	2000      	movs	r0, #0
10003c5c:	4919      	ldr	r1, [pc, #100]	; (10003cc4 <vendord_xfer_cb+0x8c>)
10003c5e:	b2ba      	uxth	r2, r7
10003c60:	e000      	b.n	10003c64 <vendord_xfer_cb+0x2c>
10003c62:	bf00      	nop
10003c64:	0030      	movs	r0, r6
10003c66:	4918      	ldr	r1, [pc, #96]	; (10003cc8 <vendord_xfer_cb+0x90>)
10003c68:	f000 f988 	bl	10003f7c <tu_edpt_stream_read_xfer>
10003c6c:	2401      	movs	r4, #1
10003c6e:	0020      	movs	r0, r4
10003c70:	bdf8      	pop	{r3, r4, r5, r6, r7, pc}
10003c72:	0020      	movs	r0, r4
10003c74:	2396      	movs	r3, #150	; 0x96
10003c76:	3031      	adds	r0, #49	; 0x31
10003c78:	005b      	lsls	r3, r3, #1
10003c7a:	58e1      	ldr	r1, [r4, r3]
10003c7c:	b2ba      	uxth	r2, r7
10003c7e:	30ff      	adds	r0, #255	; 0xff
10003c80:	f000 fb60 	bl	10004344 <tu_fifo_write_n>
10003c84:	e7e6      	b.n	10003c54 <vendord_xfer_cb+0x1c>
10003c86:	7963      	ldrb	r3, [r4, #5]
10003c88:	428b      	cmp	r3, r1
10003c8a:	d001      	beq.n	10003c90 <vendord_xfer_cb+0x58>
10003c8c:	2400      	movs	r4, #0
10003c8e:	e7ee      	b.n	10003c6e <vendord_xfer_cb+0x36>
10003c90:	4b0e      	ldr	r3, [pc, #56]	; (10003ccc <vendord_xfer_cb+0x94>)
10003c92:	2b00      	cmp	r3, #0
10003c94:	d004      	beq.n	10003ca0 <vendord_xfer_cb+0x68>
10003c96:	0439      	lsls	r1, r7, #16
10003c98:	2000      	movs	r0, #0
10003c9a:	0c09      	lsrs	r1, r1, #16
10003c9c:	e000      	b.n	10003ca0 <vendord_xfer_cb+0x68>
10003c9e:	bf00      	nop
10003ca0:	4d0b      	ldr	r5, [pc, #44]	; (10003cd0 <vendord_xfer_cb+0x98>)
10003ca2:	0030      	movs	r0, r6
10003ca4:	0029      	movs	r1, r5
10003ca6:	f000 f937 	bl	10003f18 <tu_edpt_stream_write_xfer>
10003caa:	2401      	movs	r4, #1
10003cac:	2800      	cmp	r0, #0
10003cae:	d1de      	bne.n	10003c6e <vendord_xfer_cb+0x36>
10003cb0:	003a      	movs	r2, r7
10003cb2:	0029      	movs	r1, r5
10003cb4:	0030      	movs	r0, r6
10003cb6:	f000 f903 	bl	10003ec0 <tu_edpt_stream_write_zlp_if_needed>
10003cba:	e7d8      	b.n	10003c6e <vendord_xfer_cb+0x36>
10003cbc:	20001780 	.word	0x20001780
10003cc0:	00000000 	.word	0x00000000
10003cc4:	20001700 	.word	0x20001700
10003cc8:	200018a8 	.word	0x200018a8
10003ccc:	00000000 	.word	0x00000000
10003cd0:	20001784 	.word	0x20001784

10003cd4 <tusb_rhport_init>:
10003cd4:	b500      	push	{lr}
10003cd6:	0003      	movs	r3, r0
10003cd8:	b083      	sub	sp, #12
10003cda:	2900      	cmp	r1, #0
10003cdc:	d010      	beq.n	10003d00 <tusb_rhport_init+0x2c>
10003cde:	2000      	movs	r0, #0
10003ce0:	2b01      	cmp	r3, #1
10003ce2:	d807      	bhi.n	10003cf4 <tusb_rhport_init+0x20>
10003ce4:	780a      	ldrb	r2, [r1, #0]
10003ce6:	2a00      	cmp	r2, #0
10003ce8:	d004      	beq.n	10003cf4 <tusb_rhport_init+0x20>
10003cea:	480b      	ldr	r0, [pc, #44]	; (10003d18 <tusb_rhport_init+0x44>)
10003cec:	54c2      	strb	r2, [r0, r3]
10003cee:	2001      	movs	r0, #1
10003cf0:	2a01      	cmp	r2, #1
10003cf2:	d001      	beq.n	10003cf8 <tusb_rhport_init+0x24>
10003cf4:	b003      	add	sp, #12
10003cf6:	bd00      	pop	{pc}
10003cf8:	0018      	movs	r0, r3
10003cfa:	f7fe fdbb 	bl	10002874 <tud_rhport_init>
10003cfe:	e7f9      	b.n	10003cf4 <tusb_rhport_init+0x20>
10003d00:	2301      	movs	r3, #1
10003d02:	a901      	add	r1, sp, #4
10003d04:	2000      	movs	r0, #0
10003d06:	800b      	strh	r3, [r1, #0]
10003d08:	f7fe fdb4 	bl	10002874 <tud_rhport_init>
10003d0c:	2800      	cmp	r0, #0
10003d0e:	d0f1      	beq.n	10003cf4 <tusb_rhport_init+0x20>
10003d10:	2201      	movs	r2, #1
10003d12:	4b01      	ldr	r3, [pc, #4]	; (10003d18 <tusb_rhport_init+0x44>)
10003d14:	701a      	strb	r2, [r3, #0]
10003d16:	e7ed      	b.n	10003cf4 <tusb_rhport_init+0x20>
10003d18:	200015d8 	.word	0x200015d8

10003d1c <tu_edpt_claim>:
10003d1c:	7803      	ldrb	r3, [r0, #0]
10003d1e:	b570      	push	{r4, r5, r6, lr}
10003d20:	07db      	lsls	r3, r3, #31
10003d22:	0004      	movs	r4, r0
10003d24:	000e      	movs	r6, r1
10003d26:	0fdd      	lsrs	r5, r3, #31
10003d28:	2b00      	cmp	r3, #0
10003d2a:	d117      	bne.n	10003d5c <tu_edpt_claim+0x40>
10003d2c:	7803      	ldrb	r3, [r0, #0]
10003d2e:	075b      	lsls	r3, r3, #29
10003d30:	d501      	bpl.n	10003d36 <tu_edpt_claim+0x1a>
10003d32:	0028      	movs	r0, r5
10003d34:	bd70      	pop	{r4, r5, r6, pc}
10003d36:	2101      	movs	r1, #1
10003d38:	0030      	movs	r0, r6
10003d3a:	4249      	negs	r1, r1
10003d3c:	f000 fc54 	bl	100045e8 <__mutex_enter_timeout_ms_veneer>
10003d40:	7823      	ldrb	r3, [r4, #0]
10003d42:	07db      	lsls	r3, r3, #31
10003d44:	0fdd      	lsrs	r5, r3, #31
10003d46:	2b00      	cmp	r3, #0
10003d48:	d10a      	bne.n	10003d60 <tu_edpt_claim+0x44>
10003d4a:	7823      	ldrb	r3, [r4, #0]
10003d4c:	075b      	lsls	r3, r3, #29
10003d4e:	d408      	bmi.n	10003d62 <tu_edpt_claim+0x46>
10003d50:	2204      	movs	r2, #4
10003d52:	7823      	ldrb	r3, [r4, #0]
10003d54:	2501      	movs	r5, #1
10003d56:	4313      	orrs	r3, r2
10003d58:	7023      	strb	r3, [r4, #0]
10003d5a:	e002      	b.n	10003d62 <tu_edpt_claim+0x46>
10003d5c:	2500      	movs	r5, #0
10003d5e:	e7e8      	b.n	10003d32 <tu_edpt_claim+0x16>
10003d60:	2500      	movs	r5, #0
10003d62:	0030      	movs	r0, r6
10003d64:	f000 fc28 	bl	100045b8 <__mutex_exit_veneer>
10003d68:	e7e3      	b.n	10003d32 <tu_edpt_claim+0x16>
10003d6a:	46c0      	nop			; (mov r8, r8)

10003d6c <tu_edpt_release>:
10003d6c:	b570      	push	{r4, r5, r6, lr}
10003d6e:	000d      	movs	r5, r1
10003d70:	2101      	movs	r1, #1
10003d72:	0004      	movs	r4, r0
10003d74:	4249      	negs	r1, r1
10003d76:	0028      	movs	r0, r5
10003d78:	f000 fc36 	bl	100045e8 <__mutex_enter_timeout_ms_veneer>
10003d7c:	7823      	ldrb	r3, [r4, #0]
10003d7e:	075b      	lsls	r3, r3, #29
10003d80:	0fde      	lsrs	r6, r3, #31
10003d82:	2b00      	cmp	r3, #0
10003d84:	db04      	blt.n	10003d90 <tu_edpt_release+0x24>
10003d86:	0028      	movs	r0, r5
10003d88:	f000 fc16 	bl	100045b8 <__mutex_exit_veneer>
10003d8c:	0030      	movs	r0, r6
10003d8e:	bd70      	pop	{r4, r5, r6, pc}
10003d90:	7823      	ldrb	r3, [r4, #0]
10003d92:	07db      	lsls	r3, r3, #31
10003d94:	d404      	bmi.n	10003da0 <tu_edpt_release+0x34>
10003d96:	2204      	movs	r2, #4
10003d98:	7823      	ldrb	r3, [r4, #0]
10003d9a:	4393      	bics	r3, r2
10003d9c:	7023      	strb	r3, [r4, #0]
10003d9e:	e7f2      	b.n	10003d86 <tu_edpt_release+0x1a>
10003da0:	2600      	movs	r6, #0
10003da2:	e7f0      	b.n	10003d86 <tu_edpt_release+0x1a>

10003da4 <tu_edpt_validate>:
10003da4:	b510      	push	{r4, lr}
10003da6:	7943      	ldrb	r3, [r0, #5]
10003da8:	7904      	ldrb	r4, [r0, #4]
10003daa:	021b      	lsls	r3, r3, #8
10003dac:	4323      	orrs	r3, r4
10003dae:	055b      	lsls	r3, r3, #21
10003db0:	0d5a      	lsrs	r2, r3, #21
10003db2:	78c3      	ldrb	r3, [r0, #3]
10003db4:	079b      	lsls	r3, r3, #30
10003db6:	0f9b      	lsrs	r3, r3, #30
10003db8:	2b02      	cmp	r3, #2
10003dba:	d005      	beq.n	10003dc8 <tu_edpt_validate+0x24>
10003dbc:	2b03      	cmp	r3, #3
10003dbe:	d015      	beq.n	10003dec <tu_edpt_validate+0x48>
10003dc0:	2000      	movs	r0, #0
10003dc2:	2b01      	cmp	r3, #1
10003dc4:	d008      	beq.n	10003dd8 <tu_edpt_validate+0x34>
10003dc6:	bd10      	pop	{r4, pc}
10003dc8:	2902      	cmp	r1, #2
10003dca:	d01c      	beq.n	10003e06 <tu_edpt_validate+0x62>
10003dcc:	2000      	movs	r0, #0
10003dce:	2340      	movs	r3, #64	; 0x40
10003dd0:	4293      	cmp	r3, r2
10003dd2:	4140      	adcs	r0, r0
10003dd4:	b2c0      	uxtb	r0, r0
10003dd6:	e7f6      	b.n	10003dc6 <tu_edpt_validate+0x22>
10003dd8:	3902      	subs	r1, #2
10003dda:	424b      	negs	r3, r1
10003ddc:	4159      	adcs	r1, r3
10003dde:	4b0d      	ldr	r3, [pc, #52]	; (10003e14 <tu_edpt_validate+0x70>)
10003de0:	469c      	mov	ip, r3
10003de2:	4461      	add	r1, ip
10003de4:	4291      	cmp	r1, r2
10003de6:	4140      	adcs	r0, r0
10003de8:	b2c0      	uxtb	r0, r0
10003dea:	e7ec      	b.n	10003dc6 <tu_edpt_validate+0x22>
10003dec:	3902      	subs	r1, #2
10003dee:	424b      	negs	r3, r1
10003df0:	4159      	adcs	r1, r3
10003df2:	23f0      	movs	r3, #240	; 0xf0
10003df4:	2000      	movs	r0, #0
10003df6:	4249      	negs	r1, r1
10003df8:	009b      	lsls	r3, r3, #2
10003dfa:	4019      	ands	r1, r3
10003dfc:	3140      	adds	r1, #64	; 0x40
10003dfe:	4291      	cmp	r1, r2
10003e00:	4140      	adcs	r0, r0
10003e02:	b2c0      	uxtb	r0, r0
10003e04:	e7df      	b.n	10003dc6 <tu_edpt_validate+0x22>
10003e06:	4b04      	ldr	r3, [pc, #16]	; (10003e18 <tu_edpt_validate+0x74>)
10003e08:	18d3      	adds	r3, r2, r3
10003e0a:	425a      	negs	r2, r3
10003e0c:	4153      	adcs	r3, r2
10003e0e:	b2d8      	uxtb	r0, r3
10003e10:	e7d9      	b.n	10003dc6 <tu_edpt_validate+0x22>
10003e12:	46c0      	nop			; (mov r8, r8)
10003e14:	000003ff 	.word	0x000003ff
10003e18:	fffffe00 	.word	0xfffffe00

10003e1c <tu_edpt_bind_driver>:
10003e1c:	188a      	adds	r2, r1, r2
10003e1e:	b570      	push	{r4, r5, r6, lr}
10003e20:	4291      	cmp	r1, r2
10003e22:	d207      	bcs.n	10003e34 <tu_edpt_bind_driver+0x18>
10003e24:	267f      	movs	r6, #127	; 0x7f
10003e26:	784c      	ldrb	r4, [r1, #1]
10003e28:	2c05      	cmp	r4, #5
10003e2a:	d004      	beq.n	10003e36 <tu_edpt_bind_driver+0x1a>
10003e2c:	780c      	ldrb	r4, [r1, #0]
10003e2e:	1909      	adds	r1, r1, r4
10003e30:	428a      	cmp	r2, r1
10003e32:	d8f8      	bhi.n	10003e26 <tu_edpt_bind_driver+0xa>
10003e34:	bd70      	pop	{r4, r5, r6, pc}
10003e36:	0034      	movs	r4, r6
10003e38:	788d      	ldrb	r5, [r1, #2]
10003e3a:	402c      	ands	r4, r5
10003e3c:	0064      	lsls	r4, r4, #1
10003e3e:	1904      	adds	r4, r0, r4
10003e40:	09ed      	lsrs	r5, r5, #7
10003e42:	5563      	strb	r3, [r4, r5]
10003e44:	780c      	ldrb	r4, [r1, #0]
10003e46:	1909      	adds	r1, r1, r4
10003e48:	428a      	cmp	r2, r1
10003e4a:	d8ec      	bhi.n	10003e26 <tu_edpt_bind_driver+0xa>
10003e4c:	e7f2      	b.n	10003e34 <tu_edpt_bind_driver+0x18>
10003e4e:	46c0      	nop			; (mov r8, r8)

10003e50 <tu_edpt_stream_init>:
10003e50:	b5f0      	push	{r4, r5, r6, r7, lr}
10003e52:	46c6      	mov	lr, r8
10003e54:	b500      	push	{lr}
10003e56:	b082      	sub	sp, #8
10003e58:	0015      	movs	r5, r2
10003e5a:	aa08      	add	r2, sp, #32
10003e5c:	ca40      	ldmia	r2!, {r6}
10003e5e:	0004      	movs	r4, r0
10003e60:	8817      	ldrh	r7, [r2, #0]
10003e62:	aa0b      	add	r2, sp, #44	; 0x2c
10003e64:	8812      	ldrh	r2, [r2, #0]
10003e66:	2001      	movs	r0, #1
10003e68:	4690      	mov	r8, r2
10003e6a:	000a      	movs	r2, r1
10003e6c:	7821      	ldrb	r1, [r4, #0]
10003e6e:	4002      	ands	r2, r0
10003e70:	4381      	bics	r1, r0
10003e72:	0020      	movs	r0, r4
10003e74:	4311      	orrs	r1, r2
10003e76:	7021      	strb	r1, [r4, #0]
10003e78:	9300      	str	r3, [sp, #0]
10003e7a:	003a      	movs	r2, r7
10003e7c:	2301      	movs	r3, #1
10003e7e:	0031      	movs	r1, r6
10003e80:	3008      	adds	r0, #8
10003e82:	f000 f8e9 	bl	10004058 <tu_fifo_config>
10003e86:	2e00      	cmp	r6, #0
10003e88:	d001      	beq.n	10003e8e <tu_edpt_stream_init+0x3e>
10003e8a:	2f00      	cmp	r7, #0
10003e8c:	d108      	bne.n	10003ea0 <tu_edpt_stream_init+0x50>
10003e8e:	9b0a      	ldr	r3, [sp, #40]	; 0x28
10003e90:	2001      	movs	r0, #1
10003e92:	6063      	str	r3, [r4, #4]
10003e94:	4643      	mov	r3, r8
10003e96:	8063      	strh	r3, [r4, #2]
10003e98:	b002      	add	sp, #8
10003e9a:	bc80      	pop	{r7}
10003e9c:	46b8      	mov	r8, r7
10003e9e:	bdf0      	pop	{r4, r5, r6, r7, pc}
10003ea0:	0026      	movs	r6, r4
10003ea2:	361c      	adds	r6, #28
10003ea4:	0030      	movs	r0, r6
10003ea6:	f7fc fd15 	bl	100008d4 <mutex_init>
10003eaa:	2300      	movs	r3, #0
10003eac:	2d00      	cmp	r5, #0
10003eae:	d001      	beq.n	10003eb4 <tu_edpt_stream_init+0x64>
10003eb0:	0033      	movs	r3, r6
10003eb2:	2600      	movs	r6, #0
10003eb4:	6163      	str	r3, [r4, #20]
10003eb6:	61a6      	str	r6, [r4, #24]
10003eb8:	e7e9      	b.n	10003e8e <tu_edpt_stream_init+0x3e>
10003eba:	46c0      	nop			; (mov r8, r8)

10003ebc <tu_edpt_stream_deinit>:
10003ebc:	2001      	movs	r0, #1
10003ebe:	4770      	bx	lr

10003ec0 <tu_edpt_stream_write_zlp_if_needed>:
10003ec0:	b5f8      	push	{r3, r4, r5, r6, r7, lr}
10003ec2:	23e0      	movs	r3, #224	; 0xe0
10003ec4:	0007      	movs	r7, r0
10003ec6:	0008      	movs	r0, r1
10003ec8:	780c      	ldrb	r4, [r1, #0]
10003eca:	005b      	lsls	r3, r3, #1
10003ecc:	07a4      	lsls	r4, r4, #30
10003ece:	17e4      	asrs	r4, r4, #31
10003ed0:	401c      	ands	r4, r3
10003ed2:	3008      	adds	r0, #8
10003ed4:	000d      	movs	r5, r1
10003ed6:	0016      	movs	r6, r2
10003ed8:	343f      	adds	r4, #63	; 0x3f
10003eda:	f000 f8f5 	bl	100040c8 <tu_fifo_count>
10003ede:	2800      	cmp	r0, #0
10003ee0:	d107      	bne.n	10003ef2 <tu_edpt_stream_write_zlp_if_needed+0x32>
10003ee2:	2e00      	cmp	r6, #0
10003ee4:	d005      	beq.n	10003ef2 <tu_edpt_stream_write_zlp_if_needed+0x32>
10003ee6:	4234      	tst	r4, r6
10003ee8:	d103      	bne.n	10003ef2 <tu_edpt_stream_write_zlp_if_needed+0x32>
10003eea:	2401      	movs	r4, #1
10003eec:	782b      	ldrb	r3, [r5, #0]
10003eee:	421c      	tst	r4, r3
10003ef0:	d001      	beq.n	10003ef6 <tu_edpt_stream_write_zlp_if_needed+0x36>
10003ef2:	2000      	movs	r0, #0
10003ef4:	bdf8      	pop	{r3, r4, r5, r6, r7, pc}
10003ef6:	0038      	movs	r0, r7
10003ef8:	7869      	ldrb	r1, [r5, #1]
10003efa:	f7ff f99d 	bl	10003238 <usbd_edpt_claim>
10003efe:	2800      	cmp	r0, #0
10003f00:	d0f7      	beq.n	10003ef2 <tu_edpt_stream_write_zlp_if_needed+0x32>
10003f02:	782b      	ldrb	r3, [r5, #0]
10003f04:	421c      	tst	r4, r3
10003f06:	d1f4      	bne.n	10003ef2 <tu_edpt_stream_write_zlp_if_needed+0x32>
10003f08:	2300      	movs	r3, #0
10003f0a:	2200      	movs	r2, #0
10003f0c:	0038      	movs	r0, r7
10003f0e:	7869      	ldrb	r1, [r5, #1]
10003f10:	f7ff f9ba 	bl	10003288 <usbd_edpt_xfer>
10003f14:	e7ee      	b.n	10003ef4 <tu_edpt_stream_write_zlp_if_needed+0x34>
10003f16:	46c0      	nop			; (mov r8, r8)

10003f18 <tu_edpt_stream_write_xfer>:
10003f18:	b5f8      	push	{r3, r4, r5, r6, r7, lr}
10003f1a:	000d      	movs	r5, r1
10003f1c:	3508      	adds	r5, #8
10003f1e:	0006      	movs	r6, r0
10003f20:	0028      	movs	r0, r5
10003f22:	000c      	movs	r4, r1
10003f24:	f000 f8d0 	bl	100040c8 <tu_fifo_count>
10003f28:	2800      	cmp	r0, #0
10003f2a:	d003      	beq.n	10003f34 <tu_edpt_stream_write_xfer+0x1c>
10003f2c:	2701      	movs	r7, #1
10003f2e:	7823      	ldrb	r3, [r4, #0]
10003f30:	421f      	tst	r7, r3
10003f32:	d001      	beq.n	10003f38 <tu_edpt_stream_write_xfer+0x20>
10003f34:	2000      	movs	r0, #0
10003f36:	bdf8      	pop	{r3, r4, r5, r6, r7, pc}
10003f38:	0030      	movs	r0, r6
10003f3a:	7861      	ldrb	r1, [r4, #1]
10003f3c:	f7ff f97c 	bl	10003238 <usbd_edpt_claim>
10003f40:	2800      	cmp	r0, #0
10003f42:	d0f7      	beq.n	10003f34 <tu_edpt_stream_write_xfer+0x1c>
10003f44:	0028      	movs	r0, r5
10003f46:	8862      	ldrh	r2, [r4, #2]
10003f48:	6861      	ldr	r1, [r4, #4]
10003f4a:	f000 f941 	bl	100041d0 <tu_fifo_read_n>
10003f4e:	7823      	ldrb	r3, [r4, #0]
10003f50:	1e05      	subs	r5, r0, #0
10003f52:	d00b      	beq.n	10003f6c <tu_edpt_stream_write_xfer+0x54>
10003f54:	421f      	tst	r7, r3
10003f56:	d1ed      	bne.n	10003f34 <tu_edpt_stream_write_xfer+0x1c>
10003f58:	0003      	movs	r3, r0
10003f5a:	6862      	ldr	r2, [r4, #4]
10003f5c:	0030      	movs	r0, r6
10003f5e:	7861      	ldrb	r1, [r4, #1]
10003f60:	f7ff f992 	bl	10003288 <usbd_edpt_xfer>
10003f64:	2800      	cmp	r0, #0
10003f66:	d0e5      	beq.n	10003f34 <tu_edpt_stream_write_xfer+0x1c>
10003f68:	0028      	movs	r0, r5
10003f6a:	e7e4      	b.n	10003f36 <tu_edpt_stream_write_xfer+0x1e>
10003f6c:	421f      	tst	r7, r3
10003f6e:	d1e1      	bne.n	10003f34 <tu_edpt_stream_write_xfer+0x1c>
10003f70:	0030      	movs	r0, r6
10003f72:	7861      	ldrb	r1, [r4, #1]
10003f74:	f7ff f974 	bl	10003260 <usbd_edpt_release>
10003f78:	e7dc      	b.n	10003f34 <tu_edpt_stream_write_xfer+0x1c>
10003f7a:	46c0      	nop			; (mov r8, r8)

10003f7c <tu_edpt_stream_read_xfer>:
10003f7c:	b5f8      	push	{r3, r4, r5, r6, r7, lr}
10003f7e:	46ce      	mov	lr, r9
10003f80:	4647      	mov	r7, r8
10003f82:	b580      	push	{r7, lr}
10003f84:	898b      	ldrh	r3, [r1, #12]
10003f86:	0006      	movs	r6, r0
10003f88:	000c      	movs	r4, r1
10003f8a:	2b00      	cmp	r3, #0
10003f8c:	d108      	bne.n	10003fa0 <tu_edpt_stream_read_xfer+0x24>
10003f8e:	2501      	movs	r5, #1
10003f90:	780b      	ldrb	r3, [r1, #0]
10003f92:	421d      	tst	r5, r3
10003f94:	d041      	beq.n	1000401a <tu_edpt_stream_read_xfer+0x9e>
10003f96:	2000      	movs	r0, #0
10003f98:	bcc0      	pop	{r6, r7}
10003f9a:	46b9      	mov	r9, r7
10003f9c:	46b0      	mov	r8, r6
10003f9e:	bdf8      	pop	{r3, r4, r5, r6, r7, pc}
10003fa0:	780b      	ldrb	r3, [r1, #0]
10003fa2:	079b      	lsls	r3, r3, #30
10003fa4:	d434      	bmi.n	10004010 <tu_edpt_stream_read_xfer+0x94>
10003fa6:	2340      	movs	r3, #64	; 0x40
10003fa8:	425b      	negs	r3, r3
10003faa:	4699      	mov	r9, r3
10003fac:	2540      	movs	r5, #64	; 0x40
10003fae:	0027      	movs	r7, r4
10003fb0:	3708      	adds	r7, #8
10003fb2:	0038      	movs	r0, r7
10003fb4:	f000 f8a6 	bl	10004104 <tu_fifo_remaining>
10003fb8:	42a8      	cmp	r0, r5
10003fba:	d3ec      	bcc.n	10003f96 <tu_edpt_stream_read_xfer+0x1a>
10003fbc:	2201      	movs	r2, #1
10003fbe:	7823      	ldrb	r3, [r4, #0]
10003fc0:	4690      	mov	r8, r2
10003fc2:	421a      	tst	r2, r3
10003fc4:	d1e7      	bne.n	10003f96 <tu_edpt_stream_read_xfer+0x1a>
10003fc6:	0030      	movs	r0, r6
10003fc8:	7861      	ldrb	r1, [r4, #1]
10003fca:	f7ff f935 	bl	10003238 <usbd_edpt_claim>
10003fce:	2800      	cmp	r0, #0
10003fd0:	d0e1      	beq.n	10003f96 <tu_edpt_stream_read_xfer+0x1a>
10003fd2:	0038      	movs	r0, r7
10003fd4:	f000 f896 	bl	10004104 <tu_fifo_remaining>
10003fd8:	4642      	mov	r2, r8
10003fda:	7823      	ldrb	r3, [r4, #0]
10003fdc:	4285      	cmp	r5, r0
10003fde:	d831      	bhi.n	10004044 <tu_edpt_stream_read_xfer+0xc8>
10003fe0:	421a      	tst	r2, r3
10003fe2:	d1d8      	bne.n	10003f96 <tu_edpt_stream_read_xfer+0x1a>
10003fe4:	464b      	mov	r3, r9
10003fe6:	8862      	ldrh	r2, [r4, #2]
10003fe8:	4018      	ands	r0, r3
10003fea:	1c05      	adds	r5, r0, #0
10003fec:	b280      	uxth	r0, r0
10003fee:	4290      	cmp	r0, r2
10003ff0:	d900      	bls.n	10003ff4 <tu_edpt_stream_read_xfer+0x78>
10003ff2:	1c15      	adds	r5, r2, #0
10003ff4:	b2ad      	uxth	r5, r5
10003ff6:	2200      	movs	r2, #0
10003ff8:	7861      	ldrb	r1, [r4, #1]
10003ffa:	2d00      	cmp	r5, #0
10003ffc:	d000      	beq.n	10004000 <tu_edpt_stream_read_xfer+0x84>
10003ffe:	6862      	ldr	r2, [r4, #4]
10004000:	002b      	movs	r3, r5
10004002:	0030      	movs	r0, r6
10004004:	f7ff f940 	bl	10003288 <usbd_edpt_xfer>
10004008:	2800      	cmp	r0, #0
1000400a:	d0c4      	beq.n	10003f96 <tu_edpt_stream_read_xfer+0x1a>
1000400c:	0028      	movs	r0, r5
1000400e:	e7c3      	b.n	10003f98 <tu_edpt_stream_read_xfer+0x1c>
10004010:	2580      	movs	r5, #128	; 0x80
10004012:	4b10      	ldr	r3, [pc, #64]	; (10004054 <tu_edpt_stream_read_xfer+0xd8>)
10004014:	00ad      	lsls	r5, r5, #2
10004016:	4699      	mov	r9, r3
10004018:	e7c9      	b.n	10003fae <tu_edpt_stream_read_xfer+0x32>
1000401a:	7849      	ldrb	r1, [r1, #1]
1000401c:	f7ff f90c 	bl	10003238 <usbd_edpt_claim>
10004020:	2800      	cmp	r0, #0
10004022:	d0b8      	beq.n	10003f96 <tu_edpt_stream_read_xfer+0x1a>
10004024:	7823      	ldrb	r3, [r4, #0]
10004026:	421d      	tst	r5, r3
10004028:	d1b5      	bne.n	10003f96 <tu_edpt_stream_read_xfer+0x1a>
1000402a:	8863      	ldrh	r3, [r4, #2]
1000402c:	2200      	movs	r2, #0
1000402e:	7861      	ldrb	r1, [r4, #1]
10004030:	2b00      	cmp	r3, #0
10004032:	d000      	beq.n	10004036 <tu_edpt_stream_read_xfer+0xba>
10004034:	6862      	ldr	r2, [r4, #4]
10004036:	0030      	movs	r0, r6
10004038:	f7ff f926 	bl	10003288 <usbd_edpt_xfer>
1000403c:	2800      	cmp	r0, #0
1000403e:	d0aa      	beq.n	10003f96 <tu_edpt_stream_read_xfer+0x1a>
10004040:	8860      	ldrh	r0, [r4, #2]
10004042:	e7a9      	b.n	10003f98 <tu_edpt_stream_read_xfer+0x1c>
10004044:	421a      	tst	r2, r3
10004046:	d1a6      	bne.n	10003f96 <tu_edpt_stream_read_xfer+0x1a>
10004048:	0030      	movs	r0, r6
1000404a:	7861      	ldrb	r1, [r4, #1]
1000404c:	f7ff f908 	bl	10003260 <usbd_edpt_release>
10004050:	e7a1      	b.n	10003f96 <tu_edpt_stream_read_xfer+0x1a>
10004052:	46c0      	nop			; (mov r8, r8)
10004054:	fffffe00 	.word	0xfffffe00

10004058 <tu_fifo_config>:
10004058:	b5f0      	push	{r4, r5, r6, r7, lr}
1000405a:	46c6      	mov	lr, r8
1000405c:	b500      	push	{lr}
1000405e:	0004      	movs	r4, r0
10004060:	a806      	add	r0, sp, #24
10004062:	7805      	ldrb	r5, [r0, #0]
10004064:	2080      	movs	r0, #128	; 0x80
10004066:	4688      	mov	r8, r1
10004068:	0017      	movs	r7, r2
1000406a:	001e      	movs	r6, r3
1000406c:	0200      	lsls	r0, r0, #8
1000406e:	4282      	cmp	r2, r0
10004070:	d827      	bhi.n	100040c2 <tu_fifo_config+0x6a>
10004072:	68e0      	ldr	r0, [r4, #12]
10004074:	2800      	cmp	r0, #0
10004076:	d003      	beq.n	10004080 <tu_fifo_config+0x28>
10004078:	2101      	movs	r1, #1
1000407a:	4249      	negs	r1, r1
1000407c:	f000 fab4 	bl	100045e8 <__mutex_enter_timeout_ms_veneer>
10004080:	6920      	ldr	r0, [r4, #16]
10004082:	2800      	cmp	r0, #0
10004084:	d003      	beq.n	1000408e <tu_fifo_config+0x36>
10004086:	2101      	movs	r1, #1
10004088:	4249      	negs	r1, r1
1000408a:	f000 faad 	bl	100045e8 <__mutex_enter_timeout_ms_veneer>
1000408e:	4643      	mov	r3, r8
10004090:	6023      	str	r3, [r4, #0]
10004092:	0473      	lsls	r3, r6, #17
10004094:	0c5b      	lsrs	r3, r3, #17
10004096:	03ed      	lsls	r5, r5, #15
10004098:	431d      	orrs	r5, r3
1000409a:	2300      	movs	r3, #0
1000409c:	68e0      	ldr	r0, [r4, #12]
1000409e:	8163      	strh	r3, [r4, #10]
100040a0:	80a7      	strh	r7, [r4, #4]
100040a2:	80e5      	strh	r5, [r4, #6]
100040a4:	8123      	strh	r3, [r4, #8]
100040a6:	2800      	cmp	r0, #0
100040a8:	d001      	beq.n	100040ae <tu_fifo_config+0x56>
100040aa:	f000 fa85 	bl	100045b8 <__mutex_exit_veneer>
100040ae:	6920      	ldr	r0, [r4, #16]
100040b0:	2401      	movs	r4, #1
100040b2:	2800      	cmp	r0, #0
100040b4:	d001      	beq.n	100040ba <tu_fifo_config+0x62>
100040b6:	f000 fa7f 	bl	100045b8 <__mutex_exit_veneer>
100040ba:	0020      	movs	r0, r4
100040bc:	bc80      	pop	{r7}
100040be:	46b8      	mov	r8, r7
100040c0:	bdf0      	pop	{r4, r5, r6, r7, pc}
100040c2:	2400      	movs	r4, #0
100040c4:	e7f9      	b.n	100040ba <tu_fifo_config+0x62>
100040c6:	46c0      	nop			; (mov r8, r8)

100040c8 <tu_fifo_count>:
100040c8:	b510      	push	{r4, lr}
100040ca:	8904      	ldrh	r4, [r0, #8]
100040cc:	8941      	ldrh	r1, [r0, #10]
100040ce:	8882      	ldrh	r2, [r0, #4]
100040d0:	b2a3      	uxth	r3, r4
100040d2:	b288      	uxth	r0, r1
100040d4:	428c      	cmp	r4, r1
100040d6:	d307      	bcc.n	100040e8 <tu_fifo_count+0x20>
100040d8:	1a1b      	subs	r3, r3, r0
100040da:	b29b      	uxth	r3, r3
100040dc:	1c10      	adds	r0, r2, #0
100040de:	429a      	cmp	r2, r3
100040e0:	d900      	bls.n	100040e4 <tu_fifo_count+0x1c>
100040e2:	1c18      	adds	r0, r3, #0
100040e4:	b280      	uxth	r0, r0
100040e6:	bd10      	pop	{r4, pc}
100040e8:	0051      	lsls	r1, r2, #1
100040ea:	1a09      	subs	r1, r1, r0
100040ec:	185b      	adds	r3, r3, r1
100040ee:	b29b      	uxth	r3, r3
100040f0:	e7f4      	b.n	100040dc <tu_fifo_count+0x14>
100040f2:	46c0      	nop			; (mov r8, r8)

100040f4 <tu_fifo_empty>:
100040f4:	0003      	movs	r3, r0
100040f6:	8900      	ldrh	r0, [r0, #8]
100040f8:	895b      	ldrh	r3, [r3, #10]
100040fa:	1ac0      	subs	r0, r0, r3
100040fc:	4243      	negs	r3, r0
100040fe:	4158      	adcs	r0, r3
10004100:	b2c0      	uxtb	r0, r0
10004102:	4770      	bx	lr

10004104 <tu_fifo_remaining>:
10004104:	b510      	push	{r4, lr}
10004106:	8904      	ldrh	r4, [r0, #8]
10004108:	8941      	ldrh	r1, [r0, #10]
1000410a:	8882      	ldrh	r2, [r0, #4]
1000410c:	b2a3      	uxth	r3, r4
1000410e:	b288      	uxth	r0, r1
10004110:	428c      	cmp	r4, r1
10004112:	d307      	bcc.n	10004124 <tu_fifo_remaining+0x20>
10004114:	1a1b      	subs	r3, r3, r0
10004116:	b29b      	uxth	r3, r3
10004118:	2000      	movs	r0, #0
1000411a:	429a      	cmp	r2, r3
1000411c:	d901      	bls.n	10004122 <tu_fifo_remaining+0x1e>
1000411e:	1ad3      	subs	r3, r2, r3
10004120:	b298      	uxth	r0, r3
10004122:	bd10      	pop	{r4, pc}
10004124:	0051      	lsls	r1, r2, #1
10004126:	1a09      	subs	r1, r1, r0
10004128:	185b      	adds	r3, r3, r1
1000412a:	b29b      	uxth	r3, r3
1000412c:	e7f4      	b.n	10004118 <tu_fifo_remaining+0x14>
1000412e:	46c0      	nop			; (mov r8, r8)

10004130 <tu_fifo_read>:
10004130:	b570      	push	{r4, r5, r6, lr}
10004132:	0004      	movs	r4, r0
10004134:	6900      	ldr	r0, [r0, #16]
10004136:	000e      	movs	r6, r1
10004138:	2800      	cmp	r0, #0
1000413a:	d003      	beq.n	10004144 <tu_fifo_read+0x14>
1000413c:	2101      	movs	r1, #1
1000413e:	4249      	negs	r1, r1
10004140:	f000 fa52 	bl	100045e8 <__mutex_enter_timeout_ms_veneer>
10004144:	8925      	ldrh	r5, [r4, #8]
10004146:	8960      	ldrh	r0, [r4, #10]
10004148:	88a2      	ldrh	r2, [r4, #4]
1000414a:	b2a9      	uxth	r1, r5
1000414c:	b283      	uxth	r3, r0
1000414e:	4285      	cmp	r5, r0
10004150:	d32c      	bcc.n	100041ac <tu_fifo_read+0x7c>
10004152:	1acd      	subs	r5, r1, r3
10004154:	b2ad      	uxth	r5, r5
10004156:	2d00      	cmp	r5, #0
10004158:	d02e      	beq.n	100041b8 <tu_fifo_read+0x88>
1000415a:	42aa      	cmp	r2, r5
1000415c:	d208      	bcs.n	10004170 <tu_fifo_read+0x40>
1000415e:	4291      	cmp	r1, r2
10004160:	d331      	bcc.n	100041c6 <tu_fifo_read+0x96>
10004162:	1a8b      	subs	r3, r1, r2
10004164:	b29b      	uxth	r3, r3
10004166:	8163      	strh	r3, [r4, #10]
10004168:	429a      	cmp	r2, r3
1000416a:	d803      	bhi.n	10004174 <tu_fifo_read+0x44>
1000416c:	1a9b      	subs	r3, r3, r2
1000416e:	b29b      	uxth	r3, r3
10004170:	429a      	cmp	r2, r3
10004172:	d9fb      	bls.n	1000416c <tu_fifo_read+0x3c>
10004174:	88e2      	ldrh	r2, [r4, #6]
10004176:	6821      	ldr	r1, [r4, #0]
10004178:	0452      	lsls	r2, r2, #17
1000417a:	0c52      	lsrs	r2, r2, #17
1000417c:	4353      	muls	r3, r2
1000417e:	0030      	movs	r0, r6
10004180:	18c9      	adds	r1, r1, r3
10004182:	f7fd fbfd 	bl	10001980 <__wrap___aeabi_memcpy>
10004186:	8961      	ldrh	r1, [r4, #10]
10004188:	2501      	movs	r5, #1
1000418a:	1c4b      	adds	r3, r1, #1
1000418c:	b29b      	uxth	r3, r3
1000418e:	88a2      	ldrh	r2, [r4, #4]
10004190:	4299      	cmp	r1, r3
10004192:	d914      	bls.n	100041be <tu_fifo_read+0x8e>
10004194:	2300      	movs	r3, #0
10004196:	0052      	lsls	r2, r2, #1
10004198:	1a9b      	subs	r3, r3, r2
1000419a:	b29b      	uxth	r3, r3
1000419c:	6920      	ldr	r0, [r4, #16]
1000419e:	8163      	strh	r3, [r4, #10]
100041a0:	2800      	cmp	r0, #0
100041a2:	d001      	beq.n	100041a8 <tu_fifo_read+0x78>
100041a4:	f000 fa08 	bl	100045b8 <__mutex_exit_veneer>
100041a8:	0028      	movs	r0, r5
100041aa:	bd70      	pop	{r4, r5, r6, pc}
100041ac:	0055      	lsls	r5, r2, #1
100041ae:	1aed      	subs	r5, r5, r3
100041b0:	194d      	adds	r5, r1, r5
100041b2:	b2ad      	uxth	r5, r5
100041b4:	2d00      	cmp	r5, #0
100041b6:	d1d0      	bne.n	1000415a <tu_fifo_read+0x2a>
100041b8:	2500      	movs	r5, #0
100041ba:	8963      	ldrh	r3, [r4, #10]
100041bc:	b29b      	uxth	r3, r3
100041be:	0052      	lsls	r2, r2, #1
100041c0:	4293      	cmp	r3, r2
100041c2:	dbeb      	blt.n	1000419c <tu_fifo_read+0x6c>
100041c4:	e7e8      	b.n	10004198 <tu_fifo_read+0x68>
100041c6:	1889      	adds	r1, r1, r2
100041c8:	b28b      	uxth	r3, r1
100041ca:	8163      	strh	r3, [r4, #10]
100041cc:	e7cc      	b.n	10004168 <tu_fifo_read+0x38>
100041ce:	46c0      	nop			; (mov r8, r8)

100041d0 <tu_fifo_read_n>:
100041d0:	b5f0      	push	{r4, r5, r6, r7, lr}
100041d2:	4646      	mov	r6, r8
100041d4:	464f      	mov	r7, r9
100041d6:	46d6      	mov	lr, sl
100041d8:	b5c0      	push	{r6, r7, lr}
100041da:	0006      	movs	r6, r0
100041dc:	6900      	ldr	r0, [r0, #16]
100041de:	4689      	mov	r9, r1
100041e0:	4690      	mov	r8, r2
100041e2:	2800      	cmp	r0, #0
100041e4:	d003      	beq.n	100041ee <tu_fifo_read_n+0x1e>
100041e6:	2101      	movs	r1, #1
100041e8:	4249      	negs	r1, r1
100041ea:	f000 f9fd 	bl	100045e8 <__mutex_enter_timeout_ms_veneer>
100041ee:	8931      	ldrh	r1, [r6, #8]
100041f0:	8972      	ldrh	r2, [r6, #10]
100041f2:	88b5      	ldrh	r5, [r6, #4]
100041f4:	b28b      	uxth	r3, r1
100041f6:	b294      	uxth	r4, r2
100041f8:	4291      	cmp	r1, r2
100041fa:	d357      	bcc.n	100042ac <tu_fifo_read_n+0xdc>
100041fc:	1b1f      	subs	r7, r3, r4
100041fe:	b2bf      	uxth	r7, r7
10004200:	2f00      	cmp	r7, #0
10004202:	d04d      	beq.n	100042a0 <tu_fifo_read_n+0xd0>
10004204:	42bd      	cmp	r5, r7
10004206:	d205      	bcs.n	10004214 <tu_fifo_read_n+0x44>
10004208:	42ab      	cmp	r3, r5
1000420a:	d254      	bcs.n	100042b6 <tu_fifo_read_n+0xe6>
1000420c:	195b      	adds	r3, r3, r5
1000420e:	b29c      	uxth	r4, r3
10004210:	002f      	movs	r7, r5
10004212:	8174      	strh	r4, [r6, #10]
10004214:	4643      	mov	r3, r8
10004216:	45b8      	cmp	r8, r7
10004218:	d840      	bhi.n	1000429c <tu_fifo_read_n+0xcc>
1000421a:	b29f      	uxth	r7, r3
1000421c:	42a5      	cmp	r5, r4
1000421e:	d803      	bhi.n	10004228 <tu_fifo_read_n+0x58>
10004220:	1b64      	subs	r4, r4, r5
10004222:	b2a4      	uxth	r4, r4
10004224:	42a5      	cmp	r5, r4
10004226:	d9fb      	bls.n	10004220 <tu_fifo_read_n+0x50>
10004228:	88f2      	ldrh	r2, [r6, #6]
1000422a:	1b28      	subs	r0, r5, r4
1000422c:	0452      	lsls	r2, r2, #17
1000422e:	0c53      	lsrs	r3, r2, #17
10004230:	0019      	movs	r1, r3
10004232:	4698      	mov	r8, r3
10004234:	6833      	ldr	r3, [r6, #0]
10004236:	4361      	muls	r1, r4
10004238:	469c      	mov	ip, r3
1000423a:	b280      	uxth	r0, r0
1000423c:	4461      	add	r1, ip
1000423e:	4287      	cmp	r7, r0
10004240:	d926      	bls.n	10004290 <tu_fifo_read_n+0xc0>
10004242:	4643      	mov	r3, r8
10004244:	4358      	muls	r0, r3
10004246:	b283      	uxth	r3, r0
10004248:	001a      	movs	r2, r3
1000424a:	4648      	mov	r0, r9
1000424c:	469a      	mov	sl, r3
1000424e:	f7fd fb97 	bl	10001980 <__wrap___aeabi_memcpy>
10004252:	4643      	mov	r3, r8
10004254:	4648      	mov	r0, r9
10004256:	1b7d      	subs	r5, r7, r5
10004258:	1964      	adds	r4, r4, r5
1000425a:	435c      	muls	r4, r3
1000425c:	6831      	ldr	r1, [r6, #0]
1000425e:	4450      	add	r0, sl
10004260:	b2a2      	uxth	r2, r4
10004262:	f7fd fb8d 	bl	10001980 <__wrap___aeabi_memcpy>
10004266:	8971      	ldrh	r1, [r6, #10]
10004268:	88b5      	ldrh	r5, [r6, #4]
1000426a:	19cb      	adds	r3, r1, r7
1000426c:	b29b      	uxth	r3, r3
1000426e:	006a      	lsls	r2, r5, #1
10004270:	4299      	cmp	r1, r3
10004272:	d917      	bls.n	100042a4 <tu_fifo_read_n+0xd4>
10004274:	1a9b      	subs	r3, r3, r2
10004276:	b29b      	uxth	r3, r3
10004278:	6930      	ldr	r0, [r6, #16]
1000427a:	8173      	strh	r3, [r6, #10]
1000427c:	2800      	cmp	r0, #0
1000427e:	d001      	beq.n	10004284 <tu_fifo_read_n+0xb4>
10004280:	f000 f99a 	bl	100045b8 <__mutex_exit_veneer>
10004284:	0038      	movs	r0, r7
10004286:	bce0      	pop	{r5, r6, r7}
10004288:	46ba      	mov	sl, r7
1000428a:	46b1      	mov	r9, r6
1000428c:	46a8      	mov	r8, r5
1000428e:	bdf0      	pop	{r4, r5, r6, r7, pc}
10004290:	4642      	mov	r2, r8
10004292:	4648      	mov	r0, r9
10004294:	437a      	muls	r2, r7
10004296:	f7fd fb73 	bl	10001980 <__wrap___aeabi_memcpy>
1000429a:	e7e4      	b.n	10004266 <tu_fifo_read_n+0x96>
1000429c:	1c3b      	adds	r3, r7, #0
1000429e:	e7bc      	b.n	1000421a <tu_fifo_read_n+0x4a>
100042a0:	8973      	ldrh	r3, [r6, #10]
100042a2:	b29b      	uxth	r3, r3
100042a4:	006a      	lsls	r2, r5, #1
100042a6:	4293      	cmp	r3, r2
100042a8:	dbe6      	blt.n	10004278 <tu_fifo_read_n+0xa8>
100042aa:	e7e3      	b.n	10004274 <tu_fifo_read_n+0xa4>
100042ac:	006f      	lsls	r7, r5, #1
100042ae:	1b3f      	subs	r7, r7, r4
100042b0:	19df      	adds	r7, r3, r7
100042b2:	b2bf      	uxth	r7, r7
100042b4:	e7a4      	b.n	10004200 <tu_fifo_read_n+0x30>
100042b6:	1b5b      	subs	r3, r3, r5
100042b8:	b29c      	uxth	r4, r3
100042ba:	e7a9      	b.n	10004210 <tu_fifo_read_n+0x40>

100042bc <tu_fifo_write>:
100042bc:	b5f8      	push	{r3, r4, r5, r6, r7, lr}
100042be:	0004      	movs	r4, r0
100042c0:	68c0      	ldr	r0, [r0, #12]
100042c2:	000e      	movs	r6, r1
100042c4:	2800      	cmp	r0, #0
100042c6:	d003      	beq.n	100042d0 <tu_fifo_write+0x14>
100042c8:	2101      	movs	r1, #1
100042ca:	4249      	negs	r1, r1
100042cc:	f000 f98c 	bl	100045e8 <__mutex_enter_timeout_ms_veneer>
100042d0:	8925      	ldrh	r5, [r4, #8]
100042d2:	8920      	ldrh	r0, [r4, #8]
100042d4:	8961      	ldrh	r1, [r4, #10]
100042d6:	88a2      	ldrh	r2, [r4, #4]
100042d8:	b2ad      	uxth	r5, r5
100042da:	b283      	uxth	r3, r0
100042dc:	b28f      	uxth	r7, r1
100042de:	4288      	cmp	r0, r1
100042e0:	d328      	bcc.n	10004334 <tu_fifo_write+0x78>
100042e2:	1bdb      	subs	r3, r3, r7
100042e4:	b29b      	uxth	r3, r3
100042e6:	429a      	cmp	r2, r3
100042e8:	d809      	bhi.n	100042fe <tu_fifo_write+0x42>
100042ea:	79e7      	ldrb	r7, [r4, #7]
100042ec:	09ff      	lsrs	r7, r7, #7
100042ee:	d106      	bne.n	100042fe <tu_fifo_write+0x42>
100042f0:	68e0      	ldr	r0, [r4, #12]
100042f2:	2800      	cmp	r0, #0
100042f4:	d001      	beq.n	100042fa <tu_fifo_write+0x3e>
100042f6:	f000 f95f 	bl	100045b8 <__mutex_exit_veneer>
100042fa:	0038      	movs	r0, r7
100042fc:	bdf8      	pop	{r3, r4, r5, r6, r7, pc}
100042fe:	002b      	movs	r3, r5
10004300:	4295      	cmp	r5, r2
10004302:	d303      	bcc.n	1000430c <tu_fifo_write+0x50>
10004304:	1a9b      	subs	r3, r3, r2
10004306:	b29b      	uxth	r3, r3
10004308:	4293      	cmp	r3, r2
1000430a:	d2fb      	bcs.n	10004304 <tu_fifo_write+0x48>
1000430c:	88e2      	ldrh	r2, [r4, #6]
1000430e:	6821      	ldr	r1, [r4, #0]
10004310:	0452      	lsls	r2, r2, #17
10004312:	0c52      	lsrs	r2, r2, #17
10004314:	4353      	muls	r3, r2
10004316:	18c8      	adds	r0, r1, r3
10004318:	0031      	movs	r1, r6
1000431a:	f7fd fb31 	bl	10001980 <__wrap___aeabi_memcpy>
1000431e:	88a2      	ldrh	r2, [r4, #4]
10004320:	1c6b      	adds	r3, r5, #1
10004322:	b29b      	uxth	r3, r3
10004324:	0052      	lsls	r2, r2, #1
10004326:	429d      	cmp	r5, r3
10004328:	d909      	bls.n	1000433e <tu_fifo_write+0x82>
1000432a:	1a9b      	subs	r3, r3, r2
1000432c:	b29b      	uxth	r3, r3
1000432e:	2701      	movs	r7, #1
10004330:	8123      	strh	r3, [r4, #8]
10004332:	e7dd      	b.n	100042f0 <tu_fifo_write+0x34>
10004334:	0051      	lsls	r1, r2, #1
10004336:	1bc9      	subs	r1, r1, r7
10004338:	185b      	adds	r3, r3, r1
1000433a:	b29b      	uxth	r3, r3
1000433c:	e7d3      	b.n	100042e6 <tu_fifo_write+0x2a>
1000433e:	4293      	cmp	r3, r2
10004340:	dbf5      	blt.n	1000432e <tu_fifo_write+0x72>
10004342:	e7f2      	b.n	1000432a <tu_fifo_write+0x6e>

10004344 <tu_fifo_write_n>:
10004344:	b5f0      	push	{r4, r5, r6, r7, lr}
10004346:	464e      	mov	r6, r9
10004348:	4645      	mov	r5, r8
1000434a:	46de      	mov	lr, fp
1000434c:	4657      	mov	r7, sl
1000434e:	b5e0      	push	{r5, r6, r7, lr}
10004350:	4689      	mov	r9, r1
10004352:	0005      	movs	r5, r0
10004354:	0014      	movs	r4, r2
10004356:	b083      	sub	sp, #12
10004358:	2a00      	cmp	r2, #0
1000435a:	d06e      	beq.n	1000443a <tu_fifo_write_n+0xf6>
1000435c:	68c0      	ldr	r0, [r0, #12]
1000435e:	2800      	cmp	r0, #0
10004360:	d003      	beq.n	1000436a <tu_fifo_write_n+0x26>
10004362:	2101      	movs	r1, #1
10004364:	4249      	negs	r1, r1
10004366:	f000 f93f 	bl	100045e8 <__mutex_enter_timeout_ms_veneer>
1000436a:	892f      	ldrh	r7, [r5, #8]
1000436c:	79ea      	ldrb	r2, [r5, #7]
1000436e:	896b      	ldrh	r3, [r5, #10]
10004370:	b2bf      	uxth	r7, r7
10004372:	b29b      	uxth	r3, r3
10004374:	09d2      	lsrs	r2, r2, #7
10004376:	d142      	bne.n	100043fe <tu_fifo_write_n+0xba>
10004378:	88ae      	ldrh	r6, [r5, #4]
1000437a:	429f      	cmp	r7, r3
1000437c:	d267      	bcs.n	1000444e <tu_fifo_write_n+0x10a>
1000437e:	0072      	lsls	r2, r6, #1
10004380:	1ad3      	subs	r3, r2, r3
10004382:	18fb      	adds	r3, r7, r3
10004384:	b29b      	uxth	r3, r3
10004386:	2200      	movs	r2, #0
10004388:	4690      	mov	r8, r2
1000438a:	429e      	cmp	r6, r3
1000438c:	d931      	bls.n	100043f2 <tu_fifo_write_n+0xae>
1000438e:	1af3      	subs	r3, r6, r3
10004390:	1c1a      	adds	r2, r3, #0
10004392:	b29b      	uxth	r3, r3
10004394:	42a3      	cmp	r3, r4
10004396:	d900      	bls.n	1000439a <tu_fifo_write_n+0x56>
10004398:	1c22      	adds	r2, r4, #0
1000439a:	b293      	uxth	r3, r2
1000439c:	4698      	mov	r8, r3
1000439e:	88e8      	ldrh	r0, [r5, #6]
100043a0:	4643      	mov	r3, r8
100043a2:	19db      	adds	r3, r3, r7
100043a4:	b29b      	uxth	r3, r3
100043a6:	469b      	mov	fp, r3
100043a8:	003c      	movs	r4, r7
100043aa:	42be      	cmp	r6, r7
100043ac:	d803      	bhi.n	100043b6 <tu_fifo_write_n+0x72>
100043ae:	1ba4      	subs	r4, r4, r6
100043b0:	b2a4      	uxth	r4, r4
100043b2:	42b4      	cmp	r4, r6
100043b4:	d2fb      	bcs.n	100043ae <tu_fifo_write_n+0x6a>
100043b6:	0440      	lsls	r0, r0, #17
100043b8:	0c43      	lsrs	r3, r0, #17
100043ba:	0018      	movs	r0, r3
100043bc:	469a      	mov	sl, r3
100043be:	682b      	ldr	r3, [r5, #0]
100043c0:	4360      	muls	r0, r4
100043c2:	469c      	mov	ip, r3
100043c4:	1b31      	subs	r1, r6, r4
100043c6:	b289      	uxth	r1, r1
100043c8:	4460      	add	r0, ip
100043ca:	4541      	cmp	r1, r8
100043cc:	d34e      	bcc.n	1000446c <tu_fifo_write_n+0x128>
100043ce:	4652      	mov	r2, sl
100043d0:	4643      	mov	r3, r8
100043d2:	4649      	mov	r1, r9
100043d4:	435a      	muls	r2, r3
100043d6:	f7fd fad3 	bl	10001980 <__wrap___aeabi_memcpy>
100043da:	88ab      	ldrh	r3, [r5, #4]
100043dc:	005b      	lsls	r3, r3, #1
100043de:	45bb      	cmp	fp, r7
100043e0:	d301      	bcc.n	100043e6 <tu_fifo_write_n+0xa2>
100043e2:	459b      	cmp	fp, r3
100043e4:	db03      	blt.n	100043ee <tu_fifo_write_n+0xaa>
100043e6:	465a      	mov	r2, fp
100043e8:	1ad3      	subs	r3, r2, r3
100043ea:	b29b      	uxth	r3, r3
100043ec:	469b      	mov	fp, r3
100043ee:	465b      	mov	r3, fp
100043f0:	812b      	strh	r3, [r5, #8]
100043f2:	68e8      	ldr	r0, [r5, #12]
100043f4:	2800      	cmp	r0, #0
100043f6:	d022      	beq.n	1000443e <tu_fifo_write_n+0xfa>
100043f8:	f000 f8de 	bl	100045b8 <__mutex_exit_veneer>
100043fc:	e01f      	b.n	1000443e <tu_fifo_write_n+0xfa>
100043fe:	88aa      	ldrh	r2, [r5, #4]
10004400:	4690      	mov	r8, r2
10004402:	4294      	cmp	r4, r2
10004404:	d226      	bcs.n	10004454 <tu_fifo_write_n+0x110>
10004406:	429f      	cmp	r7, r3
10004408:	d344      	bcc.n	10004494 <tu_fifo_write_n+0x150>
1000440a:	4641      	mov	r1, r8
1000440c:	1afa      	subs	r2, r7, r3
1000440e:	b292      	uxth	r2, r2
10004410:	0049      	lsls	r1, r1, #1
10004412:	1912      	adds	r2, r2, r4
10004414:	428a      	cmp	r2, r1
10004416:	db09      	blt.n	1000442c <tu_fifo_write_n+0xe8>
10004418:	4642      	mov	r2, r8
1000441a:	189a      	adds	r2, r3, r2
1000441c:	b292      	uxth	r2, r2
1000441e:	1b17      	subs	r7, r2, r4
10004420:	b2bf      	uxth	r7, r7
10004422:	4693      	mov	fp, r2
10004424:	42bb      	cmp	r3, r7
10004426:	d93a      	bls.n	1000449e <tu_fifo_write_n+0x15a>
10004428:	1a7f      	subs	r7, r7, r1
1000442a:	b2bf      	uxth	r7, r7
1000442c:	19e3      	adds	r3, r4, r7
1000442e:	b29b      	uxth	r3, r3
10004430:	4646      	mov	r6, r8
10004432:	469b      	mov	fp, r3
10004434:	46a0      	mov	r8, r4
10004436:	88e8      	ldrh	r0, [r5, #6]
10004438:	e7b6      	b.n	100043a8 <tu_fifo_write_n+0x64>
1000443a:	2300      	movs	r3, #0
1000443c:	4698      	mov	r8, r3
1000443e:	4640      	mov	r0, r8
10004440:	b003      	add	sp, #12
10004442:	bcf0      	pop	{r4, r5, r6, r7}
10004444:	46bb      	mov	fp, r7
10004446:	46b2      	mov	sl, r6
10004448:	46a9      	mov	r9, r5
1000444a:	46a0      	mov	r8, r4
1000444c:	bdf0      	pop	{r4, r5, r6, r7, pc}
1000444e:	1afb      	subs	r3, r7, r3
10004450:	b29b      	uxth	r3, r3
10004452:	e798      	b.n	10004386 <tu_fifo_write_n+0x42>
10004454:	88e8      	ldrh	r0, [r5, #6]
10004456:	1aa2      	subs	r2, r4, r2
10004458:	0444      	lsls	r4, r0, #17
1000445a:	0c64      	lsrs	r4, r4, #17
1000445c:	4354      	muls	r4, r2
1000445e:	4642      	mov	r2, r8
10004460:	44a1      	add	r9, r4
10004462:	2a00      	cmp	r2, #0
10004464:	d0c5      	beq.n	100043f2 <tu_fifo_write_n+0xae>
10004466:	4646      	mov	r6, r8
10004468:	001f      	movs	r7, r3
1000446a:	e799      	b.n	100043a0 <tu_fifo_write_n+0x5c>
1000446c:	4653      	mov	r3, sl
1000446e:	4359      	muls	r1, r3
10004470:	b289      	uxth	r1, r1
10004472:	000a      	movs	r2, r1
10004474:	9101      	str	r1, [sp, #4]
10004476:	4649      	mov	r1, r9
10004478:	f7fd fa82 	bl	10001980 <__wrap___aeabi_memcpy>
1000447c:	4643      	mov	r3, r8
1000447e:	1b9a      	subs	r2, r3, r6
10004480:	4653      	mov	r3, sl
10004482:	18a2      	adds	r2, r4, r2
10004484:	435a      	muls	r2, r3
10004486:	9901      	ldr	r1, [sp, #4]
10004488:	6828      	ldr	r0, [r5, #0]
1000448a:	b292      	uxth	r2, r2
1000448c:	4449      	add	r1, r9
1000448e:	f7fd fa77 	bl	10001980 <__wrap___aeabi_memcpy>
10004492:	e7a2      	b.n	100043da <tu_fifo_write_n+0x96>
10004494:	0051      	lsls	r1, r2, #1
10004496:	1aca      	subs	r2, r1, r3
10004498:	18ba      	adds	r2, r7, r2
1000449a:	b292      	uxth	r2, r2
1000449c:	e7b9      	b.n	10004412 <tu_fifo_write_n+0xce>
1000449e:	42b9      	cmp	r1, r7
100044a0:	ddc2      	ble.n	10004428 <tu_fifo_write_n+0xe4>
100044a2:	4646      	mov	r6, r8
100044a4:	88e8      	ldrh	r0, [r5, #6]
100044a6:	46a0      	mov	r8, r4
100044a8:	e77e      	b.n	100043a8 <tu_fifo_write_n+0x64>
100044aa:	46c0      	nop			; (mov r8, r8)

100044ac <tu_fifo_clear>:
100044ac:	b510      	push	{r4, lr}
100044ae:	0004      	movs	r4, r0
100044b0:	68c0      	ldr	r0, [r0, #12]
100044b2:	2800      	cmp	r0, #0
100044b4:	d003      	beq.n	100044be <tu_fifo_clear+0x12>
100044b6:	2101      	movs	r1, #1
100044b8:	4249      	negs	r1, r1
100044ba:	f000 f895 	bl	100045e8 <__mutex_enter_timeout_ms_veneer>
100044be:	6920      	ldr	r0, [r4, #16]
100044c0:	2800      	cmp	r0, #0
100044c2:	d003      	beq.n	100044cc <tu_fifo_clear+0x20>
100044c4:	2101      	movs	r1, #1
100044c6:	4249      	negs	r1, r1
100044c8:	f000 f88e 	bl	100045e8 <__mutex_enter_timeout_ms_veneer>
100044cc:	2300      	movs	r3, #0
100044ce:	68e0      	ldr	r0, [r4, #12]
100044d0:	8163      	strh	r3, [r4, #10]
100044d2:	8123      	strh	r3, [r4, #8]
100044d4:	2800      	cmp	r0, #0
100044d6:	d001      	beq.n	100044dc <tu_fifo_clear+0x30>
100044d8:	f000 f86e 	bl	100045b8 <__mutex_exit_veneer>
100044dc:	6920      	ldr	r0, [r4, #16]
100044de:	2800      	cmp	r0, #0
100044e0:	d001      	beq.n	100044e6 <tu_fifo_clear+0x3a>
100044e2:	f000 f869 	bl	100045b8 <__mutex_exit_veneer>
100044e6:	2001      	movs	r0, #1
100044e8:	bd10      	pop	{r4, pc}
100044ea:	46c0      	nop			; (mov r8, r8)

100044ec <tu_fifo_set_overwritable>:
100044ec:	b570      	push	{r4, r5, r6, lr}
100044ee:	0004      	movs	r4, r0
100044f0:	68c0      	ldr	r0, [r0, #12]
100044f2:	000d      	movs	r5, r1
100044f4:	2800      	cmp	r0, #0
100044f6:	d003      	beq.n	10004500 <tu_fifo_set_overwritable+0x14>
100044f8:	2101      	movs	r1, #1
100044fa:	4249      	negs	r1, r1
100044fc:	f000 f874 	bl	100045e8 <__mutex_enter_timeout_ms_veneer>
10004500:	6920      	ldr	r0, [r4, #16]
10004502:	2800      	cmp	r0, #0
10004504:	d003      	beq.n	1000450e <tu_fifo_set_overwritable+0x22>
10004506:	2101      	movs	r1, #1
10004508:	4249      	negs	r1, r1
1000450a:	f000 f86d 	bl	100045e8 <__mutex_enter_timeout_ms_veneer>
1000450e:	217f      	movs	r1, #127	; 0x7f
10004510:	79e3      	ldrb	r3, [r4, #7]
10004512:	01ed      	lsls	r5, r5, #7
10004514:	4019      	ands	r1, r3
10004516:	68e0      	ldr	r0, [r4, #12]
10004518:	4329      	orrs	r1, r5
1000451a:	71e1      	strb	r1, [r4, #7]
1000451c:	2800      	cmp	r0, #0
1000451e:	d001      	beq.n	10004524 <tu_fifo_set_overwritable+0x38>
10004520:	f000 f84a 	bl	100045b8 <__mutex_exit_veneer>
10004524:	6920      	ldr	r0, [r4, #16]
10004526:	2800      	cmp	r0, #0
10004528:	d001      	beq.n	1000452e <tu_fifo_set_overwritable+0x42>
1000452a:	f000 f845 	bl	100045b8 <__mutex_exit_veneer>
1000452e:	2001      	movs	r0, #1
10004530:	bd70      	pop	{r4, r5, r6, pc}
10004532:	46c0      	nop			; (mov r8, r8)

10004534 <strlen>:
10004534:	b510      	push	{r4, lr}
10004536:	0783      	lsls	r3, r0, #30
10004538:	d00a      	beq.n	10004550 <strlen+0x1c>
1000453a:	0003      	movs	r3, r0
1000453c:	2103      	movs	r1, #3
1000453e:	e002      	b.n	10004546 <strlen+0x12>
10004540:	3301      	adds	r3, #1
10004542:	420b      	tst	r3, r1
10004544:	d005      	beq.n	10004552 <strlen+0x1e>
10004546:	781a      	ldrb	r2, [r3, #0]
10004548:	2a00      	cmp	r2, #0
1000454a:	d1f9      	bne.n	10004540 <strlen+0xc>
1000454c:	1a18      	subs	r0, r3, r0
1000454e:	bd10      	pop	{r4, pc}
10004550:	0003      	movs	r3, r0
10004552:	6819      	ldr	r1, [r3, #0]
10004554:	4a0c      	ldr	r2, [pc, #48]	; (10004588 <strlen+0x54>)
10004556:	4c0d      	ldr	r4, [pc, #52]	; (1000458c <strlen+0x58>)
10004558:	188a      	adds	r2, r1, r2
1000455a:	438a      	bics	r2, r1
1000455c:	4222      	tst	r2, r4
1000455e:	d10f      	bne.n	10004580 <strlen+0x4c>
10004560:	6859      	ldr	r1, [r3, #4]
10004562:	4a09      	ldr	r2, [pc, #36]	; (10004588 <strlen+0x54>)
10004564:	3304      	adds	r3, #4
10004566:	188a      	adds	r2, r1, r2
10004568:	438a      	bics	r2, r1
1000456a:	4222      	tst	r2, r4
1000456c:	d108      	bne.n	10004580 <strlen+0x4c>
1000456e:	6859      	ldr	r1, [r3, #4]
10004570:	4a05      	ldr	r2, [pc, #20]	; (10004588 <strlen+0x54>)
10004572:	3304      	adds	r3, #4
10004574:	188a      	adds	r2, r1, r2
10004576:	438a      	bics	r2, r1
10004578:	4222      	tst	r2, r4
1000457a:	d0f1      	beq.n	10004560 <strlen+0x2c>
1000457c:	e000      	b.n	10004580 <strlen+0x4c>
1000457e:	3301      	adds	r3, #1
10004580:	781a      	ldrb	r2, [r3, #0]
10004582:	2a00      	cmp	r2, #0
10004584:	d1fb      	bne.n	1000457e <strlen+0x4a>
10004586:	e7e1      	b.n	1000454c <strlen+0x18>
10004588:	fefefeff 	.word	0xfefefeff
1000458c:	80808080 	.word	0x80808080

10004590 <_fini>:
10004590:	b5f8      	push	{r3, r4, r5, r6, r7, lr}
10004592:	46c0      	nop			; (mov r8, r8)
10004594:	0000      	movs	r0, r0
	...

10004598 <__reset_non_control_endpoints_veneer>:
10004598:	b401      	push	{r0}
1000459a:	4802      	ldr	r0, [pc, #8]	; (100045a4 <__reset_non_control_endpoints_veneer+0xc>)
1000459c:	4684      	mov	ip, r0
1000459e:	bc01      	pop	{r0}
100045a0:	4760      	bx	ip
100045a2:	bf00      	nop
100045a4:	20000395 	.word	0x20000395

100045a8 <__flash_do_cmd_veneer>:
100045a8:	b401      	push	{r0}
100045aa:	4802      	ldr	r0, [pc, #8]	; (100045b4 <__flash_do_cmd_veneer+0xc>)
100045ac:	4684      	mov	ip, r0
100045ae:	bc01      	pop	{r0}
100045b0:	4760      	bx	ip
100045b2:	bf00      	nop
100045b4:	200002d1 	.word	0x200002d1

100045b8 <__mutex_exit_veneer>:
100045b8:	b401      	push	{r0}
100045ba:	4802      	ldr	r0, [pc, #8]	; (100045c4 <__mutex_exit_veneer+0xc>)
100045bc:	4684      	mov	ip, r0
100045be:	bc01      	pop	{r0}
100045c0:	4760      	bx	ip
100045c2:	bf00      	nop
100045c4:	20000231 	.word	0x20000231

100045c8 <____aeabi_idiv0_veneer>:
100045c8:	b401      	push	{r0}
100045ca:	4802      	ldr	r0, [pc, #8]	; (100045d4 <____aeabi_idiv0_veneer+0xc>)
100045cc:	4684      	mov	ip, r0
100045ce:	bc01      	pop	{r0}
100045d0:	4760      	bx	ip
100045d2:	bf00      	nop
100045d4:	20000f3d 	.word	0x20000f3d

100045d8 <__mutex_try_enter_veneer>:
100045d8:	b401      	push	{r0}
100045da:	4802      	ldr	r0, [pc, #8]	; (100045e4 <__mutex_try_enter_veneer+0xc>)
100045dc:	4684      	mov	ip, r0
100045de:	bc01      	pop	{r0}
100045e0:	4760      	bx	ip
100045e2:	bf00      	nop
100045e4:	200000c1 	.word	0x200000c1

100045e8 <__mutex_enter_timeout_ms_veneer>:
100045e8:	b401      	push	{r0}
100045ea:	4802      	ldr	r0, [pc, #8]	; (100045f4 <__mutex_enter_timeout_ms_veneer+0xc>)
100045ec:	4684      	mov	ip, r0
100045ee:	bc01      	pop	{r0}
100045f0:	4760      	bx	ip
100045f2:	bf00      	nop
100045f4:	200001a1 	.word	0x200001a1

100045f8 <__e15_is_bulkin_ep_veneer>:
100045f8:	b401      	push	{r0}
100045fa:	4802      	ldr	r0, [pc, #8]	; (10004604 <__e15_is_bulkin_ep_veneer+0xc>)
100045fc:	4684      	mov	ip, r0
100045fe:	bc01      	pop	{r0}
10004600:	4760      	bx	ip
10004602:	bf00      	nop
10004604:	20000be9 	.word	0x20000be9

10004608 <__e15_is_critical_frame_period_veneer>:
10004608:	b401      	push	{r0}
1000460a:	4802      	ldr	r0, [pc, #8]	; (10004614 <__e15_is_critical_frame_period_veneer+0xc>)
1000460c:	4684      	mov	ip, r0
1000460e:	bc01      	pop	{r0}
10004610:	4760      	bx	ip
10004612:	bf00      	nop
10004614:	20000c11 	.word	0x20000c11

10004618 <__mutex_try_enter_block_until_veneer>:
10004618:	b401      	push	{r0}
1000461a:	4802      	ldr	r0, [pc, #8]	; (10004624 <__mutex_try_enter_block_until_veneer+0xc>)
1000461c:	4684      	mov	ip, r0
1000461e:	bc01      	pop	{r0}
10004620:	4760      	bx	ip
10004622:	bf00      	nop
10004624:	20000105 	.word	0x20000105

10004628 <__hw_endpoint_start_next_buffer_veneer>:
10004628:	b401      	push	{r0}
1000462a:	4802      	ldr	r0, [pc, #8]	; (10004634 <__hw_endpoint_start_next_buffer_veneer+0xc>)
1000462c:	4684      	mov	ip, r0
1000462e:	bc01      	pop	{r0}
10004630:	4760      	bx	ip
10004632:	bf00      	nop
10004634:	20000ca1 	.word	0x20000ca1

10004638 <__hw_endpoint_reset_transfer_veneer>:
10004638:	b401      	push	{r0}
1000463a:	4802      	ldr	r0, [pc, #8]	; (10004644 <__hw_endpoint_reset_transfer_veneer+0xc>)
1000463c:	4684      	mov	ip, r0
1000463e:	bc01      	pop	{r0}
10004640:	4760      	bx	ip
10004642:	bf00      	nop
10004644:	20000c45 	.word	0x20000c45

10004648 <___hw_endpoint_buffer_control_update32_veneer>:
10004648:	b401      	push	{r0}
1000464a:	4802      	ldr	r0, [pc, #8]	; (10004654 <___hw_endpoint_buffer_control_update32_veneer+0xc>)
1000464c:	4684      	mov	ip, r0
1000464e:	bc01      	pop	{r0}
10004650:	4760      	bx	ip
10004652:	bf00      	nop
10004654:	20000c51 	.word	0x20000c51

10004658 <__pre_init_runtime_init_early_resets>:
10004658:	10001601                                ....

1000465c <__pre_init_runtime_init_usb_power_down>:
1000465c:	1000162d 10001779 10001965 100017d5     -...y...e.......
1000466c:	100018d5                                ....

10004670 <__pre_init_runtime_init_clocks>:
10004670:	100016a1                                ....

10004674 <__pre_init_runtime_init_post_clock_resets>:
10004674:	10001649                                I...

10004678 <__pre_init_runtime_init_rp2040_gpio_ie_disable>:
10004678:	10001669                                i...

1000467c <__pre_init_runtime_init_spin_locks_reset>:
1000467c:	1000167d                                }...

10004680 <__pre_init_runtime_init_mutex>:
10004680:	1000087d                                }...

10004684 <__pre_init_runtime_init_install_ram_vector_table>:
10004684:	10001685                                ....

10004688 <__pre_init_runtime_init_default_alarm_pool>:
10004688:	10000c5d                                ]...

1000468c <__pre_init_first_per_core_initializer>:
1000468c:	100015c9                                ....

10004690 <__pre_init_runtime_init_per_core_irq_priorities>:
10004690:	100004c1                                ....

10004694 <__frame_dummy_init_array_entry>:
10004694:	100002fd 1000231d                       .....#..

Disassembly of section .data:

200000c0 <mutex_try_enter>:
200000c0:	0003      	movs	r3, r0
200000c2:	6800      	ldr	r0, [r0, #0]
200000c4:	f3ef 8c10 	mrs	ip, PRIMASK
200000c8:	b672      	cpsid	i
200000ca:	6802      	ldr	r2, [r0, #0]
200000cc:	2a00      	cmp	r2, #0
200000ce:	d0fc      	beq.n	200000ca <mutex_try_enter+0xa>
200000d0:	f3bf 8f5f 	dmb	sy
200000d4:	2204      	movs	r2, #4
200000d6:	569a      	ldrsb	r2, [r3, r2]
200000d8:	2a00      	cmp	r2, #0
200000da:	db0b      	blt.n	200000f4 <mutex_try_enter+0x34>
200000dc:	2900      	cmp	r1, #0
200000de:	d00f      	beq.n	20000100 <mutex_try_enter+0x40>
200000e0:	2000      	movs	r0, #0
200000e2:	600a      	str	r2, [r1, #0]
200000e4:	681b      	ldr	r3, [r3, #0]
200000e6:	f3bf 8f5f 	dmb	sy
200000ea:	2200      	movs	r2, #0
200000ec:	601a      	str	r2, [r3, #0]
200000ee:	f38c 8810 	msr	PRIMASK, ip
200000f2:	4770      	bx	lr
200000f4:	22d0      	movs	r2, #208	; 0xd0
200000f6:	0612      	lsls	r2, r2, #24
200000f8:	6812      	ldr	r2, [r2, #0]
200000fa:	2001      	movs	r0, #1
200000fc:	711a      	strb	r2, [r3, #4]
200000fe:	e7f1      	b.n	200000e4 <mutex_try_enter+0x24>
20000100:	2000      	movs	r0, #0
20000102:	e7ef      	b.n	200000e4 <mutex_try_enter+0x24>

20000104 <mutex_try_enter_block_until>:
20000104:	b5f0      	push	{r4, r5, r6, r7, lr}
20000106:	46c6      	mov	lr, r8
20000108:	0015      	movs	r5, r2
2000010a:	b500      	push	{lr}
2000010c:	0004      	movs	r4, r0
2000010e:	001e      	movs	r6, r3
20000110:	6802      	ldr	r2, [r0, #0]
20000112:	f3ef 8110 	mrs	r1, PRIMASK
20000116:	b672      	cpsid	i
20000118:	6813      	ldr	r3, [r2, #0]
2000011a:	2b00      	cmp	r3, #0
2000011c:	d0fc      	beq.n	20000118 <mutex_try_enter_block_until+0x14>
2000011e:	f3bf 8f5f 	dmb	sy
20000122:	2304      	movs	r3, #4
20000124:	56e3      	ldrsb	r3, [r4, r3]
20000126:	2b00      	cmp	r3, #0
20000128:	db2d      	blt.n	20000186 <mutex_try_enter_block_until+0x82>
2000012a:	6822      	ldr	r2, [r4, #0]
2000012c:	f3bf 8f5f 	dmb	sy
20000130:	2000      	movs	r0, #0
20000132:	6010      	str	r0, [r2, #0]
20000134:	f381 8810 	msr	PRIMASK, r1
20000138:	22d0      	movs	r2, #208	; 0xd0
2000013a:	0612      	lsls	r2, r2, #24
2000013c:	7812      	ldrb	r2, [r2, #0]
2000013e:	b252      	sxtb	r2, r2
20000140:	4690      	mov	r8, r2
20000142:	429a      	cmp	r2, r3
20000144:	d103      	bne.n	2000014e <mutex_try_enter_block_until+0x4a>
20000146:	2000      	movs	r0, #0
20000148:	bc80      	pop	{r7}
2000014a:	46b8      	mov	r8, r7
2000014c:	bdf0      	pop	{r4, r5, r6, r7, pc}
2000014e:	2700      	movs	r7, #0
20000150:	e00b      	b.n	2000016a <mutex_try_enter_block_until+0x66>
20000152:	6823      	ldr	r3, [r4, #0]
20000154:	f3bf 8f5f 	dmb	sy
20000158:	601f      	str	r7, [r3, #0]
2000015a:	f381 8810 	msr	PRIMASK, r1
2000015e:	0028      	movs	r0, r5
20000160:	0031      	movs	r1, r6
20000162:	f000 ff15 	bl	20000f90 <__best_effort_wfe_or_timeout_veneer>
20000166:	2800      	cmp	r0, #0
20000168:	d1ed      	bne.n	20000146 <mutex_try_enter_block_until+0x42>
2000016a:	6822      	ldr	r2, [r4, #0]
2000016c:	f3ef 8110 	mrs	r1, PRIMASK
20000170:	b672      	cpsid	i
20000172:	6813      	ldr	r3, [r2, #0]
20000174:	2b00      	cmp	r3, #0
20000176:	d0fc      	beq.n	20000172 <mutex_try_enter_block_until+0x6e>
20000178:	f3bf 8f5f 	dmb	sy
2000017c:	7923      	ldrb	r3, [r4, #4]
2000017e:	2b7f      	cmp	r3, #127	; 0x7f
20000180:	d9e7      	bls.n	20000152 <mutex_try_enter_block_until+0x4e>
20000182:	4643      	mov	r3, r8
20000184:	e002      	b.n	2000018c <mutex_try_enter_block_until+0x88>
20000186:	23d0      	movs	r3, #208	; 0xd0
20000188:	061b      	lsls	r3, r3, #24
2000018a:	681b      	ldr	r3, [r3, #0]
2000018c:	7123      	strb	r3, [r4, #4]
2000018e:	6823      	ldr	r3, [r4, #0]
20000190:	f3bf 8f5f 	dmb	sy
20000194:	2200      	movs	r2, #0
20000196:	601a      	str	r2, [r3, #0]
20000198:	f381 8810 	msr	PRIMASK, r1
2000019c:	2001      	movs	r0, #1
2000019e:	e7d3      	b.n	20000148 <mutex_try_enter_block_until+0x44>

200001a0 <mutex_enter_timeout_ms>:
200001a0:	b5f0      	push	{r4, r5, r6, r7, lr}
200001a2:	46c6      	mov	lr, r8
200001a4:	b500      	push	{lr}
200001a6:	000d      	movs	r5, r1
200001a8:	0004      	movs	r4, r0
200001aa:	f000 ff01 	bl	20000fb0 <__time_us_64_veneer>
200001ae:	22fa      	movs	r2, #250	; 0xfa
200001b0:	0006      	movs	r6, r0
200001b2:	000f      	movs	r7, r1
200001b4:	2300      	movs	r3, #0
200001b6:	0028      	movs	r0, r5
200001b8:	2100      	movs	r1, #0
200001ba:	0092      	lsls	r2, r2, #2
200001bc:	f000 fee0 	bl	20000f80 <____wrap___aeabi_lmul_veneer>
200001c0:	1836      	adds	r6, r6, r0
200001c2:	414f      	adcs	r7, r1
200001c4:	2f00      	cmp	r7, #0
200001c6:	db2c      	blt.n	20000222 <mutex_enter_timeout_ms+0x82>
200001c8:	23d0      	movs	r3, #208	; 0xd0
200001ca:	061b      	lsls	r3, r3, #24
200001cc:	681b      	ldr	r3, [r3, #0]
200001ce:	2500      	movs	r5, #0
200001d0:	4698      	mov	r8, r3
200001d2:	e00b      	b.n	200001ec <mutex_enter_timeout_ms+0x4c>
200001d4:	6823      	ldr	r3, [r4, #0]
200001d6:	f3bf 8f5f 	dmb	sy
200001da:	601d      	str	r5, [r3, #0]
200001dc:	f381 8810 	msr	PRIMASK, r1
200001e0:	0030      	movs	r0, r6
200001e2:	0039      	movs	r1, r7
200001e4:	f000 fed4 	bl	20000f90 <__best_effort_wfe_or_timeout_veneer>
200001e8:	2800      	cmp	r0, #0
200001ea:	d118      	bne.n	2000021e <mutex_enter_timeout_ms+0x7e>
200001ec:	6822      	ldr	r2, [r4, #0]
200001ee:	f3ef 8110 	mrs	r1, PRIMASK
200001f2:	b672      	cpsid	i
200001f4:	6813      	ldr	r3, [r2, #0]
200001f6:	2b00      	cmp	r3, #0
200001f8:	d0fc      	beq.n	200001f4 <mutex_enter_timeout_ms+0x54>
200001fa:	f3bf 8f5f 	dmb	sy
200001fe:	7923      	ldrb	r3, [r4, #4]
20000200:	2b7f      	cmp	r3, #127	; 0x7f
20000202:	d9e7      	bls.n	200001d4 <mutex_enter_timeout_ms+0x34>
20000204:	4643      	mov	r3, r8
20000206:	7123      	strb	r3, [r4, #4]
20000208:	6823      	ldr	r3, [r4, #0]
2000020a:	f3bf 8f5f 	dmb	sy
2000020e:	2200      	movs	r2, #0
20000210:	601a      	str	r2, [r3, #0]
20000212:	f381 8810 	msr	PRIMASK, r1
20000216:	2001      	movs	r0, #1
20000218:	bc80      	pop	{r7}
2000021a:	46b8      	mov	r8, r7
2000021c:	bdf0      	pop	{r4, r5, r6, r7, pc}
2000021e:	2000      	movs	r0, #0
20000220:	e7fa      	b.n	20000218 <mutex_enter_timeout_ms+0x78>
20000222:	2601      	movs	r6, #1
20000224:	4f01      	ldr	r7, [pc, #4]	; (2000022c <mutex_enter_timeout_ms+0x8c>)
20000226:	4276      	negs	r6, r6
20000228:	e7ce      	b.n	200001c8 <mutex_enter_timeout_ms+0x28>
2000022a:	46c0      	nop			; (mov r8, r8)
2000022c:	7fffffff 	.word	0x7fffffff

20000230 <mutex_exit>:
20000230:	6802      	ldr	r2, [r0, #0]
20000232:	f3ef 8110 	mrs	r1, PRIMASK
20000236:	b672      	cpsid	i
20000238:	6813      	ldr	r3, [r2, #0]
2000023a:	2b00      	cmp	r3, #0
2000023c:	d0fc      	beq.n	20000238 <mutex_exit+0x8>
2000023e:	f3bf 8f5f 	dmb	sy
20000242:	23ff      	movs	r3, #255	; 0xff
20000244:	7103      	strb	r3, [r0, #4]
20000246:	6803      	ldr	r3, [r0, #0]
20000248:	f3bf 8f5f 	dmb	sy
2000024c:	2200      	movs	r2, #0
2000024e:	601a      	str	r2, [r3, #0]
20000250:	f381 8810 	msr	PRIMASK, r1
20000254:	bf40      	sev
20000256:	4770      	bx	lr

20000258 <flash_init_boot2_copyout>:
20000258:	b510      	push	{r4, lr}
2000025a:	4c08      	ldr	r4, [pc, #32]	; (2000027c <flash_init_boot2_copyout+0x24>)
2000025c:	7823      	ldrb	r3, [r4, #0]
2000025e:	2b00      	cmp	r3, #0
20000260:	d10a      	bne.n	20000278 <flash_init_boot2_copyout+0x20>
20000262:	2380      	movs	r3, #128	; 0x80
20000264:	4806      	ldr	r0, [pc, #24]	; (20000280 <flash_init_boot2_copyout+0x28>)
20000266:	4907      	ldr	r1, [pc, #28]	; (20000284 <flash_init_boot2_copyout+0x2c>)
20000268:	055b      	lsls	r3, r3, #21
2000026a:	681a      	ldr	r2, [r3, #0]
2000026c:	50c2      	str	r2, [r0, r3]
2000026e:	3304      	adds	r3, #4
20000270:	428b      	cmp	r3, r1
20000272:	d1fa      	bne.n	2000026a <flash_init_boot2_copyout+0x12>
20000274:	2301      	movs	r3, #1
20000276:	7023      	strb	r3, [r4, #0]
20000278:	bd10      	pop	{r4, pc}
2000027a:	46c0      	nop			; (mov r8, r8)
2000027c:	20001f88 	.word	0x20001f88
20000280:	100019cc 	.word	0x100019cc
20000284:	10000100 	.word	0x10000100

20000288 <flash_enable_xip_via_boot2>:
20000288:	b510      	push	{r4, lr}
2000028a:	4b02      	ldr	r3, [pc, #8]	; (20000294 <flash_enable_xip_via_boot2+0xc>)
2000028c:	3301      	adds	r3, #1
2000028e:	4798      	blx	r3
20000290:	bd10      	pop	{r4, pc}
20000292:	46c0      	nop			; (mov r8, r8)
20000294:	200019cc 	.word	0x200019cc

20000298 <flash_cs_force.constprop.0>:
20000298:	4b03      	ldr	r3, [pc, #12]	; (200002a8 <flash_cs_force.constprop.0+0x10>)
2000029a:	681a      	ldr	r2, [r3, #0]
2000029c:	23c0      	movs	r3, #192	; 0xc0
2000029e:	009b      	lsls	r3, r3, #2
200002a0:	4393      	bics	r3, r2
200002a2:	4a02      	ldr	r2, [pc, #8]	; (200002ac <flash_cs_force.constprop.0+0x14>)
200002a4:	6013      	str	r3, [r2, #0]
200002a6:	4770      	bx	lr
200002a8:	4001800c 	.word	0x4001800c
200002ac:	4001900c 	.word	0x4001900c

200002b0 <flash_cs_force.constprop.1>:
200002b0:	4b05      	ldr	r3, [pc, #20]	; (200002c8 <flash_cs_force.constprop.1+0x18>)
200002b2:	681a      	ldr	r2, [r3, #0]
200002b4:	2380      	movs	r3, #128	; 0x80
200002b6:	009b      	lsls	r3, r3, #2
200002b8:	4053      	eors	r3, r2
200002ba:	22c0      	movs	r2, #192	; 0xc0
200002bc:	0092      	lsls	r2, r2, #2
200002be:	4013      	ands	r3, r2
200002c0:	4a02      	ldr	r2, [pc, #8]	; (200002cc <flash_cs_force.constprop.1+0x1c>)
200002c2:	6013      	str	r3, [r2, #0]
200002c4:	4770      	bx	lr
200002c6:	46c0      	nop			; (mov r8, r8)
200002c8:	4001800c 	.word	0x4001800c
200002cc:	4001900c 	.word	0x4001900c

200002d0 <flash_do_cmd>:
200002d0:	2314      	movs	r3, #20
200002d2:	b5f0      	push	{r4, r5, r6, r7, lr}
200002d4:	46d6      	mov	lr, sl
200002d6:	464f      	mov	r7, r9
200002d8:	4646      	mov	r6, r8
200002da:	469a      	mov	sl, r3
200002dc:	4681      	mov	r9, r0
200002de:	8818      	ldrh	r0, [r3, #0]
200002e0:	3304      	adds	r3, #4
200002e2:	b5c0      	push	{r6, r7, lr}
200002e4:	4698      	mov	r8, r3
200002e6:	000e      	movs	r6, r1
200002e8:	881b      	ldrh	r3, [r3, #0]
200002ea:	4927      	ldr	r1, [pc, #156]	; (20000388 <flash_do_cmd+0xb8>)
200002ec:	0014      	movs	r4, r2
200002ee:	4798      	blx	r3
200002f0:	4653      	mov	r3, sl
200002f2:	0007      	movs	r7, r0
200002f4:	8818      	ldrh	r0, [r3, #0]
200002f6:	4643      	mov	r3, r8
200002f8:	4924      	ldr	r1, [pc, #144]	; (2000038c <flash_do_cmd+0xbc>)
200002fa:	881b      	ldrh	r3, [r3, #0]
200002fc:	4798      	blx	r3
200002fe:	4653      	mov	r3, sl
20000300:	0005      	movs	r5, r0
20000302:	8818      	ldrh	r0, [r3, #0]
20000304:	4643      	mov	r3, r8
20000306:	4922      	ldr	r1, [pc, #136]	; (20000390 <flash_do_cmd+0xc0>)
20000308:	881b      	ldrh	r3, [r3, #0]
2000030a:	4798      	blx	r3
2000030c:	4680      	mov	r8, r0
2000030e:	f7ff ffa3 	bl	20000258 <flash_init_boot2_copyout>
20000312:	47b8      	blx	r7
20000314:	47a8      	blx	r5
20000316:	f7ff ffcb 	bl	200002b0 <flash_cs_force.constprop.1>
2000031a:	2c00      	cmp	r4, #0
2000031c:	d01b      	beq.n	20000356 <flash_do_cmd+0x86>
2000031e:	21c0      	movs	r1, #192	; 0xc0
20000320:	0022      	movs	r2, r4
20000322:	2708      	movs	r7, #8
20000324:	2002      	movs	r0, #2
20000326:	0549      	lsls	r1, r1, #21
20000328:	003d      	movs	r5, r7
2000032a:	6a8b      	ldr	r3, [r1, #40]	; 0x28
2000032c:	401d      	ands	r5, r3
2000032e:	4218      	tst	r0, r3
20000330:	d00b      	beq.n	2000034a <flash_do_cmd+0x7a>
20000332:	2c00      	cmp	r4, #0
20000334:	d009      	beq.n	2000034a <flash_do_cmd+0x7a>
20000336:	1b13      	subs	r3, r2, r4
20000338:	2b0d      	cmp	r3, #13
2000033a:	d81f      	bhi.n	2000037c <flash_do_cmd+0xac>
2000033c:	464b      	mov	r3, r9
2000033e:	781b      	ldrb	r3, [r3, #0]
20000340:	3c01      	subs	r4, #1
20000342:	660b      	str	r3, [r1, #96]	; 0x60
20000344:	2301      	movs	r3, #1
20000346:	469c      	mov	ip, r3
20000348:	44e1      	add	r9, ip
2000034a:	0023      	movs	r3, r4
2000034c:	2d00      	cmp	r5, #0
2000034e:	d10c      	bne.n	2000036a <flash_do_cmd+0x9a>
20000350:	4313      	orrs	r3, r2
20000352:	2b00      	cmp	r3, #0
20000354:	d1e8      	bne.n	20000328 <flash_do_cmd+0x58>
20000356:	f7ff ff9f 	bl	20000298 <flash_cs_force.constprop.0>
2000035a:	47c0      	blx	r8
2000035c:	f7ff ff94 	bl	20000288 <flash_enable_xip_via_boot2>
20000360:	bce0      	pop	{r5, r6, r7}
20000362:	46ba      	mov	sl, r7
20000364:	46b1      	mov	r9, r6
20000366:	46a8      	mov	r8, r5
20000368:	bdf0      	pop	{r4, r5, r6, r7, pc}
2000036a:	2a00      	cmp	r2, #0
2000036c:	d0f1      	beq.n	20000352 <flash_do_cmd+0x82>
2000036e:	6e0b      	ldr	r3, [r1, #96]	; 0x60
20000370:	3a01      	subs	r2, #1
20000372:	7033      	strb	r3, [r6, #0]
20000374:	0013      	movs	r3, r2
20000376:	3601      	adds	r6, #1
20000378:	4323      	orrs	r3, r4
2000037a:	e7ea      	b.n	20000352 <flash_do_cmd+0x82>
2000037c:	2d00      	cmp	r5, #0
2000037e:	d0d3      	beq.n	20000328 <flash_do_cmd+0x58>
20000380:	2a00      	cmp	r2, #0
20000382:	d0d1      	beq.n	20000328 <flash_do_cmd+0x58>
20000384:	e7f3      	b.n	2000036e <flash_do_cmd+0x9e>
20000386:	46c0      	nop			; (mov r8, r8)
20000388:	00004649 	.word	0x00004649
2000038c:	00005845 	.word	0x00005845
20000390:	00004346 	.word	0x00004346

20000394 <reset_non_control_endpoints>:
20000394:	2300      	movs	r3, #0
20000396:	4a1c      	ldr	r2, [pc, #112]	; (20000408 <reset_non_control_endpoints+0x74>)
20000398:	b510      	push	{r4, lr}
2000039a:	6093      	str	r3, [r2, #8]
2000039c:	60d3      	str	r3, [r2, #12]
2000039e:	4a1b      	ldr	r2, [pc, #108]	; (2000040c <reset_non_control_endpoints+0x78>)
200003a0:	2100      	movs	r1, #0
200003a2:	6093      	str	r3, [r2, #8]
200003a4:	60d3      	str	r3, [r2, #12]
200003a6:	4a1a      	ldr	r2, [pc, #104]	; (20000410 <reset_non_control_endpoints+0x7c>)
200003a8:	481a      	ldr	r0, [pc, #104]	; (20000414 <reset_non_control_endpoints+0x80>)
200003aa:	6093      	str	r3, [r2, #8]
200003ac:	60d3      	str	r3, [r2, #12]
200003ae:	4a1a      	ldr	r2, [pc, #104]	; (20000418 <reset_non_control_endpoints+0x84>)
200003b0:	6093      	str	r3, [r2, #8]
200003b2:	60d3      	str	r3, [r2, #12]
200003b4:	4a19      	ldr	r2, [pc, #100]	; (2000041c <reset_non_control_endpoints+0x88>)
200003b6:	6093      	str	r3, [r2, #8]
200003b8:	60d3      	str	r3, [r2, #12]
200003ba:	4a19      	ldr	r2, [pc, #100]	; (20000420 <reset_non_control_endpoints+0x8c>)
200003bc:	6093      	str	r3, [r2, #8]
200003be:	60d3      	str	r3, [r2, #12]
200003c0:	4a18      	ldr	r2, [pc, #96]	; (20000424 <reset_non_control_endpoints+0x90>)
200003c2:	6093      	str	r3, [r2, #8]
200003c4:	60d3      	str	r3, [r2, #12]
200003c6:	4a18      	ldr	r2, [pc, #96]	; (20000428 <reset_non_control_endpoints+0x94>)
200003c8:	6093      	str	r3, [r2, #8]
200003ca:	60d3      	str	r3, [r2, #12]
200003cc:	4a17      	ldr	r2, [pc, #92]	; (2000042c <reset_non_control_endpoints+0x98>)
200003ce:	6093      	str	r3, [r2, #8]
200003d0:	60d3      	str	r3, [r2, #12]
200003d2:	4a17      	ldr	r2, [pc, #92]	; (20000430 <reset_non_control_endpoints+0x9c>)
200003d4:	6093      	str	r3, [r2, #8]
200003d6:	60d3      	str	r3, [r2, #12]
200003d8:	4a16      	ldr	r2, [pc, #88]	; (20000434 <reset_non_control_endpoints+0xa0>)
200003da:	6093      	str	r3, [r2, #8]
200003dc:	60d3      	str	r3, [r2, #12]
200003de:	4a16      	ldr	r2, [pc, #88]	; (20000438 <reset_non_control_endpoints+0xa4>)
200003e0:	6093      	str	r3, [r2, #8]
200003e2:	60d3      	str	r3, [r2, #12]
200003e4:	4a15      	ldr	r2, [pc, #84]	; (2000043c <reset_non_control_endpoints+0xa8>)
200003e6:	6093      	str	r3, [r2, #8]
200003e8:	60d3      	str	r3, [r2, #12]
200003ea:	4a15      	ldr	r2, [pc, #84]	; (20000440 <reset_non_control_endpoints+0xac>)
200003ec:	6093      	str	r3, [r2, #8]
200003ee:	60d3      	str	r3, [r2, #12]
200003f0:	4a14      	ldr	r2, [pc, #80]	; (20000444 <reset_non_control_endpoints+0xb0>)
200003f2:	6093      	str	r3, [r2, #8]
200003f4:	60d3      	str	r3, [r2, #12]
200003f6:	22f0      	movs	r2, #240	; 0xf0
200003f8:	0092      	lsls	r2, r2, #2
200003fa:	f000 fda1 	bl	20000f40 <____wrap_memset_veneer>
200003fe:	4b12      	ldr	r3, [pc, #72]	; (20000448 <reset_non_control_endpoints+0xb4>)
20000400:	4a12      	ldr	r2, [pc, #72]	; (2000044c <reset_non_control_endpoints+0xb8>)
20000402:	601a      	str	r2, [r3, #0]
20000404:	bd10      	pop	{r4, pc}
20000406:	46c0      	nop			; (mov r8, r8)
20000408:	50100000 	.word	0x50100000
2000040c:	50100008 	.word	0x50100008
20000410:	50100010 	.word	0x50100010
20000414:	20001b78 	.word	0x20001b78
20000418:	50100018 	.word	0x50100018
2000041c:	50100020 	.word	0x50100020
20000420:	50100028 	.word	0x50100028
20000424:	50100030 	.word	0x50100030
20000428:	50100038 	.word	0x50100038
2000042c:	50100040 	.word	0x50100040
20000430:	50100048 	.word	0x50100048
20000434:	50100050 	.word	0x50100050
20000438:	50100058 	.word	0x50100058
2000043c:	50100060 	.word	0x50100060
20000440:	50100068 	.word	0x50100068
20000444:	50100070 	.word	0x50100070
20000448:	20001f40 	.word	0x20001f40
2000044c:	50100180 	.word	0x50100180

20000450 <hw_handle_buff_status>:
20000450:	b5f0      	push	{r4, r5, r6, r7, lr}
20000452:	464f      	mov	r7, r9
20000454:	46d6      	mov	lr, sl
20000456:	4646      	mov	r6, r8
20000458:	b5c0      	push	{r6, r7, lr}
2000045a:	4b20      	ldr	r3, [pc, #128]	; (200004dc <hw_handle_buff_status+0x8c>)
2000045c:	b084      	sub	sp, #16
2000045e:	6d9f      	ldr	r7, [r3, #88]	; 0x58
20000460:	2f00      	cmp	r7, #0
20000462:	d023      	beq.n	200004ac <hw_handle_buff_status+0x5c>
20000464:	4b1e      	ldr	r3, [pc, #120]	; (200004e0 <hw_handle_buff_status+0x90>)
20000466:	2400      	movs	r4, #0
20000468:	469a      	mov	sl, r3
2000046a:	2301      	movs	r3, #1
2000046c:	4699      	mov	r9, r3
2000046e:	4b1d      	ldr	r3, [pc, #116]	; (200004e4 <hw_handle_buff_status+0x94>)
20000470:	2601      	movs	r6, #1
20000472:	4698      	mov	r8, r3
20000474:	e004      	b.n	20000480 <hw_handle_buff_status+0x30>
20000476:	3401      	adds	r4, #1
20000478:	0076      	lsls	r6, r6, #1
2000047a:	b2e4      	uxtb	r4, r4
2000047c:	2c20      	cmp	r4, #32
2000047e:	d015      	beq.n	200004ac <hw_handle_buff_status+0x5c>
20000480:	423e      	tst	r6, r7
20000482:	d0f8      	beq.n	20000476 <hw_handle_buff_status+0x26>
20000484:	4653      	mov	r3, sl
20000486:	659e      	str	r6, [r3, #88]	; 0x58
20000488:	464b      	mov	r3, r9
2000048a:	0865      	lsrs	r5, r4, #1
2000048c:	006d      	lsls	r5, r5, #1
2000048e:	43a3      	bics	r3, r4
20000490:	18ed      	adds	r5, r5, r3
20000492:	016d      	lsls	r5, r5, #5
20000494:	4445      	add	r5, r8
20000496:	0028      	movs	r0, r5
20000498:	f000 fc38 	bl	20000d0c <hw_endpoint_xfer_continue>
2000049c:	2800      	cmp	r0, #0
2000049e:	d10b      	bne.n	200004b8 <hw_handle_buff_status+0x68>
200004a0:	3401      	adds	r4, #1
200004a2:	43b7      	bics	r7, r6
200004a4:	b2e4      	uxtb	r4, r4
200004a6:	0076      	lsls	r6, r6, #1
200004a8:	2f00      	cmp	r7, #0
200004aa:	d1e7      	bne.n	2000047c <hw_handle_buff_status+0x2c>
200004ac:	b004      	add	sp, #16
200004ae:	bce0      	pop	{r5, r6, r7}
200004b0:	46ba      	mov	sl, r7
200004b2:	46b1      	mov	r9, r6
200004b4:	46a8      	mov	r8, r5
200004b6:	bdf0      	pop	{r4, r5, r6, r7, pc}
200004b8:	8aeb      	ldrh	r3, [r5, #22]
200004ba:	21e0      	movs	r1, #224	; 0xe0
200004bc:	9303      	str	r3, [sp, #12]
200004be:	2300      	movs	r3, #0
200004c0:	a801      	add	r0, sp, #4
200004c2:	78aa      	ldrb	r2, [r5, #2]
200004c4:	00c9      	lsls	r1, r1, #3
200004c6:	8001      	strh	r1, [r0, #0]
200004c8:	2101      	movs	r1, #1
200004ca:	7102      	strb	r2, [r0, #4]
200004cc:	7143      	strb	r3, [r0, #5]
200004ce:	f000 fc3d 	bl	20000d4c <dcd_event_handler>
200004d2:	0028      	movs	r0, r5
200004d4:	f000 fbb6 	bl	20000c44 <hw_endpoint_reset_transfer>
200004d8:	e7e2      	b.n	200004a0 <hw_handle_buff_status+0x50>
200004da:	46c0      	nop			; (mov r8, r8)
200004dc:	50110000 	.word	0x50110000
200004e0:	50113000 	.word	0x50113000
200004e4:	20001b38 	.word	0x20001b38

200004e8 <dcd_rp2040_irq>:
200004e8:	2398      	movs	r3, #152	; 0x98
200004ea:	b5f0      	push	{r4, r5, r6, r7, lr}
200004ec:	4646      	mov	r6, r8
200004ee:	46d6      	mov	lr, sl
200004f0:	464f      	mov	r7, r9
200004f2:	4acd      	ldr	r2, [pc, #820]	; (20000828 <dcd_rp2040_irq+0x340>)
200004f4:	b5c0      	push	{r6, r7, lr}
200004f6:	58d5      	ldr	r5, [r2, r3]
200004f8:	2380      	movs	r3, #128	; 0x80
200004fa:	002c      	movs	r4, r5
200004fc:	029b      	lsls	r3, r3, #10
200004fe:	2610      	movs	r6, #16
20000500:	b084      	sub	sp, #16
20000502:	401c      	ands	r4, r3
20000504:	421d      	tst	r5, r3
20000506:	d073      	beq.n	200005f0 <dcd_rp2040_irq+0x108>
20000508:	4bc8      	ldr	r3, [pc, #800]	; (2000082c <dcd_rp2040_irq+0x344>)
2000050a:	4cc9      	ldr	r4, [pc, #804]	; (20000830 <dcd_rp2040_irq+0x348>)
2000050c:	6a9a      	ldr	r2, [r3, #40]	; 0x28
2000050e:	4bc9      	ldr	r3, [pc, #804]	; (20000834 <dcd_rp2040_irq+0x34c>)
20000510:	2600      	movs	r6, #0
20000512:	601a      	str	r2, [r3, #0]
20000514:	233b      	movs	r3, #59	; 0x3b
20000516:	5ce3      	ldrb	r3, [r4, r3]
20000518:	2b02      	cmp	r3, #2
2000051a:	d100      	bne.n	2000051e <dcd_rp2040_irq+0x36>
2000051c:	e0fe      	b.n	2000071c <dcd_rp2040_irq+0x234>
2000051e:	237b      	movs	r3, #123	; 0x7b
20000520:	5ce3      	ldrb	r3, [r4, r3]
20000522:	2b02      	cmp	r3, #2
20000524:	d100      	bne.n	20000528 <dcd_rp2040_irq+0x40>
20000526:	e11c      	b.n	20000762 <dcd_rp2040_irq+0x27a>
20000528:	23bb      	movs	r3, #187	; 0xbb
2000052a:	5ce3      	ldrb	r3, [r4, r3]
2000052c:	2b02      	cmp	r3, #2
2000052e:	d100      	bne.n	20000532 <dcd_rp2040_irq+0x4a>
20000530:	e105      	b.n	2000073e <dcd_rp2040_irq+0x256>
20000532:	23fb      	movs	r3, #251	; 0xfb
20000534:	5ce3      	ldrb	r3, [r4, r3]
20000536:	2b02      	cmp	r3, #2
20000538:	d100      	bne.n	2000053c <dcd_rp2040_irq+0x54>
2000053a:	e163      	b.n	20000804 <dcd_rp2040_irq+0x31c>
2000053c:	233c      	movs	r3, #60	; 0x3c
2000053e:	33ff      	adds	r3, #255	; 0xff
20000540:	5ce3      	ldrb	r3, [r4, r3]
20000542:	2b02      	cmp	r3, #2
20000544:	d100      	bne.n	20000548 <dcd_rp2040_irq+0x60>
20000546:	e148      	b.n	200007da <dcd_rp2040_irq+0x2f2>
20000548:	237c      	movs	r3, #124	; 0x7c
2000054a:	33ff      	adds	r3, #255	; 0xff
2000054c:	5ce3      	ldrb	r3, [r4, r3]
2000054e:	2b02      	cmp	r3, #2
20000550:	d100      	bne.n	20000554 <dcd_rp2040_irq+0x6c>
20000552:	e12d      	b.n	200007b0 <dcd_rp2040_irq+0x2c8>
20000554:	23bc      	movs	r3, #188	; 0xbc
20000556:	33ff      	adds	r3, #255	; 0xff
20000558:	5ce3      	ldrb	r3, [r4, r3]
2000055a:	2b02      	cmp	r3, #2
2000055c:	d100      	bne.n	20000560 <dcd_rp2040_irq+0x78>
2000055e:	e112      	b.n	20000786 <dcd_rp2040_irq+0x29e>
20000560:	23fc      	movs	r3, #252	; 0xfc
20000562:	33ff      	adds	r3, #255	; 0xff
20000564:	5ce3      	ldrb	r3, [r4, r3]
20000566:	2b02      	cmp	r3, #2
20000568:	d100      	bne.n	2000056c <dcd_rp2040_irq+0x84>
2000056a:	e20d      	b.n	20000988 <dcd_rp2040_irq+0x4a0>
2000056c:	4bb2      	ldr	r3, [pc, #712]	; (20000838 <dcd_rp2040_irq+0x350>)
2000056e:	5ce3      	ldrb	r3, [r4, r3]
20000570:	2b02      	cmp	r3, #2
20000572:	d100      	bne.n	20000576 <dcd_rp2040_irq+0x8e>
20000574:	e1f4      	b.n	20000960 <dcd_rp2040_irq+0x478>
20000576:	4bb1      	ldr	r3, [pc, #708]	; (2000083c <dcd_rp2040_irq+0x354>)
20000578:	5ce3      	ldrb	r3, [r4, r3]
2000057a:	2b02      	cmp	r3, #2
2000057c:	d100      	bne.n	20000580 <dcd_rp2040_irq+0x98>
2000057e:	e1db      	b.n	20000938 <dcd_rp2040_irq+0x450>
20000580:	4baf      	ldr	r3, [pc, #700]	; (20000840 <dcd_rp2040_irq+0x358>)
20000582:	5ce3      	ldrb	r3, [r4, r3]
20000584:	2b02      	cmp	r3, #2
20000586:	d100      	bne.n	2000058a <dcd_rp2040_irq+0xa2>
20000588:	e1c2      	b.n	20000910 <dcd_rp2040_irq+0x428>
2000058a:	4bae      	ldr	r3, [pc, #696]	; (20000844 <dcd_rp2040_irq+0x35c>)
2000058c:	5ce3      	ldrb	r3, [r4, r3]
2000058e:	2b02      	cmp	r3, #2
20000590:	d100      	bne.n	20000594 <dcd_rp2040_irq+0xac>
20000592:	e1a9      	b.n	200008e8 <dcd_rp2040_irq+0x400>
20000594:	4bac      	ldr	r3, [pc, #688]	; (20000848 <dcd_rp2040_irq+0x360>)
20000596:	5ce3      	ldrb	r3, [r4, r3]
20000598:	2b02      	cmp	r3, #2
2000059a:	d100      	bne.n	2000059e <dcd_rp2040_irq+0xb6>
2000059c:	e190      	b.n	200008c0 <dcd_rp2040_irq+0x3d8>
2000059e:	4bab      	ldr	r3, [pc, #684]	; (2000084c <dcd_rp2040_irq+0x364>)
200005a0:	5ce3      	ldrb	r3, [r4, r3]
200005a2:	2b02      	cmp	r3, #2
200005a4:	d100      	bne.n	200005a8 <dcd_rp2040_irq+0xc0>
200005a6:	e177      	b.n	20000898 <dcd_rp2040_irq+0x3b0>
200005a8:	4ba9      	ldr	r3, [pc, #676]	; (20000850 <dcd_rp2040_irq+0x368>)
200005aa:	5ce3      	ldrb	r3, [r4, r3]
200005ac:	2b02      	cmp	r3, #2
200005ae:	d100      	bne.n	200005b2 <dcd_rp2040_irq+0xca>
200005b0:	e15c      	b.n	2000086c <dcd_rp2040_irq+0x384>
200005b2:	4ba8      	ldr	r3, [pc, #672]	; (20000854 <dcd_rp2040_irq+0x36c>)
200005b4:	5ce3      	ldrb	r3, [r4, r3]
200005b6:	2b02      	cmp	r3, #2
200005b8:	d100      	bne.n	200005bc <dcd_rp2040_irq+0xd4>
200005ba:	e1fa      	b.n	200009b2 <dcd_rp2040_irq+0x4ca>
200005bc:	2e00      	cmp	r6, #0
200005be:	d108      	bne.n	200005d2 <dcd_rp2040_irq+0xea>
200005c0:	4ba5      	ldr	r3, [pc, #660]	; (20000858 <dcd_rp2040_irq+0x370>)
200005c2:	781b      	ldrb	r3, [r3, #0]
200005c4:	2b00      	cmp	r3, #0
200005c6:	d104      	bne.n	200005d2 <dcd_rp2040_irq+0xea>
200005c8:	2180      	movs	r1, #128	; 0x80
200005ca:	4aa4      	ldr	r2, [pc, #656]	; (2000085c <dcd_rp2040_irq+0x374>)
200005cc:	3390      	adds	r3, #144	; 0x90
200005ce:	0289      	lsls	r1, r1, #10
200005d0:	50d1      	str	r1, [r2, r3]
200005d2:	22c0      	movs	r2, #192	; 0xc0
200005d4:	4b94      	ldr	r3, [pc, #592]	; (20000828 <dcd_rp2040_irq+0x340>)
200005d6:	a801      	add	r0, sp, #4
200005d8:	6c9b      	ldr	r3, [r3, #72]	; 0x48
200005da:	0092      	lsls	r2, r2, #2
200005dc:	055b      	lsls	r3, r3, #21
200005de:	0d5b      	lsrs	r3, r3, #21
200005e0:	2101      	movs	r1, #1
200005e2:	2480      	movs	r4, #128	; 0x80
200005e4:	8002      	strh	r2, [r0, #0]
200005e6:	6043      	str	r3, [r0, #4]
200005e8:	f000 fbb0 	bl	20000d4c <dcd_event_handler>
200005ec:	4e9c      	ldr	r6, [pc, #624]	; (20000860 <dcd_rp2040_irq+0x378>)
200005ee:	02a4      	lsls	r4, r4, #10
200005f0:	06eb      	lsls	r3, r5, #27
200005f2:	d500      	bpl.n	200005f6 <dcd_rp2040_irq+0x10e>
200005f4:	e086      	b.n	20000704 <dcd_rp2040_irq+0x21c>
200005f6:	2380      	movs	r3, #128	; 0x80
200005f8:	025b      	lsls	r3, r3, #9
200005fa:	421d      	tst	r5, r3
200005fc:	d037      	beq.n	2000066e <dcd_rp2040_irq+0x186>
200005fe:	431c      	orrs	r4, r3
20000600:	2300      	movs	r3, #0
20000602:	4698      	mov	r8, r3
20000604:	3302      	adds	r3, #2
20000606:	4699      	mov	r9, r3
20000608:	4b96      	ldr	r3, [pc, #600]	; (20000864 <dcd_rp2040_irq+0x37c>)
2000060a:	4e89      	ldr	r6, [pc, #548]	; (20000830 <dcd_rp2040_irq+0x348>)
2000060c:	469a      	mov	sl, r3
2000060e:	7eb3      	ldrb	r3, [r6, #26]
20000610:	2b00      	cmp	r3, #0
20000612:	d017      	beq.n	20000644 <dcd_rp2040_irq+0x15c>
20000614:	464b      	mov	r3, r9
20000616:	4642      	mov	r2, r8
20000618:	1a9f      	subs	r7, r3, r2
2000061a:	f000 fc99 	bl	20000f50 <__rp2040_chip_version_veneer>
2000061e:	2801      	cmp	r0, #1
20000620:	d900      	bls.n	20000624 <dcd_rp2040_irq+0x13c>
20000622:	e073      	b.n	2000070c <dcd_rp2040_irq+0x224>
20000624:	22c0      	movs	r2, #192	; 0xc0
20000626:	2100      	movs	r1, #0
20000628:	0030      	movs	r0, r6
2000062a:	0192      	lsls	r2, r2, #6
2000062c:	f000 fb10 	bl	20000c50 <_hw_endpoint_buffer_control_update32>
20000630:	0030      	movs	r0, r6
20000632:	f000 fb07 	bl	20000c44 <hw_endpoint_reset_transfer>
20000636:	f000 fc8b 	bl	20000f50 <__rp2040_chip_version_veneer>
2000063a:	2801      	cmp	r0, #1
2000063c:	d902      	bls.n	20000644 <dcd_rp2040_irq+0x15c>
2000063e:	4b87      	ldr	r3, [pc, #540]	; (2000085c <dcd_rp2040_irq+0x374>)
20000640:	665f      	str	r7, [r3, #100]	; 0x64
20000642:	661f      	str	r7, [r3, #96]	; 0x60
20000644:	2301      	movs	r3, #1
20000646:	70f3      	strb	r3, [r6, #3]
20000648:	4643      	mov	r3, r8
2000064a:	3620      	adds	r6, #32
2000064c:	2b01      	cmp	r3, #1
2000064e:	d123      	bne.n	20000698 <dcd_rp2040_irq+0x1b0>
20000650:	23c0      	movs	r3, #192	; 0xc0
20000652:	a801      	add	r0, sp, #4
20000654:	00db      	lsls	r3, r3, #3
20000656:	4a84      	ldr	r2, [pc, #528]	; (20000868 <dcd_rp2040_irq+0x380>)
20000658:	8003      	strh	r3, [r0, #0]
2000065a:	ab02      	add	r3, sp, #8
2000065c:	ca42      	ldmia	r2!, {r1, r6}
2000065e:	c342      	stmia	r3!, {r1, r6}
20000660:	2101      	movs	r1, #1
20000662:	f000 fb73 	bl	20000d4c <dcd_event_handler>
20000666:	2280      	movs	r2, #128	; 0x80
20000668:	4b7c      	ldr	r3, [pc, #496]	; (2000085c <dcd_rp2040_irq+0x374>)
2000066a:	0292      	lsls	r2, r2, #10
2000066c:	651a      	str	r2, [r3, #80]	; 0x50
2000066e:	2380      	movs	r3, #128	; 0x80
20000670:	015b      	lsls	r3, r3, #5
20000672:	421d      	tst	r5, r3
20000674:	d113      	bne.n	2000069e <dcd_rp2040_irq+0x1b6>
20000676:	2380      	movs	r3, #128	; 0x80
20000678:	01db      	lsls	r3, r3, #7
2000067a:	421d      	tst	r5, r3
2000067c:	d126      	bne.n	200006cc <dcd_rp2040_irq+0x1e4>
2000067e:	2380      	movs	r3, #128	; 0x80
20000680:	021b      	lsls	r3, r3, #8
20000682:	421d      	tst	r5, r3
20000684:	d131      	bne.n	200006ea <dcd_rp2040_irq+0x202>
20000686:	42ac      	cmp	r4, r5
20000688:	d000      	beq.n	2000068c <dcd_rp2040_irq+0x1a4>
2000068a:	e1ac      	b.n	200009e6 <dcd_rp2040_irq+0x4fe>
2000068c:	b004      	add	sp, #16
2000068e:	bce0      	pop	{r5, r6, r7}
20000690:	46ba      	mov	sl, r7
20000692:	46b1      	mov	r9, r6
20000694:	46a8      	mov	r8, r5
20000696:	bdf0      	pop	{r4, r5, r6, r7, pc}
20000698:	2301      	movs	r3, #1
2000069a:	4698      	mov	r8, r3
2000069c:	e7b7      	b.n	2000060e <dcd_rp2040_irq+0x126>
2000069e:	2600      	movs	r6, #0
200006a0:	431c      	orrs	r4, r3
200006a2:	4b61      	ldr	r3, [pc, #388]	; (20000828 <dcd_rp2040_irq+0x340>)
200006a4:	601e      	str	r6, [r3, #0]
200006a6:	f7ff fe75 	bl	20000394 <reset_non_control_endpoints>
200006aa:	2380      	movs	r3, #128	; 0x80
200006ac:	466a      	mov	r2, sp
200006ae:	005b      	lsls	r3, r3, #1
200006b0:	8093      	strh	r3, [r2, #4]
200006b2:	7216      	strb	r6, [r2, #8]
200006b4:	2101      	movs	r1, #1
200006b6:	a801      	add	r0, sp, #4
200006b8:	f000 fb48 	bl	20000d4c <dcd_event_handler>
200006bc:	2280      	movs	r2, #128	; 0x80
200006be:	4b67      	ldr	r3, [pc, #412]	; (2000085c <dcd_rp2040_irq+0x374>)
200006c0:	0312      	lsls	r2, r2, #12
200006c2:	651a      	str	r2, [r3, #80]	; 0x50
200006c4:	2380      	movs	r3, #128	; 0x80
200006c6:	01db      	lsls	r3, r3, #7
200006c8:	421d      	tst	r5, r3
200006ca:	d0d8      	beq.n	2000067e <dcd_rp2040_irq+0x196>
200006cc:	431c      	orrs	r4, r3
200006ce:	2380      	movs	r3, #128	; 0x80
200006d0:	a801      	add	r0, sp, #4
200006d2:	00db      	lsls	r3, r3, #3
200006d4:	8003      	strh	r3, [r0, #0]
200006d6:	2101      	movs	r1, #1
200006d8:	f000 fb38 	bl	20000d4c <dcd_event_handler>
200006dc:	2210      	movs	r2, #16
200006de:	4b5f      	ldr	r3, [pc, #380]	; (2000085c <dcd_rp2040_irq+0x374>)
200006e0:	651a      	str	r2, [r3, #80]	; 0x50
200006e2:	2380      	movs	r3, #128	; 0x80
200006e4:	021b      	lsls	r3, r3, #8
200006e6:	421d      	tst	r5, r3
200006e8:	d0cd      	beq.n	20000686 <dcd_rp2040_irq+0x19e>
200006ea:	431c      	orrs	r4, r3
200006ec:	23a0      	movs	r3, #160	; 0xa0
200006ee:	a801      	add	r0, sp, #4
200006f0:	00db      	lsls	r3, r3, #3
200006f2:	8003      	strh	r3, [r0, #0]
200006f4:	2101      	movs	r1, #1
200006f6:	f000 fb29 	bl	20000d4c <dcd_event_handler>
200006fa:	2280      	movs	r2, #128	; 0x80
200006fc:	4b57      	ldr	r3, [pc, #348]	; (2000085c <dcd_rp2040_irq+0x374>)
200006fe:	0112      	lsls	r2, r2, #4
20000700:	651a      	str	r2, [r3, #80]	; 0x50
20000702:	e7c0      	b.n	20000686 <dcd_rp2040_irq+0x19e>
20000704:	f7ff fea4 	bl	20000450 <hw_handle_buff_status>
20000708:	0034      	movs	r4, r6
2000070a:	e774      	b.n	200005f6 <dcd_rp2040_irq+0x10e>
2000070c:	4653      	mov	r3, sl
2000070e:	4a46      	ldr	r2, [pc, #280]	; (20000828 <dcd_rp2040_irq+0x340>)
20000710:	661f      	str	r7, [r3, #96]	; 0x60
20000712:	6e53      	ldr	r3, [r2, #100]	; 0x64
20000714:	403b      	ands	r3, r7
20000716:	42bb      	cmp	r3, r7
20000718:	d1fb      	bne.n	20000712 <dcd_rp2040_irq+0x22a>
2000071a:	e783      	b.n	20000624 <dcd_rp2040_irq+0x13c>
2000071c:	3338      	adds	r3, #56	; 0x38
2000071e:	5ce6      	ldrb	r6, [r4, r3]
20000720:	2e00      	cmp	r6, #0
20000722:	d100      	bne.n	20000726 <dcd_rp2040_irq+0x23e>
20000724:	e6fb      	b.n	2000051e <dcd_rp2040_irq+0x36>
20000726:	3302      	adds	r3, #2
20000728:	5ce2      	ldrb	r2, [r4, r3]
2000072a:	2a00      	cmp	r2, #0
2000072c:	d100      	bne.n	20000730 <dcd_rp2040_irq+0x248>
2000072e:	e6f6      	b.n	2000051e <dcd_rp2040_irq+0x36>
20000730:	2200      	movs	r2, #0
20000732:	0020      	movs	r0, r4
20000734:	54e2      	strb	r2, [r4, r3]
20000736:	3020      	adds	r0, #32
20000738:	f000 fab2 	bl	20000ca0 <hw_endpoint_start_next_buffer>
2000073c:	e6ef      	b.n	2000051e <dcd_rp2040_irq+0x36>
2000073e:	33b8      	adds	r3, #184	; 0xb8
20000740:	5ce3      	ldrb	r3, [r4, r3]
20000742:	2b00      	cmp	r3, #0
20000744:	d100      	bne.n	20000748 <dcd_rp2040_irq+0x260>
20000746:	e6f4      	b.n	20000532 <dcd_rp2040_irq+0x4a>
20000748:	22bc      	movs	r2, #188	; 0xbc
2000074a:	5ca1      	ldrb	r1, [r4, r2]
2000074c:	001e      	movs	r6, r3
2000074e:	2900      	cmp	r1, #0
20000750:	d100      	bne.n	20000754 <dcd_rp2040_irq+0x26c>
20000752:	e6ee      	b.n	20000532 <dcd_rp2040_irq+0x4a>
20000754:	2300      	movs	r3, #0
20000756:	0020      	movs	r0, r4
20000758:	54a3      	strb	r3, [r4, r2]
2000075a:	30a0      	adds	r0, #160	; 0xa0
2000075c:	f000 faa0 	bl	20000ca0 <hw_endpoint_start_next_buffer>
20000760:	e6e7      	b.n	20000532 <dcd_rp2040_irq+0x4a>
20000762:	3378      	adds	r3, #120	; 0x78
20000764:	5ce3      	ldrb	r3, [r4, r3]
20000766:	2b00      	cmp	r3, #0
20000768:	d100      	bne.n	2000076c <dcd_rp2040_irq+0x284>
2000076a:	e6dd      	b.n	20000528 <dcd_rp2040_irq+0x40>
2000076c:	227c      	movs	r2, #124	; 0x7c
2000076e:	5ca1      	ldrb	r1, [r4, r2]
20000770:	001e      	movs	r6, r3
20000772:	2900      	cmp	r1, #0
20000774:	d100      	bne.n	20000778 <dcd_rp2040_irq+0x290>
20000776:	e6d7      	b.n	20000528 <dcd_rp2040_irq+0x40>
20000778:	2300      	movs	r3, #0
2000077a:	0020      	movs	r0, r4
2000077c:	54a3      	strb	r3, [r4, r2]
2000077e:	3060      	adds	r0, #96	; 0x60
20000780:	f000 fa8e 	bl	20000ca0 <hw_endpoint_start_next_buffer>
20000784:	e6d0      	b.n	20000528 <dcd_rp2040_irq+0x40>
20000786:	33b9      	adds	r3, #185	; 0xb9
20000788:	33ff      	adds	r3, #255	; 0xff
2000078a:	5ce3      	ldrb	r3, [r4, r3]
2000078c:	2b00      	cmp	r3, #0
2000078e:	d100      	bne.n	20000792 <dcd_rp2040_irq+0x2aa>
20000790:	e6e6      	b.n	20000560 <dcd_rp2040_irq+0x78>
20000792:	22de      	movs	r2, #222	; 0xde
20000794:	0052      	lsls	r2, r2, #1
20000796:	5ca1      	ldrb	r1, [r4, r2]
20000798:	001e      	movs	r6, r3
2000079a:	2900      	cmp	r1, #0
2000079c:	d100      	bne.n	200007a0 <dcd_rp2040_irq+0x2b8>
2000079e:	e6df      	b.n	20000560 <dcd_rp2040_irq+0x78>
200007a0:	0020      	movs	r0, r4
200007a2:	2300      	movs	r3, #0
200007a4:	30a1      	adds	r0, #161	; 0xa1
200007a6:	54a3      	strb	r3, [r4, r2]
200007a8:	30ff      	adds	r0, #255	; 0xff
200007aa:	f000 fa79 	bl	20000ca0 <hw_endpoint_start_next_buffer>
200007ae:	e6d7      	b.n	20000560 <dcd_rp2040_irq+0x78>
200007b0:	3379      	adds	r3, #121	; 0x79
200007b2:	33ff      	adds	r3, #255	; 0xff
200007b4:	5ce3      	ldrb	r3, [r4, r3]
200007b6:	2b00      	cmp	r3, #0
200007b8:	d100      	bne.n	200007bc <dcd_rp2040_irq+0x2d4>
200007ba:	e6cb      	b.n	20000554 <dcd_rp2040_irq+0x6c>
200007bc:	22be      	movs	r2, #190	; 0xbe
200007be:	0052      	lsls	r2, r2, #1
200007c0:	5ca1      	ldrb	r1, [r4, r2]
200007c2:	001e      	movs	r6, r3
200007c4:	2900      	cmp	r1, #0
200007c6:	d100      	bne.n	200007ca <dcd_rp2040_irq+0x2e2>
200007c8:	e6c4      	b.n	20000554 <dcd_rp2040_irq+0x6c>
200007ca:	0020      	movs	r0, r4
200007cc:	2300      	movs	r3, #0
200007ce:	3061      	adds	r0, #97	; 0x61
200007d0:	54a3      	strb	r3, [r4, r2]
200007d2:	30ff      	adds	r0, #255	; 0xff
200007d4:	f000 fa64 	bl	20000ca0 <hw_endpoint_start_next_buffer>
200007d8:	e6bc      	b.n	20000554 <dcd_rp2040_irq+0x6c>
200007da:	3339      	adds	r3, #57	; 0x39
200007dc:	33ff      	adds	r3, #255	; 0xff
200007de:	5ce3      	ldrb	r3, [r4, r3]
200007e0:	2b00      	cmp	r3, #0
200007e2:	d100      	bne.n	200007e6 <dcd_rp2040_irq+0x2fe>
200007e4:	e6b0      	b.n	20000548 <dcd_rp2040_irq+0x60>
200007e6:	229e      	movs	r2, #158	; 0x9e
200007e8:	0052      	lsls	r2, r2, #1
200007ea:	5ca1      	ldrb	r1, [r4, r2]
200007ec:	001e      	movs	r6, r3
200007ee:	2900      	cmp	r1, #0
200007f0:	d100      	bne.n	200007f4 <dcd_rp2040_irq+0x30c>
200007f2:	e6a9      	b.n	20000548 <dcd_rp2040_irq+0x60>
200007f4:	0020      	movs	r0, r4
200007f6:	2300      	movs	r3, #0
200007f8:	3021      	adds	r0, #33	; 0x21
200007fa:	54a3      	strb	r3, [r4, r2]
200007fc:	30ff      	adds	r0, #255	; 0xff
200007fe:	f000 fa4f 	bl	20000ca0 <hw_endpoint_start_next_buffer>
20000802:	e6a1      	b.n	20000548 <dcd_rp2040_irq+0x60>
20000804:	33f8      	adds	r3, #248	; 0xf8
20000806:	5ce3      	ldrb	r3, [r4, r3]
20000808:	2b00      	cmp	r3, #0
2000080a:	d100      	bne.n	2000080e <dcd_rp2040_irq+0x326>
2000080c:	e696      	b.n	2000053c <dcd_rp2040_irq+0x54>
2000080e:	22fc      	movs	r2, #252	; 0xfc
20000810:	5ca1      	ldrb	r1, [r4, r2]
20000812:	001e      	movs	r6, r3
20000814:	2900      	cmp	r1, #0
20000816:	d100      	bne.n	2000081a <dcd_rp2040_irq+0x332>
20000818:	e690      	b.n	2000053c <dcd_rp2040_irq+0x54>
2000081a:	2300      	movs	r3, #0
2000081c:	0020      	movs	r0, r4
2000081e:	54a3      	strb	r3, [r4, r2]
20000820:	30e0      	adds	r0, #224	; 0xe0
20000822:	f000 fa3d 	bl	20000ca0 <hw_endpoint_start_next_buffer>
20000826:	e689      	b.n	2000053c <dcd_rp2040_irq+0x54>
20000828:	50110000 	.word	0x50110000
2000082c:	40054000 	.word	0x40054000
20000830:	20001b38 	.word	0x20001b38
20000834:	20001b30 	.word	0x20001b30
20000838:	0000023b 	.word	0x0000023b
2000083c:	0000027b 	.word	0x0000027b
20000840:	000002bb 	.word	0x000002bb
20000844:	000002fb 	.word	0x000002fb
20000848:	0000033b 	.word	0x0000033b
2000084c:	0000037b 	.word	0x0000037b
20000850:	000003bb 	.word	0x000003bb
20000854:	000003fb 	.word	0x000003fb
20000858:	20001f86 	.word	0x20001f86
2000085c:	50113000 	.word	0x50113000
20000860:	00020010 	.word	0x00020010
20000864:	50112000 	.word	0x50112000
20000868:	50100000 	.word	0x50100000
2000086c:	4b60      	ldr	r3, [pc, #384]	; (200009f0 <dcd_rp2040_irq+0x508>)
2000086e:	5ce3      	ldrb	r3, [r4, r3]
20000870:	2b00      	cmp	r3, #0
20000872:	d100      	bne.n	20000876 <dcd_rp2040_irq+0x38e>
20000874:	e69d      	b.n	200005b2 <dcd_rp2040_irq+0xca>
20000876:	23ef      	movs	r3, #239	; 0xef
20000878:	009b      	lsls	r3, r3, #2
2000087a:	5ce2      	ldrb	r2, [r4, r3]
2000087c:	2a00      	cmp	r2, #0
2000087e:	d000      	beq.n	20000882 <dcd_rp2040_irq+0x39a>
20000880:	e0a9      	b.n	200009d6 <dcd_rp2040_irq+0x4ee>
20000882:	4b5c      	ldr	r3, [pc, #368]	; (200009f4 <dcd_rp2040_irq+0x50c>)
20000884:	5ce3      	ldrb	r3, [r4, r3]
20000886:	2b02      	cmp	r3, #2
20000888:	d000      	beq.n	2000088c <dcd_rp2040_irq+0x3a4>
2000088a:	e6a2      	b.n	200005d2 <dcd_rp2040_irq+0xea>
2000088c:	4b5a      	ldr	r3, [pc, #360]	; (200009f8 <dcd_rp2040_irq+0x510>)
2000088e:	5ce3      	ldrb	r3, [r4, r3]
20000890:	2b00      	cmp	r3, #0
20000892:	d000      	beq.n	20000896 <dcd_rp2040_irq+0x3ae>
20000894:	e092      	b.n	200009bc <dcd_rp2040_irq+0x4d4>
20000896:	e69c      	b.n	200005d2 <dcd_rp2040_irq+0xea>
20000898:	4b58      	ldr	r3, [pc, #352]	; (200009fc <dcd_rp2040_irq+0x514>)
2000089a:	5ce3      	ldrb	r3, [r4, r3]
2000089c:	2b00      	cmp	r3, #0
2000089e:	d100      	bne.n	200008a2 <dcd_rp2040_irq+0x3ba>
200008a0:	e682      	b.n	200005a8 <dcd_rp2040_irq+0xc0>
200008a2:	22df      	movs	r2, #223	; 0xdf
200008a4:	0092      	lsls	r2, r2, #2
200008a6:	5ca1      	ldrb	r1, [r4, r2]
200008a8:	001e      	movs	r6, r3
200008aa:	2900      	cmp	r1, #0
200008ac:	d100      	bne.n	200008b0 <dcd_rp2040_irq+0x3c8>
200008ae:	e67b      	b.n	200005a8 <dcd_rp2040_irq+0xc0>
200008b0:	2300      	movs	r3, #0
200008b2:	54a3      	strb	r3, [r4, r2]
200008b4:	23d8      	movs	r3, #216	; 0xd8
200008b6:	009b      	lsls	r3, r3, #2
200008b8:	18e0      	adds	r0, r4, r3
200008ba:	f000 f9f1 	bl	20000ca0 <hw_endpoint_start_next_buffer>
200008be:	e673      	b.n	200005a8 <dcd_rp2040_irq+0xc0>
200008c0:	4b4f      	ldr	r3, [pc, #316]	; (20000a00 <dcd_rp2040_irq+0x518>)
200008c2:	5ce3      	ldrb	r3, [r4, r3]
200008c4:	2b00      	cmp	r3, #0
200008c6:	d100      	bne.n	200008ca <dcd_rp2040_irq+0x3e2>
200008c8:	e669      	b.n	2000059e <dcd_rp2040_irq+0xb6>
200008ca:	22cf      	movs	r2, #207	; 0xcf
200008cc:	0092      	lsls	r2, r2, #2
200008ce:	5ca1      	ldrb	r1, [r4, r2]
200008d0:	001e      	movs	r6, r3
200008d2:	2900      	cmp	r1, #0
200008d4:	d100      	bne.n	200008d8 <dcd_rp2040_irq+0x3f0>
200008d6:	e662      	b.n	2000059e <dcd_rp2040_irq+0xb6>
200008d8:	2300      	movs	r3, #0
200008da:	54a3      	strb	r3, [r4, r2]
200008dc:	23c8      	movs	r3, #200	; 0xc8
200008de:	009b      	lsls	r3, r3, #2
200008e0:	18e0      	adds	r0, r4, r3
200008e2:	f000 f9dd 	bl	20000ca0 <hw_endpoint_start_next_buffer>
200008e6:	e65a      	b.n	2000059e <dcd_rp2040_irq+0xb6>
200008e8:	4b46      	ldr	r3, [pc, #280]	; (20000a04 <dcd_rp2040_irq+0x51c>)
200008ea:	5ce3      	ldrb	r3, [r4, r3]
200008ec:	2b00      	cmp	r3, #0
200008ee:	d100      	bne.n	200008f2 <dcd_rp2040_irq+0x40a>
200008f0:	e650      	b.n	20000594 <dcd_rp2040_irq+0xac>
200008f2:	22bf      	movs	r2, #191	; 0xbf
200008f4:	0092      	lsls	r2, r2, #2
200008f6:	5ca1      	ldrb	r1, [r4, r2]
200008f8:	001e      	movs	r6, r3
200008fa:	2900      	cmp	r1, #0
200008fc:	d100      	bne.n	20000900 <dcd_rp2040_irq+0x418>
200008fe:	e649      	b.n	20000594 <dcd_rp2040_irq+0xac>
20000900:	2300      	movs	r3, #0
20000902:	54a3      	strb	r3, [r4, r2]
20000904:	23b8      	movs	r3, #184	; 0xb8
20000906:	009b      	lsls	r3, r3, #2
20000908:	18e0      	adds	r0, r4, r3
2000090a:	f000 f9c9 	bl	20000ca0 <hw_endpoint_start_next_buffer>
2000090e:	e641      	b.n	20000594 <dcd_rp2040_irq+0xac>
20000910:	4b3d      	ldr	r3, [pc, #244]	; (20000a08 <dcd_rp2040_irq+0x520>)
20000912:	5ce3      	ldrb	r3, [r4, r3]
20000914:	2b00      	cmp	r3, #0
20000916:	d100      	bne.n	2000091a <dcd_rp2040_irq+0x432>
20000918:	e637      	b.n	2000058a <dcd_rp2040_irq+0xa2>
2000091a:	22af      	movs	r2, #175	; 0xaf
2000091c:	0092      	lsls	r2, r2, #2
2000091e:	5ca1      	ldrb	r1, [r4, r2]
20000920:	001e      	movs	r6, r3
20000922:	2900      	cmp	r1, #0
20000924:	d100      	bne.n	20000928 <dcd_rp2040_irq+0x440>
20000926:	e630      	b.n	2000058a <dcd_rp2040_irq+0xa2>
20000928:	2300      	movs	r3, #0
2000092a:	54a3      	strb	r3, [r4, r2]
2000092c:	23a8      	movs	r3, #168	; 0xa8
2000092e:	009b      	lsls	r3, r3, #2
20000930:	18e0      	adds	r0, r4, r3
20000932:	f000 f9b5 	bl	20000ca0 <hw_endpoint_start_next_buffer>
20000936:	e628      	b.n	2000058a <dcd_rp2040_irq+0xa2>
20000938:	4b34      	ldr	r3, [pc, #208]	; (20000a0c <dcd_rp2040_irq+0x524>)
2000093a:	5ce3      	ldrb	r3, [r4, r3]
2000093c:	2b00      	cmp	r3, #0
2000093e:	d100      	bne.n	20000942 <dcd_rp2040_irq+0x45a>
20000940:	e61e      	b.n	20000580 <dcd_rp2040_irq+0x98>
20000942:	229f      	movs	r2, #159	; 0x9f
20000944:	0092      	lsls	r2, r2, #2
20000946:	5ca1      	ldrb	r1, [r4, r2]
20000948:	001e      	movs	r6, r3
2000094a:	2900      	cmp	r1, #0
2000094c:	d100      	bne.n	20000950 <dcd_rp2040_irq+0x468>
2000094e:	e617      	b.n	20000580 <dcd_rp2040_irq+0x98>
20000950:	2300      	movs	r3, #0
20000952:	54a3      	strb	r3, [r4, r2]
20000954:	2398      	movs	r3, #152	; 0x98
20000956:	009b      	lsls	r3, r3, #2
20000958:	18e0      	adds	r0, r4, r3
2000095a:	f000 f9a1 	bl	20000ca0 <hw_endpoint_start_next_buffer>
2000095e:	e60f      	b.n	20000580 <dcd_rp2040_irq+0x98>
20000960:	4b2b      	ldr	r3, [pc, #172]	; (20000a10 <dcd_rp2040_irq+0x528>)
20000962:	5ce3      	ldrb	r3, [r4, r3]
20000964:	2b00      	cmp	r3, #0
20000966:	d100      	bne.n	2000096a <dcd_rp2040_irq+0x482>
20000968:	e605      	b.n	20000576 <dcd_rp2040_irq+0x8e>
2000096a:	228f      	movs	r2, #143	; 0x8f
2000096c:	0092      	lsls	r2, r2, #2
2000096e:	5ca1      	ldrb	r1, [r4, r2]
20000970:	001e      	movs	r6, r3
20000972:	2900      	cmp	r1, #0
20000974:	d100      	bne.n	20000978 <dcd_rp2040_irq+0x490>
20000976:	e5fe      	b.n	20000576 <dcd_rp2040_irq+0x8e>
20000978:	2300      	movs	r3, #0
2000097a:	54a3      	strb	r3, [r4, r2]
2000097c:	2388      	movs	r3, #136	; 0x88
2000097e:	009b      	lsls	r3, r3, #2
20000980:	18e0      	adds	r0, r4, r3
20000982:	f000 f98d 	bl	20000ca0 <hw_endpoint_start_next_buffer>
20000986:	e5f6      	b.n	20000576 <dcd_rp2040_irq+0x8e>
20000988:	33f9      	adds	r3, #249	; 0xf9
2000098a:	33ff      	adds	r3, #255	; 0xff
2000098c:	5ce3      	ldrb	r3, [r4, r3]
2000098e:	2b00      	cmp	r3, #0
20000990:	d100      	bne.n	20000994 <dcd_rp2040_irq+0x4ac>
20000992:	e5eb      	b.n	2000056c <dcd_rp2040_irq+0x84>
20000994:	22fe      	movs	r2, #254	; 0xfe
20000996:	0052      	lsls	r2, r2, #1
20000998:	5ca1      	ldrb	r1, [r4, r2]
2000099a:	001e      	movs	r6, r3
2000099c:	2900      	cmp	r1, #0
2000099e:	d100      	bne.n	200009a2 <dcd_rp2040_irq+0x4ba>
200009a0:	e5e4      	b.n	2000056c <dcd_rp2040_irq+0x84>
200009a2:	0020      	movs	r0, r4
200009a4:	2300      	movs	r3, #0
200009a6:	30e1      	adds	r0, #225	; 0xe1
200009a8:	54a3      	strb	r3, [r4, r2]
200009aa:	30ff      	adds	r0, #255	; 0xff
200009ac:	f000 f978 	bl	20000ca0 <hw_endpoint_start_next_buffer>
200009b0:	e5dc      	b.n	2000056c <dcd_rp2040_irq+0x84>
200009b2:	4b11      	ldr	r3, [pc, #68]	; (200009f8 <dcd_rp2040_irq+0x510>)
200009b4:	5ce3      	ldrb	r3, [r4, r3]
200009b6:	2b00      	cmp	r3, #0
200009b8:	d100      	bne.n	200009bc <dcd_rp2040_irq+0x4d4>
200009ba:	e5ff      	b.n	200005bc <dcd_rp2040_irq+0xd4>
200009bc:	23ff      	movs	r3, #255	; 0xff
200009be:	009b      	lsls	r3, r3, #2
200009c0:	5ce2      	ldrb	r2, [r4, r3]
200009c2:	2a00      	cmp	r2, #0
200009c4:	d100      	bne.n	200009c8 <dcd_rp2040_irq+0x4e0>
200009c6:	e604      	b.n	200005d2 <dcd_rp2040_irq+0xea>
200009c8:	2200      	movs	r2, #0
200009ca:	54e2      	strb	r2, [r4, r3]
200009cc:	3b1c      	subs	r3, #28
200009ce:	18e0      	adds	r0, r4, r3
200009d0:	f000 f966 	bl	20000ca0 <hw_endpoint_start_next_buffer>
200009d4:	e5fd      	b.n	200005d2 <dcd_rp2040_irq+0xea>
200009d6:	2200      	movs	r2, #0
200009d8:	54e2      	strb	r2, [r4, r3]
200009da:	23e8      	movs	r3, #232	; 0xe8
200009dc:	009b      	lsls	r3, r3, #2
200009de:	18e0      	adds	r0, r4, r3
200009e0:	f000 f95e 	bl	20000ca0 <hw_endpoint_start_next_buffer>
200009e4:	e74d      	b.n	20000882 <dcd_rp2040_irq+0x39a>
200009e6:	0021      	movs	r1, r4
200009e8:	480a      	ldr	r0, [pc, #40]	; (20000a14 <dcd_rp2040_irq+0x52c>)
200009ea:	4069      	eors	r1, r5
200009ec:	f000 fad8 	bl	20000fa0 <__panic_veneer>
200009f0:	000003ba 	.word	0x000003ba
200009f4:	000003fb 	.word	0x000003fb
200009f8:	000003fa 	.word	0x000003fa
200009fc:	0000037a 	.word	0x0000037a
20000a00:	0000033a 	.word	0x0000033a
20000a04:	000002fa 	.word	0x000002fa
20000a08:	000002ba 	.word	0x000002ba
20000a0c:	0000027a 	.word	0x0000027a
20000a10:	0000023a 	.word	0x0000023a
20000a14:	10004968 	.word	0x10004968

20000a18 <prepare_ep_buffer>:
20000a18:	b5f0      	push	{r4, r5, r6, r7, lr}
20000a1a:	46d6      	mov	lr, sl
20000a1c:	464f      	mov	r7, r9
20000a1e:	4646      	mov	r6, r8
20000a20:	0003      	movs	r3, r0
20000a22:	b5c0      	push	{r6, r7, lr}
20000a24:	8b1c      	ldrh	r4, [r3, #24]
20000a26:	8a80      	ldrh	r0, [r0, #20]
20000a28:	468a      	mov	sl, r1
20000a2a:	1c22      	adds	r2, r4, #0
20000a2c:	4284      	cmp	r4, r0
20000a2e:	d900      	bls.n	20000a32 <prepare_ep_buffer+0x1a>
20000a30:	1c02      	adds	r2, r0, #0
20000a32:	2680      	movs	r6, #128	; 0x80
20000a34:	b292      	uxth	r2, r2
20000a36:	1a80      	subs	r0, r0, r2
20000a38:	78dd      	ldrb	r5, [r3, #3]
20000a3a:	b284      	uxth	r4, r0
20000a3c:	00f6      	lsls	r6, r6, #3
20000a3e:	829c      	strh	r4, [r3, #20]
20000a40:	4316      	orrs	r6, r2
20000a42:	2d00      	cmp	r5, #0
20000a44:	d002      	beq.n	20000a4c <prepare_ep_buffer+0x34>
20000a46:	2690      	movs	r6, #144	; 0x90
20000a48:	01b6      	lsls	r6, r6, #6
20000a4a:	4316      	orrs	r6, r2
20000a4c:	2701      	movs	r7, #1
20000a4e:	407d      	eors	r5, r7
20000a50:	70dd      	strb	r5, [r3, #3]
20000a52:	785d      	ldrb	r5, [r3, #1]
20000a54:	0030      	movs	r0, r6
20000a56:	2d00      	cmp	r5, #0
20000a58:	d141      	bne.n	20000ade <prepare_ep_buffer+0xc6>
20000a5a:	4651      	mov	r1, sl
20000a5c:	0188      	lsls	r0, r1, #6
20000a5e:	68d9      	ldr	r1, [r3, #12]
20000a60:	691f      	ldr	r7, [r3, #16]
20000a62:	468c      	mov	ip, r1
20000a64:	1e51      	subs	r1, r2, #1
20000a66:	4688      	mov	r8, r1
20000a68:	4484      	add	ip, r0
20000a6a:	2a00      	cmp	r2, #0
20000a6c:	d032      	beq.n	20000ad4 <prepare_ep_buffer+0xbc>
20000a6e:	4661      	mov	r1, ip
20000a70:	2002      	movs	r0, #2
20000a72:	1c7c      	adds	r4, r7, #1
20000a74:	1b0c      	subs	r4, r1, r4
20000a76:	42a0      	cmp	r0, r4
20000a78:	4180      	sbcs	r0, r0
20000a7a:	2408      	movs	r4, #8
20000a7c:	4544      	cmp	r4, r8
20000a7e:	41a4      	sbcs	r4, r4
20000a80:	4240      	negs	r0, r0
20000a82:	4264      	negs	r4, r4
20000a84:	4204      	tst	r4, r0
20000a86:	d038      	beq.n	20000afa <prepare_ep_buffer+0xe2>
20000a88:	4660      	mov	r0, ip
20000a8a:	4338      	orrs	r0, r7
20000a8c:	0781      	lsls	r1, r0, #30
20000a8e:	d134      	bne.n	20000afa <prepare_ep_buffer+0xe2>
20000a90:	1f15      	subs	r5, r2, #4
20000a92:	08ad      	lsrs	r5, r5, #2
20000a94:	1c69      	adds	r1, r5, #1
20000a96:	4689      	mov	r9, r1
20000a98:	2000      	movs	r0, #0
20000a9a:	2400      	movs	r4, #0
20000a9c:	4661      	mov	r1, ip
20000a9e:	583d      	ldr	r5, [r7, r0]
20000aa0:	3401      	adds	r4, #1
20000aa2:	500d      	str	r5, [r1, r0]
20000aa4:	3004      	adds	r0, #4
20000aa6:	45a1      	cmp	r9, r4
20000aa8:	d8f8      	bhi.n	20000a9c <prepare_ep_buffer+0x84>
20000aaa:	4649      	mov	r1, r9
20000aac:	008d      	lsls	r5, r1, #2
20000aae:	4661      	mov	r1, ip
20000ab0:	194c      	adds	r4, r1, r5
20000ab2:	4641      	mov	r1, r8
20000ab4:	197f      	adds	r7, r7, r5
20000ab6:	1b48      	subs	r0, r1, r5
20000ab8:	42aa      	cmp	r2, r5
20000aba:	d009      	beq.n	20000ad0 <prepare_ep_buffer+0xb8>
20000abc:	783d      	ldrb	r5, [r7, #0]
20000abe:	7025      	strb	r5, [r4, #0]
20000ac0:	2800      	cmp	r0, #0
20000ac2:	d005      	beq.n	20000ad0 <prepare_ep_buffer+0xb8>
20000ac4:	787d      	ldrb	r5, [r7, #1]
20000ac6:	7065      	strb	r5, [r4, #1]
20000ac8:	2801      	cmp	r0, #1
20000aca:	d001      	beq.n	20000ad0 <prepare_ep_buffer+0xb8>
20000acc:	78b8      	ldrb	r0, [r7, #2]
20000ace:	70a0      	strb	r0, [r4, #2]
20000ad0:	691f      	ldr	r7, [r3, #16]
20000ad2:	8a9c      	ldrh	r4, [r3, #20]
20000ad4:	2080      	movs	r0, #128	; 0x80
20000ad6:	18ba      	adds	r2, r7, r2
20000ad8:	0200      	lsls	r0, r0, #8
20000ada:	611a      	str	r2, [r3, #16]
20000adc:	4330      	orrs	r0, r6
20000ade:	2c00      	cmp	r4, #0
20000ae0:	d102      	bne.n	20000ae8 <prepare_ep_buffer+0xd0>
20000ae2:	2380      	movs	r3, #128	; 0x80
20000ae4:	01db      	lsls	r3, r3, #7
20000ae6:	4318      	orrs	r0, r3
20000ae8:	4653      	mov	r3, sl
20000aea:	2b00      	cmp	r3, #0
20000aec:	d000      	beq.n	20000af0 <prepare_ep_buffer+0xd8>
20000aee:	0400      	lsls	r0, r0, #16
20000af0:	bce0      	pop	{r5, r6, r7}
20000af2:	46ba      	mov	sl, r7
20000af4:	46b1      	mov	r9, r6
20000af6:	46a8      	mov	r8, r5
20000af8:	bdf0      	pop	{r4, r5, r6, r7, pc}
20000afa:	2000      	movs	r0, #0
20000afc:	4661      	mov	r1, ip
20000afe:	5c3c      	ldrb	r4, [r7, r0]
20000b00:	540c      	strb	r4, [r1, r0]
20000b02:	3001      	adds	r0, #1
20000b04:	4282      	cmp	r2, r0
20000b06:	d1f9      	bne.n	20000afc <prepare_ep_buffer+0xe4>
20000b08:	e7e2      	b.n	20000ad0 <prepare_ep_buffer+0xb8>
20000b0a:	46c0      	nop			; (mov r8, r8)

20000b0c <sync_ep_buffer>:
20000b0c:	6882      	ldr	r2, [r0, #8]
20000b0e:	0003      	movs	r3, r0
20000b10:	b5f0      	push	{r4, r5, r6, r7, lr}
20000b12:	6810      	ldr	r0, [r2, #0]
20000b14:	2900      	cmp	r1, #0
20000b16:	d000      	beq.n	20000b1a <sync_ep_buffer+0xe>
20000b18:	0c00      	lsrs	r0, r0, #16
20000b1a:	785a      	ldrb	r2, [r3, #1]
20000b1c:	0580      	lsls	r0, r0, #22
20000b1e:	0d80      	lsrs	r0, r0, #22
20000b20:	2a00      	cmp	r2, #0
20000b22:	d108      	bne.n	20000b36 <sync_ep_buffer+0x2a>
20000b24:	8ada      	ldrh	r2, [r3, #22]
20000b26:	1882      	adds	r2, r0, r2
20000b28:	82da      	strh	r2, [r3, #22]
20000b2a:	8b1a      	ldrh	r2, [r3, #24]
20000b2c:	4282      	cmp	r2, r0
20000b2e:	d901      	bls.n	20000b34 <sync_ep_buffer+0x28>
20000b30:	2200      	movs	r2, #0
20000b32:	829a      	strh	r2, [r3, #20]
20000b34:	bdf0      	pop	{r4, r5, r6, r7, pc}
20000b36:	68da      	ldr	r2, [r3, #12]
20000b38:	0189      	lsls	r1, r1, #6
20000b3a:	1e45      	subs	r5, r0, #1
20000b3c:	46ac      	mov	ip, r5
20000b3e:	691c      	ldr	r4, [r3, #16]
20000b40:	1856      	adds	r6, r2, r1
20000b42:	2800      	cmp	r0, #0
20000b44:	d02e      	beq.n	20000ba4 <sync_ep_buffer+0x98>
20000b46:	3101      	adds	r1, #1
20000b48:	1851      	adds	r1, r2, r1
20000b4a:	0025      	movs	r5, r4
20000b4c:	2202      	movs	r2, #2
20000b4e:	1a61      	subs	r1, r4, r1
20000b50:	428a      	cmp	r2, r1
20000b52:	4189      	sbcs	r1, r1
20000b54:	4335      	orrs	r5, r6
20000b56:	3201      	adds	r2, #1
20000b58:	402a      	ands	r2, r5
20000b5a:	4255      	negs	r5, r2
20000b5c:	416a      	adcs	r2, r5
20000b5e:	4249      	negs	r1, r1
20000b60:	420a      	tst	r2, r1
20000b62:	d025      	beq.n	20000bb0 <sync_ep_buffer+0xa4>
20000b64:	4662      	mov	r2, ip
20000b66:	2a08      	cmp	r2, #8
20000b68:	d922      	bls.n	20000bb0 <sync_ep_buffer+0xa4>
20000b6a:	2200      	movs	r2, #0
20000b6c:	2100      	movs	r1, #0
20000b6e:	1f05      	subs	r5, r0, #4
20000b70:	08ad      	lsrs	r5, r5, #2
20000b72:	3501      	adds	r5, #1
20000b74:	58b7      	ldr	r7, [r6, r2]
20000b76:	3101      	adds	r1, #1
20000b78:	50a7      	str	r7, [r4, r2]
20000b7a:	3204      	adds	r2, #4
20000b7c:	428d      	cmp	r5, r1
20000b7e:	d8f9      	bhi.n	20000b74 <sync_ep_buffer+0x68>
20000b80:	4662      	mov	r2, ip
20000b82:	00ad      	lsls	r5, r5, #2
20000b84:	1976      	adds	r6, r6, r5
20000b86:	1964      	adds	r4, r4, r5
20000b88:	1b57      	subs	r7, r2, r5
20000b8a:	42a8      	cmp	r0, r5
20000b8c:	d009      	beq.n	20000ba2 <sync_ep_buffer+0x96>
20000b8e:	7832      	ldrb	r2, [r6, #0]
20000b90:	7022      	strb	r2, [r4, #0]
20000b92:	2f00      	cmp	r7, #0
20000b94:	d005      	beq.n	20000ba2 <sync_ep_buffer+0x96>
20000b96:	7872      	ldrb	r2, [r6, #1]
20000b98:	7062      	strb	r2, [r4, #1]
20000b9a:	2f01      	cmp	r7, #1
20000b9c:	d001      	beq.n	20000ba2 <sync_ep_buffer+0x96>
20000b9e:	78b2      	ldrb	r2, [r6, #2]
20000ba0:	70a2      	strb	r2, [r4, #2]
20000ba2:	691c      	ldr	r4, [r3, #16]
20000ba4:	8ada      	ldrh	r2, [r3, #22]
20000ba6:	1824      	adds	r4, r4, r0
20000ba8:	1882      	adds	r2, r0, r2
20000baa:	82da      	strh	r2, [r3, #22]
20000bac:	611c      	str	r4, [r3, #16]
20000bae:	e7bc      	b.n	20000b2a <sync_ep_buffer+0x1e>
20000bb0:	2200      	movs	r2, #0
20000bb2:	5cb1      	ldrb	r1, [r6, r2]
20000bb4:	54a1      	strb	r1, [r4, r2]
20000bb6:	3201      	adds	r2, #1
20000bb8:	4290      	cmp	r0, r2
20000bba:	d1fa      	bne.n	20000bb2 <sync_ep_buffer+0xa6>
20000bbc:	691c      	ldr	r4, [r3, #16]
20000bbe:	e7f1      	b.n	20000ba4 <sync_ep_buffer+0x98>

20000bc0 <_hw_endpoint_xfer_sync>:
20000bc0:	b510      	push	{r4, lr}
20000bc2:	0004      	movs	r4, r0
20000bc4:	6883      	ldr	r3, [r0, #8]
20000bc6:	2100      	movs	r1, #0
20000bc8:	681b      	ldr	r3, [r3, #0]
20000bca:	f7ff ff9f 	bl	20000b0c <sync_ep_buffer>
20000bce:	6863      	ldr	r3, [r4, #4]
20000bd0:	681b      	ldr	r3, [r3, #0]
20000bd2:	005b      	lsls	r3, r3, #1
20000bd4:	d502      	bpl.n	20000bdc <_hw_endpoint_xfer_sync+0x1c>
20000bd6:	8b23      	ldrh	r3, [r4, #24]
20000bd8:	4283      	cmp	r3, r0
20000bda:	d000      	beq.n	20000bde <_hw_endpoint_xfer_sync+0x1e>
20000bdc:	bd10      	pop	{r4, pc}
20000bde:	2101      	movs	r1, #1
20000be0:	0020      	movs	r0, r4
20000be2:	f7ff ff93 	bl	20000b0c <sync_ep_buffer>
20000be6:	e7f9      	b.n	20000bdc <_hw_endpoint_xfer_sync+0x1c>

20000be8 <e15_is_bulkin_ep>:
20000be8:	4a08      	ldr	r2, [pc, #32]	; (20000c0c <e15_is_bulkin_ep+0x24>)
20000bea:	0003      	movs	r3, r0
20000bec:	6c12      	ldr	r2, [r2, #64]	; 0x40
20000bee:	2000      	movs	r0, #0
20000bf0:	0792      	lsls	r2, r2, #30
20000bf2:	d403      	bmi.n	20000bfc <e15_is_bulkin_ep+0x14>
20000bf4:	789a      	ldrb	r2, [r3, #2]
20000bf6:	09d2      	lsrs	r2, r2, #7
20000bf8:	2a01      	cmp	r2, #1
20000bfa:	d000      	beq.n	20000bfe <e15_is_bulkin_ep+0x16>
20000bfc:	4770      	bx	lr
20000bfe:	7ed8      	ldrb	r0, [r3, #27]
20000c00:	3802      	subs	r0, #2
20000c02:	4243      	negs	r3, r0
20000c04:	4158      	adcs	r0, r3
20000c06:	b2c0      	uxtb	r0, r0
20000c08:	e7f8      	b.n	20000bfc <e15_is_bulkin_ep+0x14>
20000c0a:	46c0      	nop			; (mov r8, r8)
20000c0c:	50110000 	.word	0x50110000

20000c10 <e15_is_critical_frame_period>:
20000c10:	b510      	push	{r4, lr}
20000c12:	f7ff ffe9 	bl	20000be8 <e15_is_bulkin_ep>
20000c16:	2800      	cmp	r0, #0
20000c18:	d00c      	beq.n	20000c34 <e15_is_critical_frame_period+0x24>
20000c1a:	4907      	ldr	r1, [pc, #28]	; (20000c38 <e15_is_critical_frame_period+0x28>)
20000c1c:	4b07      	ldr	r3, [pc, #28]	; (20000c3c <e15_is_critical_frame_period+0x2c>)
20000c1e:	468c      	mov	ip, r1
20000c20:	4a07      	ldr	r2, [pc, #28]	; (20000c40 <e15_is_critical_frame_period+0x30>)
20000c22:	6a9b      	ldr	r3, [r3, #40]	; 0x28
20000c24:	6812      	ldr	r2, [r2, #0]
20000c26:	4463      	add	r3, ip
20000c28:	1a9b      	subs	r3, r3, r2
20000c2a:	2000      	movs	r0, #0
20000c2c:	22c6      	movs	r2, #198	; 0xc6
20000c2e:	429a      	cmp	r2, r3
20000c30:	4140      	adcs	r0, r0
20000c32:	b2c0      	uxtb	r0, r0
20000c34:	bd10      	pop	{r4, pc}
20000c36:	46c0      	nop			; (mov r8, r8)
20000c38:	fffffce0 	.word	0xfffffce0
20000c3c:	40054000 	.word	0x40054000
20000c40:	20001b30 	.word	0x20001b30

20000c44 <hw_endpoint_reset_transfer>:
20000c44:	2300      	movs	r3, #0
20000c46:	7683      	strb	r3, [r0, #26]
20000c48:	6143      	str	r3, [r0, #20]
20000c4a:	6103      	str	r3, [r0, #16]
20000c4c:	4770      	bx	lr
20000c4e:	46c0      	nop			; (mov r8, r8)

20000c50 <_hw_endpoint_buffer_control_update32>:
20000c50:	b510      	push	{r4, lr}
20000c52:	6883      	ldr	r3, [r0, #8]
20000c54:	2900      	cmp	r1, #0
20000c56:	d001      	beq.n	20000c5c <_hw_endpoint_buffer_control_update32+0xc>
20000c58:	681c      	ldr	r4, [r3, #0]
20000c5a:	4021      	ands	r1, r4
20000c5c:	2a00      	cmp	r2, #0
20000c5e:	d012      	beq.n	20000c86 <_hw_endpoint_buffer_control_update32+0x36>
20000c60:	2480      	movs	r4, #128	; 0x80
20000c62:	00e4      	lsls	r4, r4, #3
20000c64:	4311      	orrs	r1, r2
20000c66:	4222      	tst	r2, r4
20000c68:	d00d      	beq.n	20000c86 <_hw_endpoint_buffer_control_update32+0x36>
20000c6a:	681a      	ldr	r2, [r3, #0]
20000c6c:	4222      	tst	r2, r4
20000c6e:	d10c      	bne.n	20000c8a <_hw_endpoint_buffer_control_update32+0x3a>
20000c70:	4a08      	ldr	r2, [pc, #32]	; (20000c94 <_hw_endpoint_buffer_control_update32+0x44>)
20000c72:	400a      	ands	r2, r1
20000c74:	601a      	str	r2, [r3, #0]
20000c76:	4a08      	ldr	r2, [pc, #32]	; (20000c98 <_hw_endpoint_buffer_control_update32+0x48>)
20000c78:	6c12      	ldr	r2, [r2, #64]	; 0x40
20000c7a:	0792      	lsls	r2, r2, #30
20000c7c:	d403      	bmi.n	20000c86 <_hw_endpoint_buffer_control_update32+0x36>
20000c7e:	230c      	movs	r3, #12
20000c80:	3b03      	subs	r3, #3
20000c82:	d2fd      	bcs.n	20000c80 <_hw_endpoint_buffer_control_update32+0x30>
20000c84:	6883      	ldr	r3, [r0, #8]
20000c86:	6019      	str	r1, [r3, #0]
20000c88:	bd10      	pop	{r4, pc}
20000c8a:	7881      	ldrb	r1, [r0, #2]
20000c8c:	4803      	ldr	r0, [pc, #12]	; (20000c9c <_hw_endpoint_buffer_control_update32+0x4c>)
20000c8e:	f000 f987 	bl	20000fa0 <__panic_veneer>
20000c92:	46c0      	nop			; (mov r8, r8)
20000c94:	fffffbff 	.word	0xfffffbff
20000c98:	50110000 	.word	0x50110000
20000c9c:	1000497c 	.word	0x1000497c

20000ca0 <hw_endpoint_start_next_buffer>:
20000ca0:	6843      	ldr	r3, [r0, #4]
20000ca2:	b570      	push	{r4, r5, r6, lr}
20000ca4:	2100      	movs	r1, #0
20000ca6:	2580      	movs	r5, #128	; 0x80
20000ca8:	681e      	ldr	r6, [r3, #0]
20000caa:	0004      	movs	r4, r0
20000cac:	f7ff feb4 	bl	20000a18 <prepare_ep_buffer>
20000cb0:	4b13      	ldr	r3, [pc, #76]	; (20000d00 <hw_endpoint_start_next_buffer+0x60>)
20000cb2:	016d      	lsls	r5, r5, #5
20000cb4:	6c1b      	ldr	r3, [r3, #64]	; 0x40
20000cb6:	4305      	orrs	r5, r0
20000cb8:	079b      	lsls	r3, r3, #30
20000cba:	d50f      	bpl.n	20000cdc <hw_endpoint_start_next_buffer+0x3c>
20000cbc:	78a3      	ldrb	r3, [r4, #2]
20000cbe:	065b      	lsls	r3, r3, #25
20000cc0:	d00f      	beq.n	20000ce2 <hw_endpoint_start_next_buffer+0x42>
20000cc2:	4b10      	ldr	r3, [pc, #64]	; (20000d04 <hw_endpoint_start_next_buffer+0x64>)
20000cc4:	401e      	ands	r6, r3
20000cc6:	2380      	movs	r3, #128	; 0x80
20000cc8:	059b      	lsls	r3, r3, #22
20000cca:	4333      	orrs	r3, r6
20000ccc:	6862      	ldr	r2, [r4, #4]
20000cce:	2100      	movs	r1, #0
20000cd0:	6013      	str	r3, [r2, #0]
20000cd2:	0020      	movs	r0, r4
20000cd4:	002a      	movs	r2, r5
20000cd6:	f7ff ffbb 	bl	20000c50 <_hw_endpoint_buffer_control_update32>
20000cda:	bd70      	pop	{r4, r5, r6, pc}
20000cdc:	78a3      	ldrb	r3, [r4, #2]
20000cde:	09db      	lsrs	r3, r3, #7
20000ce0:	d0ef      	beq.n	20000cc2 <hw_endpoint_start_next_buffer+0x22>
20000ce2:	8aa3      	ldrh	r3, [r4, #20]
20000ce4:	2b00      	cmp	r3, #0
20000ce6:	d0ec      	beq.n	20000cc2 <hw_endpoint_start_next_buffer+0x22>
20000ce8:	2101      	movs	r1, #1
20000cea:	0020      	movs	r0, r4
20000cec:	f7ff fe94 	bl	20000a18 <prepare_ep_buffer>
20000cf0:	23a0      	movs	r3, #160	; 0xa0
20000cf2:	4a05      	ldr	r2, [pc, #20]	; (20000d08 <hw_endpoint_start_next_buffer+0x68>)
20000cf4:	05db      	lsls	r3, r3, #23
20000cf6:	4032      	ands	r2, r6
20000cf8:	4305      	orrs	r5, r0
20000cfa:	4313      	orrs	r3, r2
20000cfc:	e7e6      	b.n	20000ccc <hw_endpoint_start_next_buffer+0x2c>
20000cfe:	46c0      	nop			; (mov r8, r8)
20000d00:	50110000 	.word	0x50110000
20000d04:	afffffff 	.word	0xafffffff
20000d08:	dfffffff 	.word	0xdfffffff

20000d0c <hw_endpoint_xfer_continue>:
20000d0c:	b570      	push	{r4, r5, r6, lr}
20000d0e:	7e85      	ldrb	r5, [r0, #26]
20000d10:	0004      	movs	r4, r0
20000d12:	2d00      	cmp	r5, #0
20000d14:	d013      	beq.n	20000d3e <hw_endpoint_xfer_continue+0x32>
20000d16:	f7ff ff53 	bl	20000bc0 <_hw_endpoint_xfer_sync>
20000d1a:	8aa3      	ldrh	r3, [r4, #20]
20000d1c:	2b00      	cmp	r3, #0
20000d1e:	d101      	bne.n	20000d24 <hw_endpoint_xfer_continue+0x18>
20000d20:	0028      	movs	r0, r5
20000d22:	bd70      	pop	{r4, r5, r6, pc}
20000d24:	0020      	movs	r0, r4
20000d26:	f7ff ff73 	bl	20000c10 <e15_is_critical_frame_period>
20000d2a:	1e05      	subs	r5, r0, #0
20000d2c:	d003      	beq.n	20000d36 <hw_endpoint_xfer_continue+0x2a>
20000d2e:	2301      	movs	r3, #1
20000d30:	2500      	movs	r5, #0
20000d32:	7723      	strb	r3, [r4, #28]
20000d34:	e7f4      	b.n	20000d20 <hw_endpoint_xfer_continue+0x14>
20000d36:	0020      	movs	r0, r4
20000d38:	f7ff ffb2 	bl	20000ca0 <hw_endpoint_start_next_buffer>
20000d3c:	e7f0      	b.n	20000d20 <hw_endpoint_xfer_continue+0x14>
20000d3e:	7881      	ldrb	r1, [r0, #2]
20000d40:	4801      	ldr	r0, [pc, #4]	; (20000d48 <hw_endpoint_xfer_continue+0x3c>)
20000d42:	f000 f92d 	bl	20000fa0 <__panic_veneer>
20000d46:	46c0      	nop			; (mov r8, r8)
20000d48:	1000499c 	.word	0x1000499c

20000d4c <dcd_event_handler>:
20000d4c:	b5f0      	push	{r4, r5, r6, r7, lr}
20000d4e:	46ce      	mov	lr, r9
20000d50:	4647      	mov	r7, r8
20000d52:	b580      	push	{r7, lr}
20000d54:	7843      	ldrb	r3, [r0, #1]
20000d56:	0005      	movs	r5, r0
20000d58:	000e      	movs	r6, r1
20000d5a:	b085      	sub	sp, #20
20000d5c:	2b06      	cmp	r3, #6
20000d5e:	d812      	bhi.n	20000d86 <dcd_event_handler+0x3a>
20000d60:	4a6f      	ldr	r2, [pc, #444]	; (20000f20 <dcd_event_handler+0x1d4>)
20000d62:	009b      	lsls	r3, r3, #2
20000d64:	58d3      	ldr	r3, [r2, r3]
20000d66:	469f      	mov	pc, r3
20000d68:	2101      	movs	r1, #1
20000d6a:	4b6e      	ldr	r3, [pc, #440]	; (20000f24 <dcd_event_handler+0x1d8>)
20000d6c:	781a      	ldrb	r2, [r3, #0]
20000d6e:	438a      	bics	r2, r1
20000d70:	701a      	strb	r2, [r3, #0]
20000d72:	781a      	ldrb	r2, [r3, #0]
20000d74:	3101      	adds	r1, #1
20000d76:	438a      	bics	r2, r1
20000d78:	701a      	strb	r2, [r3, #0]
20000d7a:	2200      	movs	r2, #0
20000d7c:	705a      	strb	r2, [r3, #1]
20000d7e:	781a      	ldrb	r2, [r3, #0]
20000d80:	3102      	adds	r1, #2
20000d82:	438a      	bics	r2, r1
20000d84:	701a      	strb	r2, [r3, #0]
20000d86:	4b68      	ldr	r3, [pc, #416]	; (20000f28 <dcd_event_handler+0x1dc>)
20000d88:	681c      	ldr	r4, [r3, #0]
20000d8a:	6962      	ldr	r2, [r4, #20]
20000d8c:	f3ef 8110 	mrs	r1, PRIMASK
20000d90:	b672      	cpsid	i
20000d92:	6813      	ldr	r3, [r2, #0]
20000d94:	2b00      	cmp	r3, #0
20000d96:	d0fc      	beq.n	20000d92 <dcd_event_handler+0x46>
20000d98:	f3bf 8f5f 	dmb	sy
20000d9c:	61a1      	str	r1, [r4, #24]
20000d9e:	0020      	movs	r0, r4
20000da0:	0029      	movs	r1, r5
20000da2:	f000 f8dd 	bl	20000f60 <__tu_fifo_write_veneer>
20000da6:	6962      	ldr	r2, [r4, #20]
20000da8:	69a3      	ldr	r3, [r4, #24]
20000daa:	f3bf 8f5f 	dmb	sy
20000dae:	2100      	movs	r1, #0
20000db0:	6011      	str	r1, [r2, #0]
20000db2:	f383 8810 	msr	PRIMASK, r3
20000db6:	2800      	cmp	r0, #0
20000db8:	d104      	bne.n	20000dc4 <dcd_event_handler+0x78>
20000dba:	b005      	add	sp, #20
20000dbc:	bcc0      	pop	{r6, r7}
20000dbe:	46b9      	mov	r9, r7
20000dc0:	46b0      	mov	r8, r6
20000dc2:	bdf0      	pop	{r4, r5, r6, r7, pc}
20000dc4:	0032      	movs	r2, r6
20000dc6:	7869      	ldrb	r1, [r5, #1]
20000dc8:	7828      	ldrb	r0, [r5, #0]
20000dca:	f000 f8d1 	bl	20000f70 <__tud_event_hook_cb_veneer>
20000dce:	e7f4      	b.n	20000dba <dcd_event_handler+0x6e>
20000dd0:	4a56      	ldr	r2, [pc, #344]	; (20000f2c <dcd_event_handler+0x1e0>)
20000dd2:	7813      	ldrb	r3, [r2, #0]
20000dd4:	3301      	adds	r3, #1
20000dd6:	b2db      	uxtb	r3, r3
20000dd8:	7013      	strb	r3, [r2, #0]
20000dda:	e7d4      	b.n	20000d86 <dcd_event_handler+0x3a>
20000ddc:	4954      	ldr	r1, [pc, #336]	; (20000f30 <dcd_event_handler+0x1e4>)
20000dde:	4f55      	ldr	r7, [pc, #340]	; (20000f34 <dcd_event_handler+0x1e8>)
20000de0:	4689      	mov	r9, r1
20000de2:	4955      	ldr	r1, [pc, #340]	; (20000f38 <dcd_event_handler+0x1ec>)
20000de4:	2400      	movs	r4, #0
20000de6:	2300      	movs	r3, #0
20000de8:	4688      	mov	r8, r1
20000dea:	783a      	ldrb	r2, [r7, #0]
20000dec:	e00c      	b.n	20000e08 <dcd_event_handler+0xbc>
20000dee:	4641      	mov	r1, r8
20000df0:	6809      	ldr	r1, [r1, #0]
20000df2:	0163      	lsls	r3, r4, #5
20000df4:	468c      	mov	ip, r1
20000df6:	4463      	add	r3, ip
20000df8:	2b00      	cmp	r3, #0
20000dfa:	d10a      	bne.n	20000e12 <dcd_event_handler+0xc6>
20000dfc:	3401      	adds	r4, #1
20000dfe:	b2e4      	uxtb	r4, r4
20000e00:	1c51      	adds	r1, r2, #1
20000e02:	0023      	movs	r3, r4
20000e04:	42a1      	cmp	r1, r4
20000e06:	db11      	blt.n	20000e2c <dcd_event_handler+0xe0>
20000e08:	4294      	cmp	r4, r2
20000e0a:	d3f0      	bcc.n	20000dee <dcd_event_handler+0xa2>
20000e0c:	1a9b      	subs	r3, r3, r2
20000e0e:	015b      	lsls	r3, r3, #5
20000e10:	444b      	add	r3, r9
20000e12:	69db      	ldr	r3, [r3, #28]
20000e14:	2b00      	cmp	r3, #0
20000e16:	d0f1      	beq.n	20000dfc <dcd_event_handler+0xb0>
20000e18:	6869      	ldr	r1, [r5, #4]
20000e1a:	7828      	ldrb	r0, [r5, #0]
20000e1c:	4798      	blx	r3
20000e1e:	783a      	ldrb	r2, [r7, #0]
20000e20:	3401      	adds	r4, #1
20000e22:	b2e4      	uxtb	r4, r4
20000e24:	1c51      	adds	r1, r2, #1
20000e26:	0023      	movs	r3, r4
20000e28:	42a1      	cmp	r1, r4
20000e2a:	daed      	bge.n	20000e08 <dcd_event_handler+0xbc>
20000e2c:	4f3d      	ldr	r7, [pc, #244]	; (20000f24 <dcd_event_handler+0x1d8>)
20000e2e:	783b      	ldrb	r3, [r7, #0]
20000e30:	075b      	lsls	r3, r3, #29
20000e32:	d52a      	bpl.n	20000e8a <dcd_event_handler+0x13e>
20000e34:	2204      	movs	r2, #4
20000e36:	783b      	ldrb	r3, [r7, #0]
20000e38:	ac01      	add	r4, sp, #4
20000e3a:	4393      	bics	r3, r2
20000e3c:	2100      	movs	r1, #0
20000e3e:	0020      	movs	r0, r4
20000e40:	3208      	adds	r2, #8
20000e42:	703b      	strb	r3, [r7, #0]
20000e44:	f000 f87c 	bl	20000f40 <____wrap_memset_veneer>
20000e48:	782b      	ldrb	r3, [r5, #0]
20000e4a:	7023      	strb	r3, [r4, #0]
20000e4c:	2305      	movs	r3, #5
20000e4e:	7063      	strb	r3, [r4, #1]
20000e50:	4b35      	ldr	r3, [pc, #212]	; (20000f28 <dcd_event_handler+0x1dc>)
20000e52:	681b      	ldr	r3, [r3, #0]
20000e54:	4698      	mov	r8, r3
20000e56:	695a      	ldr	r2, [r3, #20]
20000e58:	f3ef 8110 	mrs	r1, PRIMASK
20000e5c:	b672      	cpsid	i
20000e5e:	6813      	ldr	r3, [r2, #0]
20000e60:	2b00      	cmp	r3, #0
20000e62:	d0fc      	beq.n	20000e5e <dcd_event_handler+0x112>
20000e64:	f3bf 8f5f 	dmb	sy
20000e68:	4643      	mov	r3, r8
20000e6a:	4640      	mov	r0, r8
20000e6c:	6199      	str	r1, [r3, #24]
20000e6e:	0021      	movs	r1, r4
20000e70:	f000 f876 	bl	20000f60 <__tu_fifo_write_veneer>
20000e74:	4643      	mov	r3, r8
20000e76:	695a      	ldr	r2, [r3, #20]
20000e78:	699b      	ldr	r3, [r3, #24]
20000e7a:	f3bf 8f5f 	dmb	sy
20000e7e:	2100      	movs	r1, #0
20000e80:	6011      	str	r1, [r2, #0]
20000e82:	f383 8810 	msr	PRIMASK, r3
20000e86:	2800      	cmp	r0, #0
20000e88:	d144      	bne.n	20000f14 <dcd_event_handler+0x1c8>
20000e8a:	78fb      	ldrb	r3, [r7, #3]
20000e8c:	07db      	lsls	r3, r3, #31
20000e8e:	d400      	bmi.n	20000e92 <dcd_event_handler+0x146>
20000e90:	e793      	b.n	20000dba <dcd_event_handler+0x6e>
20000e92:	ac01      	add	r4, sp, #4
20000e94:	220c      	movs	r2, #12
20000e96:	2100      	movs	r1, #0
20000e98:	0020      	movs	r0, r4
20000e9a:	f000 f851 	bl	20000f40 <____wrap_memset_veneer>
20000e9e:	782b      	ldrb	r3, [r5, #0]
20000ea0:	7023      	strb	r3, [r4, #0]
20000ea2:	2303      	movs	r3, #3
20000ea4:	7063      	strb	r3, [r4, #1]
20000ea6:	686b      	ldr	r3, [r5, #4]
20000ea8:	6063      	str	r3, [r4, #4]
20000eaa:	4b1f      	ldr	r3, [pc, #124]	; (20000f28 <dcd_event_handler+0x1dc>)
20000eac:	681d      	ldr	r5, [r3, #0]
20000eae:	696a      	ldr	r2, [r5, #20]
20000eb0:	f3ef 8110 	mrs	r1, PRIMASK
20000eb4:	b672      	cpsid	i
20000eb6:	6813      	ldr	r3, [r2, #0]
20000eb8:	2b00      	cmp	r3, #0
20000eba:	d0fc      	beq.n	20000eb6 <dcd_event_handler+0x16a>
20000ebc:	f3bf 8f5f 	dmb	sy
20000ec0:	61a9      	str	r1, [r5, #24]
20000ec2:	0028      	movs	r0, r5
20000ec4:	0021      	movs	r1, r4
20000ec6:	f000 f84b 	bl	20000f60 <__tu_fifo_write_veneer>
20000eca:	696a      	ldr	r2, [r5, #20]
20000ecc:	69ab      	ldr	r3, [r5, #24]
20000ece:	f3bf 8f5f 	dmb	sy
20000ed2:	2100      	movs	r1, #0
20000ed4:	6011      	str	r1, [r2, #0]
20000ed6:	f383 8810 	msr	PRIMASK, r3
20000eda:	2800      	cmp	r0, #0
20000edc:	d100      	bne.n	20000ee0 <dcd_event_handler+0x194>
20000ede:	e76c      	b.n	20000dba <dcd_event_handler+0x6e>
20000ee0:	0032      	movs	r2, r6
20000ee2:	7861      	ldrb	r1, [r4, #1]
20000ee4:	7820      	ldrb	r0, [r4, #0]
20000ee6:	f000 f843 	bl	20000f70 <__tud_event_hook_cb_veneer>
20000eea:	e766      	b.n	20000dba <dcd_event_handler+0x6e>
20000eec:	4b0d      	ldr	r3, [pc, #52]	; (20000f24 <dcd_event_handler+0x1d8>)
20000eee:	781a      	ldrb	r2, [r3, #0]
20000ef0:	07d2      	lsls	r2, r2, #31
20000ef2:	d400      	bmi.n	20000ef6 <dcd_event_handler+0x1aa>
20000ef4:	e761      	b.n	20000dba <dcd_event_handler+0x6e>
20000ef6:	2104      	movs	r1, #4
20000ef8:	781a      	ldrb	r2, [r3, #0]
20000efa:	430a      	orrs	r2, r1
20000efc:	701a      	strb	r2, [r3, #0]
20000efe:	e742      	b.n	20000d86 <dcd_event_handler+0x3a>
20000f00:	4b08      	ldr	r3, [pc, #32]	; (20000f24 <dcd_event_handler+0x1d8>)
20000f02:	781a      	ldrb	r2, [r3, #0]
20000f04:	07d2      	lsls	r2, r2, #31
20000f06:	d400      	bmi.n	20000f0a <dcd_event_handler+0x1be>
20000f08:	e757      	b.n	20000dba <dcd_event_handler+0x6e>
20000f0a:	2104      	movs	r1, #4
20000f0c:	781a      	ldrb	r2, [r3, #0]
20000f0e:	438a      	bics	r2, r1
20000f10:	701a      	strb	r2, [r3, #0]
20000f12:	e738      	b.n	20000d86 <dcd_event_handler+0x3a>
20000f14:	0032      	movs	r2, r6
20000f16:	7861      	ldrb	r1, [r4, #1]
20000f18:	7820      	ldrb	r0, [r4, #0]
20000f1a:	f000 f829 	bl	20000f70 <__tud_event_hook_cb_veneer>
20000f1e:	e7b4      	b.n	20000e8a <dcd_event_handler+0x13e>
20000f20:	10004a50 	.word	0x10004a50
20000f24:	200015e4 	.word	0x200015e4
20000f28:	2000163c 	.word	0x2000163c
20000f2c:	20001f87 	.word	0x20001f87
20000f30:	10004a6c 	.word	0x10004a6c
20000f34:	20001f85 	.word	0x20001f85
20000f38:	20001434 	.word	0x20001434

20000f3c <__aeabi_idiv0>:
20000f3c:	4770      	bx	lr
20000f3e:	46c0      	nop			; (mov r8, r8)

20000f40 <____wrap_memset_veneer>:
20000f40:	b401      	push	{r0}
20000f42:	4802      	ldr	r0, [pc, #8]	; (20000f4c <____wrap_memset_veneer+0xc>)
20000f44:	4684      	mov	ip, r0
20000f46:	bc01      	pop	{r0}
20000f48:	4760      	bx	ip
20000f4a:	bf00      	nop
20000f4c:	10001975 	.word	0x10001975

20000f50 <__rp2040_chip_version_veneer>:
20000f50:	b401      	push	{r0}
20000f52:	4802      	ldr	r0, [pc, #8]	; (20000f5c <__rp2040_chip_version_veneer+0xc>)
20000f54:	4684      	mov	ip, r0
20000f56:	bc01      	pop	{r0}
20000f58:	4760      	bx	ip
20000f5a:	bf00      	nop
20000f5c:	10000351 	.word	0x10000351

20000f60 <__tu_fifo_write_veneer>:
20000f60:	b401      	push	{r0}
20000f62:	4802      	ldr	r0, [pc, #8]	; (20000f6c <__tu_fifo_write_veneer+0xc>)
20000f64:	4684      	mov	ip, r0
20000f66:	bc01      	pop	{r0}
20000f68:	4760      	bx	ip
20000f6a:	bf00      	nop
20000f6c:	100042bd 	.word	0x100042bd

20000f70 <__tud_event_hook_cb_veneer>:
20000f70:	b401      	push	{r0}
20000f72:	4802      	ldr	r0, [pc, #8]	; (20000f7c <__tud_event_hook_cb_veneer+0xc>)
20000f74:	4684      	mov	ip, r0
20000f76:	bc01      	pop	{r0}
20000f78:	4760      	bx	ip
20000f7a:	bf00      	nop
20000f7c:	10002835 	.word	0x10002835

20000f80 <____wrap___aeabi_lmul_veneer>:
20000f80:	b401      	push	{r0}
20000f82:	4802      	ldr	r0, [pc, #8]	; (20000f8c <____wrap___aeabi_lmul_veneer+0xc>)
20000f84:	4684      	mov	ip, r0
20000f86:	bc01      	pop	{r0}
20000f88:	4760      	bx	ip
20000f8a:	bf00      	nop
20000f8c:	100018a1 	.word	0x100018a1

20000f90 <__best_effort_wfe_or_timeout_veneer>:
20000f90:	b401      	push	{r0}
20000f92:	4802      	ldr	r0, [pc, #8]	; (20000f9c <__best_effort_wfe_or_timeout_veneer+0xc>)
20000f94:	4684      	mov	ip, r0
20000f96:	bc01      	pop	{r0}
20000f98:	4760      	bx	ip
20000f9a:	bf00      	nop
20000f9c:	1000103d 	.word	0x1000103d

20000fa0 <__panic_veneer>:
20000fa0:	b401      	push	{r0}
20000fa2:	4802      	ldr	r0, [pc, #8]	; (20000fac <__panic_veneer+0xc>)
20000fa4:	4684      	mov	ip, r0
20000fa6:	bc01      	pop	{r0}
20000fa8:	4760      	bx	ip
20000faa:	bf00      	nop
20000fac:	1000035d 	.word	0x1000035d

20000fb0 <__time_us_64_veneer>:
20000fb0:	b401      	push	{r0}
20000fb2:	4802      	ldr	r0, [pc, #8]	; (20000fbc <__time_us_64_veneer+0xc>)
20000fb4:	4684      	mov	ip, r0
20000fb6:	bc01      	pop	{r0}
20000fb8:	4760      	bx	ip
20000fba:	bf00      	nop
20000fbc:	1000115d 	.word	0x1000115d

20000fc0 <striped_spin_lock_num>:
20000fc0:	00000010                                ....

20000fc4 <irq_handler_chain_slots>:
20000fc4:	00000000 	.word	0x00000000
20000fc8:	00010000 	.word	0x00010000
	...
20000fd4:	00020000 	.word	0x00020000
	...
20000fe0:	00030000 	.word	0x00030000
	...
20000fec:	00ff0000 	.word	0x00ff0000
20000ff0:	00000000 	.word	0x00000000

20000ff4 <irq_handler_chain_first_slot>:
20000ff4:	b501      	push	{r0, lr}
20000ff6:	6848      	ldr	r0, [r1, #4]
20000ff8:	3101      	adds	r1, #1
20000ffa:	468e      	mov	lr, r1
20000ffc:	4700      	bx	r0

20000ffe <irq_handler_chain_remove_tail>:
20000ffe:	4670      	mov	r0, lr
20001000:	3809      	subs	r0, #9
20001002:	4901      	ldr	r1, [pc, #4]	; (20001008 <irq_handler_chain_remove_tail+0xa>)
20001004:	4788      	blx	r1
20001006:	bd01      	pop	{r0, pc}
20001008:	10000791 	.word	0x10000791

2000100c <default_alarm_pool>:
	...
20001020:	20001090 00000000 00000000 00000000     ... ............

20001030 <aeabi_bits_funcs>:
20001030:	00003350 	.word	0x00003350
20001034:	0000334c 	.word	0x0000334c
20001038:	00003354 	.word	0x00003354
2000103c:	00003352 	.word	0x00003352

20001040 <aeabi_bits_funcs_end>:
20001040:	0000534d 	.word	0x0000534d
20001044:	0000434d 	.word	0x0000434d
20001048:	00003453 	.word	0x00003453
2000104c:	00003443 	.word	0x00003443

20001050 <stdio_usb>:
20001050:	10001fdd 10001f8d 10001efd 10001e75     ............u...
20001060:	00000000 00000100                       ........

20001068 <_usbd_qdef>:
20001068:	20001640 000c0010 00000000 00000000     @.. ............
	...

20001084 <_usbd_rhport>:
20001084:	000000ff                                ....

20001088 <print_mutex>:
	...
